id,sexe,age,diplome,annees_etudes,experience,secteur,csp,temps_travail,heures_hebdo,anciennete,salaire_net_mensuel
3533,Femme,35,Bac+5 ou plus,17,12,Industrie,Cadre,Temps complet,40.3,12,4473.0
3594,Femme,46,Baccalauréat,12,28,Enseignement,Employé,Temps complet,34.0,8,1652.0
1904,Homme,35,Bac+3/4,15,14,Services aux particuliers,Employé,Temps partiel,22.2,8,862.0
2786,Homme,58,Bac+2,14,38,Administration publique,Profession intermédiaire,Temps complet,42.4,21,4937.0
3848,Femme,26,Aucun diplôme,7,13,Services aux particuliers,Ouvrier,Temps partiel,25.2,9,706.0
4009,Homme,29,Aucun diplôme,7,16,Commerce,Ouvrier,Temps complet,38.7,7,1857.0
1519,Homme,21,CAP-BEP,10,5,Construction,Ouvrier,Temps complet,35.3,4,2021.0
1006,Homme,37,Baccalauréat,12,19,Commerce,Employé,Temps complet,38.5,19,1752.0
942,Homme,26,Bac+5 ou plus,17,3,Industrie,Cadre,Temps complet,34.5,3,4365.0
1343,Femme,26,Bac+3/4,15,5,Santé - action sociale,Employé,Temps partiel,28.8,5,928.0
4611,Homme,51,Baccalauréat,12,33,Enseignement,Employé,Temps complet,35.9,15,
2601,F,37,Baccalauréat,12,19,Santé - action sociale,Employé,Temps complet,39.0,12,2790.0
1984,Femme,28,Baccalauréat,12,10,Services aux particuliers,Employé,Temps partiel,18.7,3,700.0
1428,Homme,31,Aucun diplôme,7,18,Administration publique,Ouvrier,Temps complet,36.7,3,1113.0
1081,Femme,27,CAP-BEP,10,11,Industrie,Ouvrier,Temps complet,37.2,11,2332.0
1218,Homme,29,Baccalauréat,12,11,Services aux entreprises,Employé,Temps complet,36.3,3,2192.0
2293,Femme,23,Baccalauréat,12,5,Administration publique,Employé,Temps complet,37.3,3,2168.0
365,Femme,38,CAP-BEP,10,22,Construction,Ouvrier,Temps complet,34.2,3,882.0
3304,Homme,34,Baccalauréat,12,16,Enseignement,Employé,Temps complet,34.0,9,3099.0
3148,Homme,37,CAP-BEP,10,21,Commerce,Ouvrier,Temps complet,34.0,2,1243.0
4569,Femme,30,Baccalauréat,12,12,Commerce,Employé,Temps complet,38.0,11,1067.0
2009,Femme,26,CAP-BEP,10,10,Industrie,Ouvrier,Temps complet,35.1,10,1937.0
2562,Homme,30,Bac+2,14,10,Construction,Employé,Temps complet,37.6,5,
2255,Femme,41,Bac+5 ou plus,17,18,Services aux entreprises,Profession intermédiaire,Temps partiel,20.4,2,1784.0
4168,Femme,29,Bac+5 ou plus,17,6,Administration publique,Cadre,Temps complet,39.2,6,4277.0
3831,Homme,31,Bac+3/4,15,10,Services aux entreprises,Employé,Temps complet,34.0,9,1947.0
2578,Femme,24,Baccalauréat,12,6,Services aux entreprises,Employé,Temps partiel,26.1,6,1239.0
1518,Homme,39,Bac+2,14,19,Enseignement,Employé,Temps complet,34.0,5,2082.0
448,Femme,50,Bac+2,14,30,Enseignement,Employé,Temps complet,37.4,2,1976.0
3207,Homme,48,Bac+3/4,15,27,Services aux particuliers,Profession intermédiaire,Temps complet,36.7,6,2888.0
698,Femme,21,Aucun diplôme,7,8,Services aux entreprises,Ouvrier,Temps complet,36.0,2,1027.0
4372,Homme,30,CAP-BEP,10,14,Administration publique,Ouvrier,Temps complet,38.6,6,1993.0
4255,Homme,36,Bac+5 ou plus,17,13,Commerce,Profession intermédiaire,Temps complet,36.6,7,3091.0
3515,H,35,Aucun diplôme,7,22,Santé - action sociale,Ouvrier,Temps partiel,21.3,12,700.0
32,Femme,41,Bac+3/4,15,20,Commerce,Employé,Temps partiel,20.5,1,1143.0
274,Homme,40,Bac+2,14,20,Industrie,Profession intermédiaire,Temps complet,34.0,7,2442.0
4285,Homme,39,Baccalauréat,12,21,Administration publique,Employé,Temps complet,36.5,13,2459.0
4204,Homme,32,Bac+5 ou plus,17,9,Santé - action sociale,Cadre,Temps complet,34.0,9,4444.0
1481,Femme,30,CAP-BEP,10,14,Commerce,Ouvrier,Temps complet,38.2,8,1213.0
1569,Femme,22,CAP-BEP,10,6,Industrie,Ouvrier,Temps complet,36.3,5,2224.0
1677,Homme,31,Bac+2,14,11,Administration publique,Employé,Temps complet,37.6,4,1073.0
3939,F,36,Bac+2,14,16,Santé - action sociale,Profession intermédiaire,Temps complet,36.1,7,2633.0
2032,Homme,25,Baccalauréat,12,7,Enseignement,Employé,Temps complet,36.5,7,1010.0
2396,H,34,CAP-BEP,10,18,Services aux particuliers,Ouvrier,Temps partiel,21.6,9,839.0
3977,Homme,21,CAP-BEP,10,5,Commerce,Ouvrier,Temps complet,36.9,2,1551.0
4525,Homme,31,Bac+5 ou plus,17,8,Santé - action sociale,Profession intermédiaire,Temps complet,34.5,7,2956.0
492,Homme,39,Bac+2,14,19,Santé - action sociale,Profession intermédiaire,Temps complet,36.9,12,3153.0
4764,Homme,46,Bac+2,14,26,Industrie,Employé,Temps complet,34.0,8,1922.0
1917,H,32,Baccalauréat,12,14,Services aux particuliers,Employé,Temps partiel,26.5,2,700.0
1246,Femme,30,Bac+2,14,10,Construction,Profession intermédiaire,Temps partiel,18.0,3,1440.0
595,Femme,19,Aucun diplôme,7,6,Services aux entreprises,Ouvrier,Temps complet,34.9,4,1064.0
1255,Femme,41,Bac+2,14,21,Services aux entreprises,Employé,Temps partiel,24.6,8,1665.0
1138,Femme,29,Bac+5 ou plus,17,6,Commerce,Employé,Temps complet,40.0,4,1626.0
4101,Femme,33,Bac+3/4,15,12,Commerce,Cadre,Temps complet,35.6,12,3266.0
932,Homme,32,Bac+5 ou plus,17,9,Construction,Cadre,Temps complet,34.3,9,3272.0
3159,Homme,45,Bac+5 ou plus,17,22,Services aux entreprises,Cadre,Temps complet,37.2,1,4470.0
2747,Femme,20,CAP-BEP,10,4,Services aux particuliers,Ouvrier,Temps complet,34.0,3,1176.0
4927,Homme,46,Baccalauréat,12,28,Commerce,Employé,Temps partiel,15.3,21,735.0
4642,Homme,26,Bac+3/4,15,5,Santé - action sociale,Employé,Temps complet,36.2,5,1897.0
4539,Femme,25,Baccalauréat,12,7,Administration publique,Employé,Temps partiel,15.7,3,
1814,Femme,28,CAP-BEP,10,12,Commerce,Ouvrier,Temps complet,42.0,0,1622.0
537,F,30,CAP-BEP,10,14,Services aux particuliers,Ouvrier,Temps complet,36.4,14,1324.0
2908,Homme,30,CAP-BEP,10,14,Santé - action sociale,Ouvrier,Temps complet,38.5,1,2258.0
2519,Homme,42,CAP-BEP,10,26,Services aux particuliers,Ouvrier,Temps partiel,18.5,8,758.0
2954,Homme,31,Aucun diplôme,7,18,Services aux particuliers,Ouvrier,Temps complet,37.4,16,1131.0
1205,Femme,27,Baccalauréat,12,9,Commerce,Employé,Temps complet,34.8,1,
2134,Femme,33,Bac+5 ou plus,17,10,Commerce,Employé,Temps complet,36.2,4,1829.0
1911,Homme,26,CAP-BEP,10,10,Commerce,Ouvrier,Temps partiel,20.4,8,902.0
715,Femme,51,Aucun diplôme,7,38,Industrie,Ouvrier,Temps complet,38.5,5,2230.0
2887,Homme,21,Aucun diplôme,7,8,Services aux entreprises,Ouvrier,Temps partiel,16.9,8,700.0
4759,Femme,34,Bac+2,14,14,Commerce,Employé,Temps complet,38.9,14,1329.0
4136,Femme,24,CAP-BEP,10,8,Services aux particuliers,Ouvrier,Temps complet,38.6,8,1993.0
4674,Femme,40,Bac+3/4,15,19,Santé - action sociale,Profession intermédiaire,Temps complet,38.6,15,3188.0
4047,Homme,31,Bac+2,14,11,Administration publique,Profession intermédiaire,Temps complet,34.0,11,2897.0
1374,Homme,37,CAP-BEP,10,21,Commerce,Ouvrier,Temps complet,35.9,7,1232.0
1803,Homme,42,Baccalauréat,12,24,Services aux particuliers,Employé,Temps partiel,23.6,5,1417.0
1096,H,40,Baccalauréat,12,22,Services aux entreprises,Employé,Temps complet,39.9,13,2114.0
3206,Femme,40,Bac+3/4,15,19,Santé - action sociale,Profession intermédiaire,Temps partiel,31.8,4,2442.0
1802,Homme,38,CAP-BEP,10,22,Administration publique,Employé,Temps partiel,24.6,2,1706.0
4722,Homme,21,Aucun diplôme,7,8,Services aux particuliers,Ouvrier,Temps complet,38.0,8,1224.0
1587,Homme,52,Bac+5 ou plus,17,29,Commerce,Cadre,Temps complet,39.2,8,3994.0
2788,Femme,32,Aucun diplôme,7,19,Enseignement,Ouvrier,Temps complet,38.7,5,1208.0
3928,Homme,44,Bac+2,14,24,Enseignement,Profession intermédiaire,Temps complet,34.9,7,3550.0
271,Femme,23,CAP-BEP,10,7,Industrie,Ouvrier,Temps complet,34.0,7,1470.0
4668,Femme,41,Bac+2,14,21,Commerce,Profession intermédiaire,Temps complet,34.0,7,2674.0
830,Femme,33,Baccalauréat,12,15,Commerce,Employé,Temps complet,35.0,6,1602.0
4863,Homme,27,Aucun diplôme,7,14,Services aux entreprises,Ouvrier,Temps complet,35.8,7,1926.0
4295,Femme,48,Aucun diplôme,7,35,Services aux entreprises,Employé,Temps partiel,18.8,9,1236.0
132,Femme,41,Bac+5 ou plus,17,18,Santé - action sociale,Cadre,Temps partiel,22.2,13,2810.0
632,Homme,24,CAP-BEP,10,8,Administration publique,Ouvrier,Temps complet,34.0,4,1448.0
1864,Femme,48,Bac+5 ou plus,17,25,Construction,Employé,Temps complet,34.0,6,1798.0
1220,Homme,36,Bac+5 ou plus,17,13,Administration publique,Profession intermédiaire,Temps complet,34.9,7,2563.0
2315,Femme,28,Bac+3/4,15,7,Services aux entreprises,Employé,Temps complet,38.1,7,1245.0
1848,Femme,32,Bac+5 ou plus,17,9,Industrie,Employé,Temps complet,38.7,8,2355.0
818,Femme,33,Baccalauréat,12,15,Industrie,Employé,Temps complet,39.0,4,3877.0
4319,Homme,37,Bac+3/4,15,16,Administration publique,Profession intermédiaire,Temps complet,39.0,5,3036.0
2005,Femme,30,Bac+3/4,15,9,Santé - action sociale,Cadre,Temps complet,38.0,3,5173.0
3798,F,52,Bac+3/4,15,31,Santé - action sociale,Employé,Temps partiel,25.7,2,999.0
1279,Femme,22,Baccalauréat,12,4,Services aux entreprises,Employé,Temps partiel,25.0,4,1163.0
4151,Femme,26,Bac+3/4,15,5,Services aux particuliers,Employé,Temps complet,34.0,5,2189.0
4687,Femme,31,Baccalauréat,12,13,Santé - action sociale,Employé,Temps complet,35.0,10,1138.0
1914,Homme,34,CAP-BEP,10,18,Industrie,Employé,Temps complet,38.2,3,2905.0
3413,Femme,28,Bac+2,14,8,Services aux particuliers,Employé,Temps partiel,27.0,8,1665.0
4700,Femme,39,Bac+2,14,19,Administration publique,Employé,Temps complet,37.7,16,2110.0
4279,Homme,25,Baccalauréat,12,7,Services aux entreprises,Employé,Temps complet,35.8,7,1964.0
4202,Homme,24,Baccalauréat,12,6,Services aux particuliers,Employé,Temps complet,35.5,6,
4475,Femme,34,Bac+2,14,14,Enseignement,Profession intermédiaire,Temps complet,34.0,14,3110.0
37,Homme,43,Bac+2,14,23,Services aux particuliers,Profession intermédiaire,Temps partiel,24.9,5,2826.0
3054,Homme,28,Bac+2,14,8,Administration publique,Employé,Temps partiel,21.4,8,1055.0
996,Homme,27,Bac+3/4,15,6,Commerce,Employé,Temps complet,37.1,5,2205.0
1719,Homme,28,CAP-BEP,10,12,Services aux particuliers,Employé,Temps complet,37.6,12,2449.0
900,Femme,30,CAP-BEP,10,14,Construction,Ouvrier,Temps partiel,22.1,9,1181.0
2912,H,24,Bac+2,14,4,Construction,Employé,Temps complet,34.0,1,1466.0
3717,Homme,35,Bac+5 ou plus,17,12,Administration publique,Cadre,Temps complet,36.6,3,3493.0
3008,Femme,44,Baccalauréat,12,26,Commerce,Employé,Temps complet,36.3,6,1708.0
3062,Homme,23,Baccalauréat,12,5,Santé - action sociale,Employé,Temps complet,39.6,5,1732.0
577,Homme,25,CAP-BEP,10,9,Services aux particuliers,Ouvrier,Temps complet,34.1,4,1452.0
390,Femme,31,Bac+3/4,15,10,Services aux particuliers,Employé,Temps partiel,16.0,10,937.0
1315,Femme,37,Bac+5 ou plus,17,14,Services aux entreprises,Profession intermédiaire,Temps complet,38.9,1,3278.0
4773,Homme,31,Bac+3/4,15,10,Santé - action sociale,Employé,Temps partiel,22.9,4,1468.0
1167,Femme,54,CAP-BEP,10,38,Services aux entreprises,Ouvrier,Temps complet,36.8,23,1513.0
82,H,35,Bac+5 ou plus,17,12,Santé - action sociale,Employé,Temps partiel,21.9,10,1198.0
3050,Femme,34,Baccalauréat,12,16,Commerce,Employé,Temps complet,38.7,16,2301.0
4691,Femme,25,CAP-BEP,10,9,Industrie,Ouvrier,Temps complet,40.6,5,1999.0
749,Homme,21,Baccalauréat,12,3,Services aux entreprises,Employé,Temps complet,39.3,3,3101.0
3017,Homme,32,CAP-BEP,10,16,Santé - action sociale,Ouvrier,Temps complet,36.4,3,1356.0
709,Femme,32,Bac+2,14,12,Santé - action sociale,Profession intermédiaire,Temps complet,36.0,4,2763.0
4197,Femme,25,CAP-BEP,10,9,Services aux entreprises,Ouvrier,Temps complet,36.6,8,1863.0
1595,Homme,29,CAP-BEP,10,13,Commerce,Employé,Temps complet,38.1,1,2648.0
1898,Femme,32,Bac+3/4,15,11,Services aux entreprises,Employé,Temps partiel,24.8,11,1261.0
2215,Homme,28,Bac+5 ou plus,17,5,Services aux particuliers,Profession intermédiaire,Temps complet,36.9,4,2804.0
2167,Homme,25,Bac+2,14,5,Santé - action sociale,Employé,Temps complet,35.2,4,
3935,Homme,17,Aucun diplôme,7,4,Construction,Ouvrier,Temps complet,34.1,4,797.0
3875,Femme,27,Bac+2,14,7,Commerce,Employé,Temps partiel,21.5,7,1040.0
907,Homme,37,Bac+3/4,15,16,Commerce,Cadre,Temps complet,34.0,6,3310.0
4002,Homme,32,Bac+5 ou plus,17,9,Santé - action sociale,Profession intermédiaire,Temps complet,37.6,6,2929.0
2282,F,27,Baccalauréat,12,9,Commerce,Employé,Temps partiel,21.7,7,944.0
4543,Homme,19,CAP-BEP,10,3,Industrie,Ouvrier,Temps complet,39.3,3,1675.0
1030,Femme,32,Baccalauréat,12,14,Services aux entreprises,Employé,Temps complet,34.9,3,2242.0
4278,Homme,27,Baccalauréat,12,9,Santé - action sociale,Employé,Temps complet,39.8,9,2574.0
2518,Homme,46,Bac+3/4,15,25,Services aux entreprises,Profession intermédiaire,Temps complet,35.6,23,2747.0
4643,Homme,30,Bac+2,14,10,Services aux particuliers,Profession intermédiaire,Temps complet,37.7,2,2667.0
3377,Homme,29,Bac+3/4,15,8,Administration publique,Profession intermédiaire,Temps complet,35.6,3,3032.0
4401,Femme,24,Aucun diplôme,7,11,Services aux entreprises,Ouvrier,Temps complet,39.3,8,1309.0
452,Femme,26,Bac+2,14,6,Enseignement,Profession intermédiaire,Temps partiel,17.5,5,1451.0
1571,F,33,CAP-BEP,10,17,Enseignement,Ouvrier,Temps complet,35.4,2,1441.0
4140,F,31,CAP-BEP,10,15,Commerce,Ouvrier,Temps complet,37.1,1,1412.0
2457,Homme,59,Bac+3/4,15,38,Enseignement,Profession intermédiaire,Temps complet,35.3,7,2952.0
126,Homme,34,Bac+2,14,14,Industrie,Profession intermédiaire,Temps complet,35.7,7,2516.0
422,Femme,43,Bac+5 ou plus,17,20,Commerce,Cadre,Temps complet,34.7,8,3518.0
943,H,35,Bac+3/4,15,14,Services aux entreprises,Employé,Temps complet,34.3,14,2079.0
2802,Femme,28,CAP-BEP,10,12,Services aux entreprises,Ouvrier,Temps complet,36.1,12,2059.0
807,Femme,35,Bac+5 ou plus,17,12,Services aux particuliers,Profession intermédiaire,Temps partiel,18.8,3,
1757,Homme,22,CAP-BEP,10,6,Services aux particuliers,Ouvrier,Temps complet,36.6,6,1307.0
4510,Homme,28,CAP-BEP,10,12,Administration publique,Ouvrier,Temps complet,36.5,3,2097.0
1496,Homme,47,Aucun diplôme,7,34,Services aux entreprises,Ouvrier,Temps complet,35.4,7,1938.0
2973,Homme,26,Bac+3/4,15,5,Enseignement,Employé,Temps partiel,24.3,3,1625.0
3983,Femme,21,CAP-BEP,10,5,Services aux entreprises,Ouvrier,Temps complet,35.7,2,1129.0
3998,Femme,43,Bac+3/4,15,22,Services aux entreprises,Employé,Temps complet,36.3,10,1749.0
3522,Homme,36,Baccalauréat,12,18,Enseignement,Employé,Temps complet,34.0,4,2455.0
3200,Femme,30,Baccalauréat,12,12,Services aux entreprises,Employé,Temps complet,36.0,3,1119.0
4501,H,29,Aucun diplôme,7,16,Santé - action sociale,Ouvrier,Temps complet,40.5,2,1418.0
758,Homme,30,Bac+2,14,10,Commerce,Employé,Temps complet,36.6,9,2325.0
3231,Homme,22,Aucun diplôme,7,9,Santé - action sociale,Ouvrier,Temps complet,34.8,8,
1650,Homme,22,CAP-BEP,10,6,Administration publique,Ouvrier,Temps complet,34.9,6,1954.0
3595,Femme,34,CAP-BEP,10,18,Commerce,Employé,Temps complet,37.6,6,3858.0
2241,Femme,41,Bac+2,14,21,Services aux entreprises,Employé,Temps complet,35.6,5,1912.0
1059,Homme,35,CAP-BEP,10,19,Commerce,Ouvrier,Temps complet,35.9,9,1646.0
2773,Homme,34,CAP-BEP,10,18,Services aux particuliers,Employé,Temps complet,36.0,5,2268.0
3457,Femme,27,Baccalauréat,12,9,Administration publique,Employé,Temps complet,35.6,4,
2424,Femme,36,Bac+5 ou plus,17,13,Construction,Employé,Temps complet,38.0,4,1682.0
1756,Homme,28,Bac+2,14,8,Commerce,Employé,Temps complet,39.3,0,2087.0
3482,Femme,36,Bac+5 ou plus,17,13,Industrie,Employé,Temps complet,37.0,1,1199.0
1856,Homme,33,Bac+2,14,13,Services aux particuliers,Employé,Temps complet,35.1,13,2028.0
4637,Femme,36,Bac+5 ou plus,17,13,Services aux entreprises,Cadre,Temps partiel,14.5,11,2135.0
3634,Homme,47,Bac+5 ou plus,17,24,Santé - action sociale,Cadre,Temps complet,38.5,4,3846.0
196,Femme,42,Bac+2,14,22,Services aux particuliers,Employé,Temps partiel,27.9,2,1808.0
1944,Femme,41,Bac+5 ou plus,17,18,Industrie,Profession intermédiaire,Temps complet,36.7,16,
4796,Homme,47,CAP-BEP,10,31,Services aux particuliers,Employé,Temps complet,39.8,1,2932.0
2273,Femme,34,Bac+5 ou plus,17,11,Commerce,Employé,Temps complet,36.0,10,2358.0
4823,F,34,Bac+2,14,14,Administration publique,Employé,Temps partiel,21.2,7,971.0
75,Femme,33,Bac+2,14,13,Services aux entreprises,Profession intermédiaire,Temps partiel,24.1,12,2025.0
3058,Homme,22,Aucun diplôme,7,9,Services aux particuliers,Ouvrier,Temps partiel,25.4,5,796.0
1633,Femme,26,Aucun diplôme,7,13,Services aux particuliers,Ouvrier,Temps complet,34.7,5,758.0
1222,Homme,41,Bac+5 ou plus,17,18,Santé - action sociale,Profession intermédiaire,Temps complet,35.6,1,2721.0
454,Femme,24,Aucun diplôme,7,11,Industrie,Ouvrier,Temps complet,34.0,5,996.0
2218,Femme,32,Baccalauréat,12,14,Services aux entreprises,Employé,Temps complet,38.9,7,1649.0
2901,Femme,51,CAP-BEP,10,35,Services aux particuliers,Ouvrier,Temps partiel,21.5,3,983.0
1436,Homme,23,CAP-BEP,10,7,Construction,Ouvrier,Temps complet,39.3,7,2015.0
2469,Femme,24,Baccalauréat,12,6,Commerce,Employé,Temps complet,35.5,6,1661.0
353,Femme,30,Bac+3/4,15,9,Construction,Employé,Temps partiel,21.6,5,1442.0
1630,Homme,49,Baccalauréat,12,31,Enseignement,Employé,Temps partiel,24.0,12,1444.0
2030,Femme,33,Bac+3/4,15,12,Commerce,Employé,Temps complet,36.6,9,1708.0
3071,Homme,45,Bac+3/4,15,24,Services aux particuliers,Cadre,Temps partiel,29.0,13,2706.0
754,Femme,30,Bac+3/4,15,9,Industrie,Profession intermédiaire,Temps partiel,22.1,2,2014.0
2611,Femme,23,Baccalauréat,12,5,Services aux entreprises,Employé,Temps complet,35.4,4,2037.0
4386,Homme,21,Aucun diplôme,7,8,Santé - action sociale,Ouvrier,Temps complet,34.4,2,1793.0
889,Homme,37,Bac+2,14,17,Santé - action sociale,Profession intermédiaire,Temps complet,35.7,9,3940.0
937,Femme,35,Bac+2,14,15,Santé - action sociale,Employé,Temps partiel,18.3,5,1198.0
4377,Femme,32,Bac+3/4,15,11,Commerce,Employé,Temps partiel,18.0,8,724.0
2394,Femme,19,CAP-BEP,10,3,Services aux entreprises,Ouvrier,Temps partiel,22.7,3,1223.0
202,Femme,40,Bac+5 ou plus,17,17,Administration publique,Employé,Temps complet,39.0,6,
1619,Homme,30,Bac+2,14,10,Industrie,Profession intermédiaire,Temps complet,36.2,4,2828.0
3635,Femme,25,Bac+3/4,15,4,Administration publique,Employé,Temps complet,42.8,4,1974.0
2356,Homme,42,Baccalauréat,12,24,Services aux particuliers,Employé,Temps complet,36.8,9,2643.0
2612,H,37,Baccalauréat,12,19,Services aux entreprises,Employé,Temps complet,36.1,13,2908.0
3698,Femme,20,Aucun diplôme,7,7,Santé - action sociale,Ouvrier,Temps partiel,19.6,7,700.0
4558,Homme,38,Bac+2,14,18,Industrie,Profession intermédiaire,Temps complet,38.4,10,4593.0
4772,Homme,21,CAP-BEP,10,5,Commerce,Ouvrier,Temps complet,34.9,5,25824.0
1257,Femme,28,Bac+3/4,15,7,Commerce,Profession intermédiaire,Temps partiel,18.4,2,1625.0
26,Femme,26,CAP-BEP,10,10,Services aux particuliers,Ouvrier,Temps partiel,19.5,8,856.0
2372,Femme,29,Aucun diplôme,7,16,Industrie,Ouvrier,Temps complet,35.2,4,1215.0
2333,Femme,20,Aucun diplôme,7,7,Enseignement,Ouvrier,Temps complet,34.0,2,1190.0
850,Femme,31,CAP-BEP,10,15,Santé - action sociale,Ouvrier,Temps complet,39.5,14,2360.0
3638,Homme,29,CAP-BEP,10,13,Construction,Ouvrier,Temps complet,39.1,9,2175.0
3436,Homme,39,CAP-BEP,10,23,Administration publique,Ouvrier,Temps complet,38.9,8,
4904,Femme,53,Bac+3/4,15,32,Services aux entreprises,Employé,Temps complet,38.3,2,2450.0
3354,Homme,27,Bac+3/4,15,6,Industrie,Cadre,Temps partiel,16.1,2,1564.0
1397,Femme,37,Bac+2,14,17,Commerce,Profession intermédiaire,Temps complet,37.5,8,3081.0
4409,F,21,Aucun diplôme,7,8,Services aux entreprises,Ouvrier,Temps partiel,26.6,3,738.0
1447,Homme,26,CAP-BEP,10,10,Industrie,Ouvrier,Temps complet,36.3,4,1595.0
1810,Femme,44,Bac+3/4,15,23,Administration publique,Cadre,Temps partiel,25.5,23,2332.0
262,Homme,27,Bac+2,14,7,Santé - action sociale,Profession intermédiaire,Temps complet,36.0,5,3174.0
548,Homme,30,Bac+2,14,10,Construction,Employé,Temps complet,38.9,10,
3900,Femme,39,Bac+3/4,15,18,Administration publique,Profession intermédiaire,Temps partiel,13.2,4,995.0
3099,Homme,30,Bac+2,14,10,Commerce,Profession intermédiaire,Temps complet,38.2,9,3634.0
1192,Femme,35,CAP-BEP,10,19,Administration publique,Ouvrier,Temps partiel,28.2,4,
1959,Homme,58,Bac+3/4,15,37,Administration publique,Cadre,Temps partiel,23.5,4,2246.0
2659,Femme,61,CAP-BEP,10,45,Santé - action sociale,Ouvrier,Temps complet,39.6,9,1905.0
1538,Homme,32,CAP-BEP,10,16,Industrie,Ouvrier,Temps complet,36.6,4,1884.0
2129,Homme,52,Bac+5 ou plus,17,29,Services aux particuliers,Cadre,Temps partiel,18.2,13,2258.0
494,Femme,54,Baccalauréat,12,36,Commerce,Employé,Temps partiel,25.0,10,2187.0
3464,Femme,33,Bac+2,14,13,Services aux entreprises,Profession intermédiaire,Temps complet,36.6,13,3011.0
4364,H,26,Bac+2,14,6,Services aux entreprises,Profession intermédiaire,Temps complet,34.7,6,2389.0
4816,Homme,26,CAP-BEP,10,10,Industrie,Ouvrier,Temps complet,36.4,10,2246.0
834,F,26,Bac+2,14,6,Construction,Employé,Temps partiel,21.7,6,
464,Femme,36,Baccalauréat,12,18,Industrie,Employé,Temps complet,37.6,13,2580.0
4797,Femme,24,Baccalauréat,12,6,Services aux particuliers,Employé,Temps complet,34.0,3,1349.0
4592,Femme,30,Baccalauréat,12,12,Enseignement,Employé,Temps complet,34.0,4,1905.0
4935,Homme,49,Bac+3/4,15,28,Services aux entreprises,Employé,Temps partiel,19.3,5,972.0
2168,Homme,26,Aucun diplôme,7,13,Services aux entreprises,Ouvrier,Temps complet,39.4,8,1808.0
683,Homme,63,Bac+2,14,43,Services aux particuliers,Employé,Temps complet,37.9,1,2438.0
4604,Femme,28,Aucun diplôme,7,15,Administration publique,Employé,Temps complet,38.3,15,2578.0
1078,Homme,30,Aucun diplôme,7,17,Industrie,Ouvrier,Temps complet,34.8,1,1078.0
1585,Homme,48,Aucun diplôme,7,35,Services aux entreprises,Ouvrier,Temps complet,34.0,7,1610.0
1489,Homme,49,CAP-BEP,10,33,Administration publique,Ouvrier,Temps partiel,17.8,3,727.0
4492,Homme,29,Baccalauréat,12,11,Industrie,Employé,Temps complet,34.0,6,1528.0
1783,Femme,34,Aucun diplôme,7,21,Industrie,Ouvrier,Temps complet,37.7,1,1045.0
4288,Femme,18,CAP-BEP,10,2,Services aux entreprises,Ouvrier,Temps complet,34.4,2,1225.0
938,Femme,38,Baccalauréat,12,20,Commerce,Employé,Temps partiel,18.3,18,1184.0
2563,Femme,48,Bac+3/4,15,27,Services aux particuliers,Employé,Temps complet,36.5,9,1956.0
2877,Femme,52,Bac+5 ou plus,17,29,Services aux entreprises,Cadre,Temps complet,38.1,5,5583.0
2033,Femme,54,Baccalauréat,12,36,Enseignement,Employé,Temps partiel,25.6,6,1338.0
955,Homme,24,Bac+2,14,4,Santé - action sociale,Profession intermédiaire,Temps complet,36.0,4,3214.0
3601,Homme,32,Baccalauréat,12,14,Administration publique,Employé,Temps partiel,12.9,7,700.0
555,Femme,63,Baccalauréat,12,45,Industrie,Employé,Temps complet,34.7,9,1307.0
1930,Femme,41,Bac+5 ou plus,17,18,Commerce,Cadre,Temps complet,36.8,8,3603.0
90,Femme,34,Bac+2,14,14,Santé - action sociale,Employé,Temps complet,34.0,5,1899.0
1180,Femme,46,Bac+2,14,26,Enseignement,Employé,Temps complet,36.5,7,2051.0
4096,F,24,Bac+3/4,15,3,Services aux entreprises,Employé,Temps partiel,13.1,3,700.0
1204,Femme,33,Bac+3/4,15,12,Services aux particuliers,Employé,Temps partiel,19.4,9,1155.0
1545,F,30,Bac+5 ou plus,17,7,Administration publique,Employé,Temps complet,37.3,1,2203.0
2157,Homme,25,Bac+3/4,15,4,Services aux particuliers,Employé,Temps partiel,14.5,4,700.0
3414,Femme,29,Bac+3/4,15,8,Administration publique,Profession intermédiaire,Temps partiel,27.5,3,2326.0
1479,Femme,30,Bac+2,14,10,Commerce,Employé,Temps complet,37.5,2,1861.0
2565,Femme,38,Bac+5 ou plus,17,15,Enseignement,Cadre,Temps complet,40.3,3,3738.0
1529,H,27,Bac+3/4,15,6,Industrie,Cadre,Temps complet,37.9,6,3739.0
4371,H,27,Baccalauréat,12,9,Santé - action sociale,Employé,Temps complet,34.0,3,2155.0
2678,Homme,36,Bac+2,14,16,Santé - action sociale,Profession intermédiaire,Temps complet,39.2,1,2792.0
2833,H,27,Bac+3/4,15,6,Construction,Profession intermédiaire,Temps partiel,21.8,6,1971.0
2917,Homme,34,Bac+3/4,15,13,Industrie,Profession intermédiaire,Temps complet,38.8,5,2664.0
3022,Homme,33,Baccalauréat,12,15,Services aux entreprises,Employé,Temps complet,34.0,5,1205.0
856,Homme,32,Bac+2,14,12,Administration publique,Employé,Temps complet,37.9,3,
4374,Femme,36,Bac+3/4,15,15,Santé - action sociale,Employé,Temps complet,38.2,4,1865.0
1168,Homme,42,Bac+2,14,22,Enseignement,Profession intermédiaire,Temps complet,34.0,8,2742.0
819,Homme,28,CAP-BEP,10,12,Enseignement,Ouvrier,Temps complet,37.3,5,1952.0
2688,Femme,18,Aucun diplôme,7,5,Administration publique,Ouvrier,Temps complet,37.8,5,1413.0
4056,Femme,45,CAP-BEP,10,29,Administration publique,Ouvrier,Temps partiel,15.8,15,
1209,Homme,37,Bac+3/4,15,16,Industrie,Cadre,Temps complet,34.0,9,3131.0
881,Femme,33,Bac+5 ou plus,17,10,Santé - action sociale,Employé,Temps complet,36.9,7,2007.0
3579,Femme,34,Bac+3/4,15,13,Services aux entreprises,Profession intermédiaire,Temps complet,34.7,3,2909.0
618,H,26,Bac+2,14,6,Industrie,Employé,Temps complet,36.0,3,2134.0
2444,Femme,34,Bac+3/4,15,13,Industrie,Cadre,Temps partiel,21.3,5,2312.0
663,Homme,42,Aucun diplôme,7,29,Services aux particuliers,Ouvrier,Temps partiel,11.8,4,
1801,Homme,26,Bac+3/4,15,5,Commerce,Profession intermédiaire,Temps complet,37.0,5,2911.0
2736,H,29,CAP-BEP,10,13,Services aux entreprises,Ouvrier,Temps complet,37.2,4,1730.0
1077,H,36,Bac+2,14,16,Industrie,Profession intermédiaire,Temps complet,35.8,5,2984.0
3506,Femme,26,Baccalauréat,12,8,Commerce,Employé,Temps complet,34.0,6,1327.0
4312,Homme,29,Baccalauréat,12,11,Construction,Employé,Temps complet,35.9,5,1327.0
4673,Femme,41,Baccalauréat,12,23,Santé - action sociale,Employé,Temps complet,35.3,8,1719.0
4873,Femme,27,CAP-BEP,10,11,Enseignement,Ouvrier,Temps complet,41.6,8,1624.0
147,Femme,28,Baccalauréat,12,10,Santé - action sociale,Employé,Temps complet,35.0,8,1312.0
4560,Femme,35,Bac+5 ou plus,17,12,Services aux entreprises,Employé,Temps partiel,30.3,7,2011.0
4080,Homme,32,CAP-BEP,10,16,Santé - action sociale,Employé,Temps complet,37.1,5,
2684,Homme,36,Bac+2,14,16,Commerce,Employé,Temps complet,38.2,7,
3517,Femme,41,Bac+5 ou plus,17,18,Santé - action sociale,Cadre,Temps partiel,31.8,12,3270.0
2407,Homme,31,CAP-BEP,10,15,Services aux particuliers,Ouvrier,Temps complet,38.2,5,1868.0
736,Femme,31,Aucun diplôme,7,18,Industrie,Ouvrier,Temps complet,35.2,10,1481.0
3667,Homme,32,CAP-BEP,10,16,Commerce,Employé,Temps complet,40.4,1,3224.0
525,Homme,24,CAP-BEP,10,8,Enseignement,Ouvrier,Temps complet,38.9,6,2079.0
233,Homme,22,Aucun diplôme,7,9,Services aux particuliers,Ouvrier,Temps complet,37.4,5,1121.0
411,Homme,24,CAP-BEP,10,8,Enseignement,Ouvrier,Temps complet,38.6,1,1561.0
459,Homme,37,Aucun diplôme,7,24,Services aux entreprises,Ouvrier,Temps complet,34.0,11,1677.0
3732,Femme,34,Bac+5 ou plus,17,11,Commerce,Employé,Temps partiel,21.6,11,874.0
2758,Homme,27,CAP-BEP,10,11,Santé - action sociale,Ouvrier,Temps complet,36.7,5,
1522,Homme,49,Bac+5 ou plus,17,26,Santé - action sociale,Profession intermédiaire,Temps complet,36.8,15,3098.0
4207,Femme,33,Baccalauréat,12,15,Administration publique,Employé,Temps complet,34.3,4,2578.0
193,Femme,23,CAP-BEP,10,7,Santé - action sociale,Ouvrier,Temps complet,37.4,2,
4615,F,30,Bac+2,14,10,Administration publique,Employé,Temps complet,38.5,10,1691.0
999,Femme,24,CAP-BEP,10,8,Services aux particuliers,Ouvrier,Temps complet,34.5,8,1508.0
2679,Homme,22,CAP-BEP,10,6,Administration publique,Ouvrier,Temps complet,34.6,4,1206.0
4721,Homme,31,Baccalauréat,12,13,Services aux entreprises,Employé,Temps complet,34.9,6,2275.0
3539,Femme,35,Bac+2,14,15,Administration publique,Profession intermédiaire,Temps complet,37.9,9,3561.0
4,Femme,36,Baccalauréat,12,18,Santé - action sociale,Employé,Temps complet,34.4,3,1636.0
335,Homme,34,Baccalauréat,12,16,Services aux entreprises,Employé,Temps complet,34.0,11,
3869,Femme,24,Baccalauréat,12,6,Industrie,Employé,Temps complet,38.4,2,1906.0
4013,F,33,Bac+3/4,15,12,Services aux particuliers,Employé,Temps partiel,19.4,11,980.0
3725,Homme,27,Baccalauréat,12,9,Industrie,Employé,Temps complet,37.4,9,1993.0
781,Femme,1,CAP-BEP,10,18,Santé - action sociale,Ouvrier,Temps complet,38.3,3,2003.0
1488,F,17,Aucun diplôme,7,4,Services aux particuliers,Ouvrier,Temps complet,36.1,4,1008.0
71,Homme,25,Aucun diplôme,7,12,Administration publique,Ouvrier,Temps complet,40.3,6,1028.0
2270,Homme,39,Baccalauréat,12,21,Services aux particuliers,Employé,Temps partiel,18.9,1,996.0
4231,Femme,40,Bac+5 ou plus,17,17,Industrie,Cadre,Temps complet,35.5,7,3303.0
4570,Homme,30,CAP-BEP,10,14,Construction,Ouvrier,Temps complet,38.4,0,1905.0
2741,Femme,25,Bac+2,14,5,Commerce,Profession intermédiaire,Temps partiel,24.4,2,1791.0
4086,Homme,24,Aucun diplôme,7,11,Construction,Ouvrier,Temps complet,37.7,6,1299.0
418,Homme,21,Aucun diplôme,7,8,Administration publique,Ouvrier,Temps complet,38.7,8,1376.0
4297,F,28,Bac+2,14,8,Industrie,Employé,Temps complet,34.6,7,1971.0
4452,Homme,37,Bac+5 ou plus,17,14,Services aux particuliers,Employé,Temps complet,39.4,2,2452.0
3465,F,31,Bac+2,14,11,Administration publique,Profession intermédiaire,Temps complet,35.5,11,2901.0
3060,Femme,25,CAP-BEP,10,9,Santé - action sociale,Ouvrier,Temps complet,34.0,1,1158.0
2142,Femme,33,Bac+2,14,13,Santé - action sociale,Profession intermédiaire,Temps complet,34.0,13,3107.0
2228,Homme,26,CAP-BEP,10,10,Administration publique,Ouvrier,Temps complet,40.7,8,2448.0
603,Femme,27,Bac+2,14,7,Industrie,Employé,Temps complet,39.0,7,2405.0
414,Homme,44,Bac+3/4,15,23,Santé - action sociale,Employé,Temps complet,39.4,4,2618.0
550,Homme,34,Baccalauréat,12,16,Construction,Employé,Temps complet,34.1,7,1263.0
2243,Femme,29,Bac+3/4,15,8,Administration publique,Cadre,Temps complet,38.6,8,3782.0
1293,Femme,26,Aucun diplôme,7,13,Commerce,Ouvrier,Temps complet,38.0,6,1280.0
4012,Femme,31,Bac+3/4,15,10,Construction,Employé,Temps complet,36.0,10,
2413,Femme,24,Aucun diplôme,7,11,Commerce,Ouvrier,Temps complet,34.3,11,873.0
3368,Homme,38,Baccalauréat,12,20,Services aux entreprises,Employé,Temps complet,34.0,1,3083.0
3529,Homme,33,CAP-BEP,10,17,Administration publique,Employé,Temps complet,36.4,17,2721.0
2850,Femme,31,Bac+5 ou plus,17,8,Industrie,Employé,Temps complet,35.8,8,1608.0
2843,Femme,25,CAP-BEP,10,9,Construction,Ouvrier,Temps complet,36.6,0,1986.0
610,Homme,40,Bac+2,14,20,Services aux particuliers,Employé,Temps complet,39.7,5,2699.0
4758,H,47,Bac+5 ou plus,17,24,Services aux entreprises,Cadre,Temps complet,37.0,3,5643.0
3128,Homme,59,Bac+5 ou plus,17,36,Construction,Cadre,Temps complet,36.0,6,7041.0
3803,Femme,42,Bac+2,14,22,Services aux particuliers,Employé,Temps complet,34.8,4,2319.0
2748,Homme,26,Bac+2,14,6,Services aux entreprises,Profession intermédiaire,Temps complet,37.0,6,3141.0
4782,Femme,35,Bac+2,14,15,Commerce,Employé,Temps complet,39.0,2,2197.0
3745,Homme,29,Baccalauréat,12,11,Commerce,Employé,Temps complet,37.0,1,2364.0
3992,F,26,CAP-BEP,10,10,Enseignement,Ouvrier,Temps complet,39.8,10,2019.0
1104,Homme,23,Baccalauréat,12,5,Commerce,Employé,Temps complet,34.4,3,1598.0
4629,Homme,41,Bac+3/4,15,20,Commerce,Profession intermédiaire,Temps complet,34.0,7,
619,H,42,Bac+3/4,15,21,Administration publique,Employé,Temps complet,35.0,8,2312.0
721,Homme,38,CAP-BEP,10,22,Santé - action sociale,Ouvrier,Temps complet,35.7,6,1867.0
405,Homme,22,Aucun diplôme,7,9,Construction,Ouvrier,Temps complet,36.1,9,1625.0
3358,Homme,22,Aucun diplôme,7,9,Services aux entreprises,Ouvrier,Temps complet,37.9,3,1649.0
2022,Homme,33,Bac+2,14,13,Construction,Employé,Temps complet,39.2,8,
3391,Femme,36,Baccalauréat,12,18,Santé - action sociale,Employé,Temps complet,37.8,12,2201.0
313,Femme,28,CAP-BEP,10,12,Industrie,Ouvrier,Temps complet,34.0,12,1563.0
963,Femme,37,Bac+2,14,17,Enseignement,Profession intermédiaire,Temps partiel,22.4,7,2292.0
3023,Femme,42,Bac+5 ou plus,17,19,Construction,Cadre,Temps complet,36.8,3,3445.0
3686,Homme,39,CAP-BEP,10,23,Services aux entreprises,Ouvrier,Temps complet,38.6,4,2311.0
3317,Homme,37,Bac+5 ou plus,17,14,Services aux entreprises,Cadre,Temps complet,36.2,13,6517.0
2753,Homme,30,Baccalauréat,12,12,Santé - action sociale,Employé,Temps complet,34.0,2,3186.0
2008,Homme,35,Baccalauréat,12,17,Services aux particuliers,Employé,Temps partiel,25.0,4,784.0
2653,Femme,29,Bac+5 ou plus,17,6,Industrie,Profession intermédiaire,Temps partiel,21.6,5,1636.0
4138,Femme,36,Baccalauréat,12,18,Enseignement,Employé,Temps complet,34.6,4,2210.0
1080,H,33,Aucun diplôme,7,20,Services aux particuliers,Ouvrier,Temps complet,35.8,9,1233.0
1942,Femme,49,Bac+5 ou plus,17,26,Construction,Profession intermédiaire,Temps complet,37.2,4,3192.0
4315,Femme,25,CAP-BEP,10,9,Administration publique,Ouvrier,Temps complet,34.0,2,1314.0
2238,Homme,29,CAP-BEP,10,13,Commerce,Ouvrier,Temps complet,37.2,4,1469.0
1472,Femme,62,Baccalauréat,12,44,Enseignement,Employé,Temps complet,37.9,7,1870.0
3197,Femme,26,Bac+2,14,6,Construction,Profession intermédiaire,Temps partiel,22.2,5,1592.0
1583,F,21,CAP-BEP,10,5,Industrie,Ouvrier,Temps complet,36.9,5,1289.0
939,Femme,30,Bac+3/4,15,9,Santé - action sociale,Employé,Temps partiel,24.0,3,1411.0
1908,Femme,27,Bac+3/4,15,6,Construction,Employé,Temps complet,38.5,6,1364.0
3449,H,32,Bac+3/4,15,11,Commerce,Employé,Temps complet,39.7,8,2622.0
2959,Homme,39,CAP-BEP,10,23,Santé - action sociale,Ouvrier,Temps complet,35.7,10,1655.0
1954,Femme,38,Baccalauréat,12,20,Construction,Employé,Temps complet,34.0,8,
742,Femme,35,Bac+2,14,15,Santé - action sociale,Employé,Temps complet,40.0,3,2275.0
4066,Femme,27,Bac+5 ou plus,17,4,Services aux particuliers,Cadre,Temps partiel,16.8,4,1737.0
4672,H,29,Bac+3/4,15,8,Enseignement,Employé,Temps complet,35.0,2,2314.0
1593,Homme,37,Bac+5 ou plus,17,14,Commerce,Profession intermédiaire,Temps complet,34.7,9,2919.0
3103,Femme,25,Bac+5 ou plus,17,2,Enseignement,Employé,Temps complet,35.3,1,1644.0
890,Femme,27,Baccalauréat,12,9,Services aux particuliers,Employé,Temps partiel,24.8,9,748.0
230,Femme,27,CAP-BEP,10,11,Santé - action sociale,Ouvrier,Temps complet,35.7,2,1911.0
1294,Femme,27,CAP-BEP,10,11,Administration publique,Ouvrier,Temps complet,37.1,3,1204.0
160,Homme,31,Bac+5 ou plus,17,8,Services aux entreprises,Cadre,Temps complet,38.3,8,5306.0
4809,Homme,40,Baccalauréat,12,22,Services aux entreprises,Employé,Temps complet,34.0,7,3097.0
168,Femme,36,CAP-BEP,10,20,Enseignement,Ouvrier,Temps partiel,30.1,12,1278.0
3979,Homme,46,CAP-BEP,10,30,Construction,Employé,Temps complet,39.7,8,2935.0
429,Femme,36,Bac+3/4,15,15,Santé - action sociale,Cadre,Temps complet,34.9,5,3731.0
546,F,42,CAP-BEP,10,26,Commerce,Ouvrier,Temps partiel,26.4,7,1477.0
567,Homme,28,Baccalauréat,12,10,Industrie,Employé,Temps complet,38.5,5,1487.0
3872,Homme,35,Bac+5 ou plus,17,12,Services aux entreprises,Cadre,Temps complet,36.2,10,3456.0
4482,Homme,35,Bac+3/4,15,14,Industrie,Employé,Temps complet,35.5,12,1174.0
2710,Homme,26,Bac+5 ou plus,17,3,Santé - action sociale,Profession intermédiaire,Temps complet,38.8,3,3105.0
1133,Femme,60,Bac+3/4,15,39,Santé - action sociale,Employé,Temps partiel,31.5,6,1322.0
869,Homme,33,Bac+2,14,13,Services aux entreprises,Profession intermédiaire,Temps complet,35.9,1,3275.0
2116,Homme,26,Bac+2,14,6,Construction,Profession intermédiaire,Temps complet,36.8,3,
1689,Homme,42,Bac+2,14,22,Services aux entreprises,Profession intermédiaire,Temps complet,34.5,4,3464.0
3940,Homme,66,Bac+5 ou plus,17,45,Santé - action sociale,Cadre,Temps complet,36.4,5,4367.0
763,Homme,27,Baccalauréat,12,9,Administration publique,Employé,Temps complet,37.9,7,1443.0
183,Femme,24,Baccalauréat,12,6,Services aux entreprises,Employé,Temps complet,35.1,3,2382.0
4600,F,25,CAP-BEP,10,9,Santé - action sociale,Ouvrier,Temps complet,34.0,2,1681.0
4355,Femme,32,Bac+5 ou plus,17,9,Commerce,Employé,Temps complet,39.0,9,1975.0
2824,Homme,26,Aucun diplôme,7,13,Industrie,Ouvrier,Temps complet,40.6,4,1656.0
457,Homme,31,Baccalauréat,12,13,Santé - action sociale,Employé,Temps complet,37.1,8,2151.0
606,Homme,25,Bac+2,14,5,Santé - action sociale,Employé,Temps complet,34.0,5,2014.0
2317,Homme,19,Baccalauréat,12,1,Commerce,Employé,Temps complet,35.6,1,1352.0
1912,Femme,36,Baccalauréat,12,18,Commerce,Employé,Temps complet,37.4,15,1922.0
1870,Femme,20,CAP-BEP,10,4,Services aux particuliers,Ouvrier,Temps complet,34.0,4,1072.0
3744,Femme,25,Bac+2,14,5,Commerce,Profession intermédiaire,Temps complet,36.5,5,2822.0
899,Homme,43,Bac+5 ou plus,17,20,Enseignement,Cadre,Temps complet,38.4,3,4664.0
3625,Femme,24,Aucun diplôme,7,11,Construction,Ouvrier,Temps complet,37.5,3,1609.0
1895,Femme,28,Baccalauréat,12,10,Services aux entreprises,Employé,Temps complet,36.1,10,1936.0
634,Homme,31,Bac+5 ou plus,17,8,Administration publique,Cadre,Temps complet,35.5,2,3912.0
2260,Femme,22,CAP-BEP,10,6,Enseignement,Ouvrier,Temps partiel,27.0,6,925.0
629,H,44,Baccalauréat,12,26,Enseignement,Employé,Temps complet,35.5,6,3024.0
2627,Femme,55,CAP-BEP,10,39,Industrie,Employé,Temps complet,35.5,8,2976.0
1877,Femme,32,Aucun diplôme,7,19,Construction,Ouvrier,Temps complet,39.5,5,1527.0
3912,Homme,36,Aucun diplôme,7,23,Commerce,Ouvrier,Temps complet,36.2,5,1487.0
4824,Homme,37,Bac+5 ou plus,17,14,Services aux entreprises,Profession intermédiaire,Temps complet,36.6,3,
4996,Femme,24,Aucun diplôme,7,11,Services aux entreprises,Ouvrier,Temps complet,37.0,9,1332.0
2010,Femme,27,CAP-BEP,10,11,Services aux particuliers,Ouvrier,Temps partiel,27.4,4,700.0
2460,Homme,53,Bac+3/4,15,32,Administration publique,Profession intermédiaire,Temps complet,36.3,4,3116.0
793,H,27,Bac+5 ou plus,17,4,Industrie,Employé,Temps complet,34.6,4,1797.0
2607,Homme,31,Baccalauréat,12,13,Industrie,Employé,Temps partiel,14.3,9,1582.0
923,Homme,22,Baccalauréat,12,4,Santé - action sociale,Employé,Temps complet,36.5,4,1447.0
1369,Homme,44,Bac+2,14,24,Services aux particuliers,Employé,Temps complet,34.0,1,2266.0
4936,Homme,54,CAP-BEP,10,38,Administration publique,Ouvrier,Temps complet,39.0,2,2279.0
2746,Femme,35,Aucun diplôme,7,22,Services aux entreprises,Ouvrier,Temps complet,39.0,22,1633.0
3645,Homme,31,Bac+2,14,11,Administration publique,Profession intermédiaire,Temps complet,34.9,9,3112.0
4221,Homme,27,CAP-BEP,10,11,Commerce,Employé,Temps partiel,14.5,4,932.0
2311,Femme,24,Baccalauréat,12,6,Administration publique,Employé,Temps complet,40.2,5,1311.0
1691,Homme,31,Baccalauréat,12,13,Construction,Employé,Temps complet,37.7,8,2265.0
4733,Femme,35,Bac+2,14,15,Industrie,Employé,Temps complet,35.5,9,2207.0
3823,Homme,27,Baccalauréat,12,9,Services aux entreprises,Employé,Temps complet,36.3,6,1577.0
1831,Homme,66,Bac+5 ou plus,17,45,Construction,Cadre,Temps complet,38.0,6,4376.0
4328,Homme,33,Baccalauréat,12,15,Santé - action sociale,Employé,Temps complet,40.9,1,3089.0
4520,Femme,34,CAP-BEP,10,18,Services aux entreprises,Ouvrier,Temps partiel,27.8,7,1366.0
3162,Femme,42,Baccalauréat,12,24,Industrie,Employé,Temps complet,35.4,1,2358.0
3605,Homme,41,Bac+3/4,15,20,Industrie,Employé,Temps complet,35.6,1,1916.0
2082,Femme,32,Bac+3/4,15,11,Commerce,Employé,Temps complet,36.6,5,2333.0
2768,Femme,51,Bac+5 ou plus,17,28,Services aux particuliers,Employé,Temps partiel,23.0,11,1314.0
4906,Homme,42,CAP-BEP,10,26,Enseignement,Ouvrier,Temps partiel,15.4,9,700.0
2046,Femme,40,Aucun diplôme,7,27,Administration publique,Ouvrier,Temps complet,35.8,4,1409.0
3397,Homme,31,Bac+3/4,15,10,Construction,Employé,Temps partiel,25.4,3,1627.0
4968,Homme,31,Bac+2,14,11,Industrie,Employé,Temps complet,36.4,3,2010.0
3527,Femme,38,Bac+3/4,15,17,Construction,Employé,Temps complet,36.5,6,2141.0
959,Femme,25,CAP-BEP,10,9,Services aux particuliers,Ouvrier,Temps complet,34.0,9,903.0
1713,Homme,18,Aucun diplôme,7,5,Services aux entreprises,Ouvrier,Temps complet,34.2,5,1520.0
4671,Homme,26,CAP-BEP,10,10,Commerce,Ouvrier,Temps partiel,24.9,9,1213.0
187,Femme,30,Bac+2,14,10,Industrie,Employé,Temps complet,42.6,10,1871.0
2809,Femme,36,Bac+2,14,16,Services aux entreprises,Employé,Temps partiel,23.2,16,1177.0
3931,Homme,20,Aucun diplôme,7,7,Administration publique,Ouvrier,Temps partiel,19.3,3,804.0
3136,Femme,25,Aucun diplôme,7,12,Commerce,Ouvrier,Temps complet,36.8,5,1146.0
1347,Femme,35,Bac+2,14,15,Industrie,Profession intermédiaire,Temps complet,36.1,0,2491.0
451,Homme,22,Aucun diplôme,7,9,Construction,Ouvrier,Temps complet,39.2,4,1848.0
2345,Homme,53,Bac+5 ou plus,17,30,Santé - action sociale,Cadre,Temps complet,34.0,5,5863.0
1141,Femme,45,Bac+3/4,15,24,Industrie,Employé,Temps complet,37.4,9,2443.0
4720,Homme,27,Aucun diplôme,7,14,Construction,Ouvrier,Temps complet,36.2,7,
4137,Femme,29,Baccalauréat,12,11,Services aux entreprises,Employé,Temps complet,34.0,11,2668.0
3077,Femme,42,Baccalauréat,12,24,Construction,Employé,Temps partiel,20.7,1,1409.0
4853,Femme,40,Baccalauréat,12,22,Enseignement,Employé,Temps complet,37.2,2,1361.0
2337,Homme,21,Aucun diplôme,7,8,Enseignement,Ouvrier,Temps complet,35.7,5,1384.0
140,Homme,16,Aucun diplôme,7,3,Industrie,Employé,Temps complet,38.9,3,2776.0
250,Homme,43,Aucun diplôme,7,30,Commerce,Ouvrier,Temps complet,37.1,7,1424.0
1909,Femme,21,Aucun diplôme,7,8,Services aux particuliers,Ouvrier,Temps partiel,20.9,8,700.0
4945,Femme,24,Aucun diplôme,7,11,Commerce,Ouvrier,Temps complet,36.8,4,1282.0
1738,Femme,35,Bac+3/4,15,14,Santé - action sociale,Employé,Temps complet,38.6,11,1816.0
3964,Homme,30,Bac+3/4,15,9,Santé - action sociale,Employé,Temps complet,37.0,9,2089.0
1929,H,36,Bac+5 ou plus,17,13,Santé - action sociale,Profession intermédiaire,Temps complet,34.0,11,2393.0
870,Femme,33,Bac+5 ou plus,17,10,Administration publique,Employé,Temps complet,37.5,5,1946.0
1577,Homme,29,Bac+5 ou plus,17,6,Construction,Profession intermédiaire,Temps complet,34.0,6,2363.0
3094,Homme,46,CAP-BEP,10,30,Construction,Employé,Temps complet,34.0,6,2777.0
1128,Homme,26,Bac+3/4,15,5,Construction,Cadre,Temps complet,36.9,5,4358.0
4165,Homme,34,Baccalauréat,12,16,Administration publique,Employé,Temps complet,36.6,11,2819.0
100,Femme,33,CAP-BEP,10,17,Administration publique,Ouvrier,Temps complet,37.8,3,1916.0
1464,Femme,28,CAP-BEP,10,12,Services aux entreprises,Ouvrier,Temps partiel,25.2,6,1488.0
3649,Femme,37,Bac+3/4,15,16,Enseignement,Cadre,Temps partiel,27.3,8,2851.0
2294,Femme,49,Bac+3/4,15,28,Enseignement,Employé,Temps complet,34.0,7,1677.0
986,Femme,34,Bac+3/4,15,13,Construction,Employé,Temps partiel,21.8,3,1127.0
68,Femme,29,Bac+2,14,9,Commerce,Employé,Temps complet,37.9,9,1829.0
1449,Homme,31,Bac+2,14,11,Enseignement,Profession intermédiaire,Temps complet,40.6,11,3143.0
3621,Homme,36,Aucun diplôme,7,23,Administration publique,Ouvrier,Temps complet,34.5,2,1032.0
2640,Femme,36,Bac+2,14,16,Industrie,Profession intermédiaire,Temps complet,36.8,5,3304.0
2339,Homme,30,Bac+2,14,10,Services aux particuliers,Profession intermédiaire,Temps partiel,21.0,10,1516.0
1250,Femme,28,Bac+5 ou plus,17,5,Services aux particuliers,Profession intermédiaire,Temps complet,40.8,2,3066.0
1604,Homme,29,CAP-BEP,10,13,Santé - action sociale,Ouvrier,Temps complet,36.1,13,
339,Homme,38,CAP-BEP,10,22,Santé - action sociale,Employé,Temps complet,37.3,5,3083.0
2696,H,43,Bac+2,14,23,Construction,Profession intermédiaire,Temps complet,35.4,7,2565.0
1940,Homme,46,Bac+5 ou plus,17,23,Santé - action sociale,Profession intermédiaire,Temps complet,34.9,10,2759.0
3172,Homme,39,Bac+3/4,15,18,Industrie,Cadre,Temps complet,34.0,4,3277.0
2871,Femme,17,Aucun diplôme,7,4,Services aux entreprises,Ouvrier,Temps complet,34.0,1,1540.0
3299,Femme,42,CAP-BEP,10,26,Santé - action sociale,Employé,Temps complet,36.5,12,2632.0
2996,Homme,29,Baccalauréat,12,11,Industrie,Employé,Temps complet,39.6,11,2254.0
2555,Femme,28,Bac+2,14,8,Services aux particuliers,Profession intermédiaire,Temps partiel,25.4,5,2450.0
3693,H,39,Bac+2,14,19,Enseignement,Profession intermédiaire,Temps complet,34.1,11,2840.0
386,Femme,23,Baccalauréat,12,5,Services aux particuliers,Employé,Temps complet,39.6,5,22044.0
3073,F,37,Bac+5 ou plus,17,14,Santé - action sociale,Cadre,Temps complet,39.9,14,4472.0
1695,F,24,Bac+3/4,15,3,Services aux particuliers,Employé,Temps partiel,21.0,3,942.0
206,Femme,33,CAP-BEP,10,17,Administration publique,Ouvrier,Temps complet,35.9,3,2242.0
4533,Homme,38,Baccalauréat,12,20,Commerce,Employé,Temps complet,34.7,3,1738.0
4060,F,29,CAP-BEP,10,13,Commerce,Ouvrier,Temps complet,36.1,11,
4761,Homme,32,CAP-BEP,10,16,Industrie,Ouvrier,Temps complet,34.4,16,1670.0
251,Homme,32,Baccalauréat,12,14,Services aux particuliers,Employé,Temps complet,37.9,1,2540.0
3382,Homme,26,Bac+5 ou plus,17,3,Administration publique,Profession intermédiaire,Temps complet,34.7,3,2974.0
3765,Homme,24,CAP-BEP,10,8,Industrie,Ouvrier,Temps complet,38.2,7,2019.0
3070,Femme,30,CAP-BEP,10,14,Construction,Ouvrier,Temps complet,36.9,7,1653.0
3118,Homme,44,CAP-BEP,10,28,Santé - action sociale,Ouvrier,Temps complet,39.6,5,1993.0
490,Femme,29,Aucun diplôme,7,16,Services aux entreprises,Employé,Temps partiel,27.1,3,1873.0
498,Femme,32,Bac+3/4,15,11,Industrie,Profession intermédiaire,Temps complet,34.0,3,2701.0
2657,Femme,23,Baccalauréat,12,5,Construction,Employé,Temps partiel,21.6,5,1222.0
3186,Homme,44,Bac+2,14,24,Santé - action sociale,Employé,Temps complet,35.0,6,2167.0
741,Homme,26,Baccalauréat,12,8,Construction,Employé,Temps complet,40.9,8,2028.0
4884,Femme,26,Bac+3/4,15,5,Santé - action sociale,Employé,Temps complet,38.5,5,2091.0
4194,Homme,38,Bac+5 ou plus,17,15,Services aux entreprises,Profession intermédiaire,Temps complet,37.6,3,3151.0
628,Homme,32,Aucun diplôme,7,19,Enseignement,Ouvrier,Temps partiel,16.3,5,700.0
4489,Femme,45,Baccalauréat,12,27,Industrie,Employé,Temps partiel,22.0,11,919.0
2143,Femme,38,Bac+2,14,18,Administration publique,Employé,Temps partiel,12.6,18,861.0
4502,H,41,Aucun diplôme,7,28,Industrie,Ouvrier,Temps complet,36.9,4,2140.0
569,Femme,42,Baccalauréat,12,24,Industrie,Employé,Temps partiel,19.4,11,949.0
3680,Homme,35,Bac+2,14,15,Industrie,Employé,Temps partiel,32.0,15,1870.0
1781,Homme,29,Bac+2,14,9,Services aux entreprises,Profession intermédiaire,Temps complet,38.0,9,3490.0
4663,Homme,36,Bac+2,14,16,Santé - action sociale,Profession intermédiaire,Temps complet,38.6,2,3026.0
4441,Homme,26,Bac+5 ou plus,17,3,Commerce,Profession intermédiaire,Temps complet,37.1,3,
3738,Homme,47,Bac+3/4,15,26,Services aux entreprises,Profession intermédiaire,Temps complet,39.1,10,3383.0
4724,Homme,33,Bac+2,14,13,Administration publique,Employé,Temps complet,37.3,5,1321.0
919,Homme,39,CAP-BEP,10,23,Administration publique,Employé,Temps complet,35.2,4,2486.0
799,Homme,40,CAP-BEP,10,24,Commerce,Ouvrier,Temps complet,34.2,1,1248.0
3856,Femme,38,Bac+5 ou plus,17,15,Services aux entreprises,Profession intermédiaire,Temps complet,38.1,12,2897.0
1730,Homme,37,Baccalauréat,12,19,Industrie,Employé,Temps complet,36.7,17,
4694,Homme,19,Aucun diplôme,7,6,Enseignement,Ouvrier,Temps complet,34.9,3,799.0
2489,H,49,Baccalauréat,12,31,Construction,Employé,Temps complet,37.5,7,1714.0
3543,Homme,19,CAP-BEP,10,3,Services aux entreprises,Ouvrier,Temps complet,35.1,3,2196.0
4252,Homme,23,CAP-BEP,10,7,Santé - action sociale,Ouvrier,Temps complet,35.5,7,1672.0
1451,Femme,37,Bac+2,14,17,Commerce,Employé,Temps partiel,22.6,7,1184.0
1142,Femme,28,Baccalauréat,12,10,Enseignement,Employé,Temps partiel,25.4,9,
2528,Femme,24,CAP-BEP,10,8,Services aux entreprises,Ouvrier,Temps complet,34.8,5,1583.0
4273,Femme,41,Bac+2,14,21,Commerce,Employé,Temps partiel,27.1,13,1845.0
4865,Homme,24,CAP-BEP,10,8,Santé - action sociale,Employé,Temps complet,35.3,2,
1448,Homme,42,CAP-BEP,10,26,Santé - action sociale,Ouvrier,Temps complet,35.1,22,
356,Femme,31,Baccalauréat,12,13,Enseignement,Employé,Temps complet,38.4,4,1997.0
1794,Homme,43,Bac+3/4,15,22,Services aux particuliers,Employé,Temps complet,37.4,8,1718.0
2632,Femme,46,Bac+2,14,26,Administration publique,Profession intermédiaire,Temps complet,36.0,2,3482.0
3480,Femme,18,Aucun diplôme,7,5,Services aux particuliers,Ouvrier,Temps complet,38.8,5,1014.0
2085,H,31,Bac+3/4,15,10,Santé - action sociale,Profession intermédiaire,Temps complet,34.0,10,2456.0
1578,Femme,39,Bac+3/4,15,18,Administration publique,Employé,Temps complet,35.4,4,2317.0
3944,Femme,34,Baccalauréat,12,16,Services aux entreprises,Employé,Temps complet,34.2,10,2339.0
1202,H,27,CAP-BEP,10,11,Construction,Ouvrier,Temps complet,39.1,7,2404.0
3297,Femme,34,Bac+5 ou plus,17,11,Commerce,Profession intermédiaire,Temps partiel,28.2,4,2501.0
1910,Homme,28,Bac+2,14,8,Enseignement,Profession intermédiaire,Temps complet,36.1,8,2944.0
3642,Homme,36,Bac+3/4,15,15,Commerce,Cadre,Temps complet,34.0,9,3306.0
822,Femme,20,CAP-BEP,10,4,Commerce,Ouvrier,Temps complet,35.5,4,939.0
4704,Femme,45,Aucun diplôme,7,32,Industrie,Ouvrier,Temps partiel,21.8,8,993.0
2942,Femme,31,Bac+2,14,11,Administration publique,Profession intermédiaire,Temps complet,35.9,11,2852.0
2485,Femme,26,CAP-BEP,10,10,Services aux particuliers,Ouvrier,Temps partiel,20.2,5,700.0
4426,Homme,27,Baccalauréat,12,9,Commerce,Employé,Temps complet,34.0,2,2157.0
4988,Homme,42,Aucun diplôme,7,29,Services aux entreprises,Ouvrier,Temps complet,39.8,6,1399.0
4541,Femme,46,Bac+2,14,26,Santé - action sociale,Employé,Temps complet,37.8,25,2169.0
95,Homme,29,Bac+2,14,9,Services aux entreprises,Profession intermédiaire,Temps complet,35.1,6,3220.0
1245,Homme,30,Aucun diplôme,7,17,Industrie,Ouvrier,Temps complet,36.1,4,
796,Homme,30,Bac+2,14,10,Enseignement,Employé,Temps complet,37.0,6,1208.0
1213,Homme,42,Baccalauréat,12,24,Services aux entreprises,Employé,Temps partiel,13.6,11,954.0
991,Homme,36,Baccalauréat,12,18,Administration publique,Employé,Temps complet,35.6,8,3321.0
1226,Homme,22,CAP-BEP,10,6,Santé - action sociale,Ouvrier,Temps complet,36.2,6,2111.0
651,Femme,42,CAP-BEP,10,26,Construction,Ouvrier,Temps complet,40.6,10,1760.0
1420,Femme,25,CAP-BEP,10,9,Administration publique,Ouvrier,Temps complet,36.7,5,1664.0
675,Femme,31,Bac+5 ou plus,17,8,Industrie,Cadre,Temps complet,37.8,6,5308.0
4978,Homme,34,Aucun diplôme,7,21,Construction,Ouvrier,Temps complet,36.8,6,1223.0
2840,Homme,43,Bac+5 ou plus,17,20,Construction,Cadre,Temps complet,36.7,12,3374.0
4624,Femme,29,Bac+2,14,9,Industrie,Employé,Temps partiel,24.5,3,1181.0
572,Homme,41,Bac+2,14,21,Services aux particuliers,Employé,Temps complet,36.9,1,1460.0
143,Femme,24,Aucun diplôme,7,11,Commerce,Ouvrier,Temps partiel,22.6,11,955.0
389,Homme,22,Baccalauréat,12,4,Industrie,Employé,Temps complet,39.3,4,2408.0
4656,Homme,44,Baccalauréat,12,26,Services aux particuliers,Employé,Temps complet,36.5,7,3630.0
2461,Femme,41,Bac+2,14,21,Services aux entreprises,Profession intermédiaire,Temps partiel,13.9,11,975.0
3731,Femme,35,Baccalauréat,12,17,Services aux entreprises,Employé,Temps complet,36.3,9,1384.0
3217,H,31,Bac+3/4,15,10,Services aux entreprises,Profession intermédiaire,Temps complet,36.6,10,2542.0
1955,H,37,Bac+2,14,17,Administration publique,Employé,Temps complet,35.0,4,1635.0
1482,Homme,30,CAP-BEP,10,14,Santé - action sociale,Employé,Temps complet,36.6,8,2759.0
2982,Homme,58,Aucun diplôme,7,45,Construction,Ouvrier,Temps complet,36.9,35,2226.0
755,Femme,31,CAP-BEP,10,15,Enseignement,Ouvrier,Temps complet,40.8,2,1762.0
1624,Femme,37,Bac+5 ou plus,17,14,Construction,Employé,Temps complet,36.2,9,1675.0
931,Femme,25,CAP-BEP,10,9,Enseignement,Ouvrier,Temps partiel,15.1,3,860.0
2035,Homme,28,Aucun diplôme,7,15,Industrie,Ouvrier,Temps complet,38.3,1,1274.0
3091,Femme,30,Aucun diplôme,7,17,Services aux entreprises,Ouvrier,Temps complet,37.8,9,1839.0
4234,Homme,44,Baccalauréat,12,26,Services aux entreprises,Employé,Temps complet,36.5,8,3602.0
3421,Femme,28,Baccalauréat,12,10,Services aux entreprises,Employé,Temps complet,34.8,10,2597.0
3448,H,999,Bac+5 ou plus,17,7,Services aux entreprises,Profession intermédiaire,Temps complet,41.3,6,3362.0
3156,Homme,29,Aucun diplôme,7,16,Santé - action sociale,Ouvrier,Temps complet,37.2,16,1367.0
3683,Femme,29,Baccalauréat,12,11,Administration publique,Employé,Temps partiel,26.8,7,2960.0
4763,Homme,33,CAP-BEP,10,17,Services aux entreprises,Employé,Temps complet,39.0,2,3507.0
2099,Homme,26,Baccalauréat,12,8,Enseignement,Employé,Temps complet,36.6,8,1746.0
4647,Femme,35,Bac+2,14,15,Enseignement,Employé,Temps complet,34.0,5,1506.0
1640,Homme,36,Aucun diplôme,7,23,Industrie,Ouvrier,Temps complet,37.2,2,1834.0
794,Homme,37,Bac+5 ou plus,17,14,Administration publique,Cadre,Temps partiel,17.4,6,1877.0
1556,Homme,30,Bac+3/4,15,9,Enseignement,Profession intermédiaire,Temps complet,38.0,9,2650.0
421,H,29,Bac+5 ou plus,17,6,Construction,Employé,Temps complet,38.3,6,2355.0
1767,Homme,30,Baccalauréat,12,12,Enseignement,Employé,Temps complet,37.7,2,1686.0
2269,Homme,33,CAP-BEP,10,17,Santé - action sociale,Ouvrier,Temps complet,35.5,1,
64,Femme,28,Bac+3/4,15,7,Santé - action sociale,Employé,Temps complet,37.1,7,
976,Homme,27,CAP-BEP,10,11,Industrie,Employé,Temps complet,39.9,1,3167.0
2130,Femme,27,Aucun diplôme,7,14,Santé - action sociale,Ouvrier,Temps complet,35.2,2,1095.0
1509,Homme,43,Bac+3/4,15,22,Industrie,Profession intermédiaire,Temps complet,34.0,15,2562.0
1553,Femme,30,CAP-BEP,10,14,Santé - action sociale,Ouvrier,Temps complet,34.6,3,1660.0
3760,Femme,22,Aucun diplôme,7,9,Commerce,Ouvrier,Temps complet,34.6,2,1262.0
350,Femme,41,CAP-BEP,10,25,Industrie,Ouvrier,Temps complet,36.5,10,975.0
689,F,36,Baccalauréat,12,18,Santé - action sociale,Employé,Temps partiel,24.1,6,1129.0
1240,Homme,42,Baccalauréat,12,24,Services aux particuliers,Employé,Temps complet,36.2,13,2116.0
2790,Homme,36,Baccalauréat,12,18,Construction,Employé,Temps complet,39.8,3,2550.0
989,Homme,22,CAP-BEP,10,6,Enseignement,Ouvrier,Temps complet,37.6,6,2331.0
2290,Femme,28,Bac+5 ou plus,17,5,Enseignement,Profession intermédiaire,Temps complet,36.5,5,2721.0
3278,Homme,33,Bac+2,14,13,Commerce,Employé,Temps complet,37.2,3,2532.0
3864,Homme,35,Bac+3/4,15,14,Santé - action sociale,Employé,Temps complet,36.2,4,1831.0
297,Femme,40,Bac+5 ou plus,17,17,Construction,Employé,Temps complet,39.5,16,1363.0
3018,Homme,53,Baccalauréat,12,35,Administration publique,Employé,Temps complet,34.7,6,1543.0
3225,Femme,39,Bac+5 ou plus,17,16,Services aux entreprises,Profession intermédiaire,Temps complet,35.6,11,2964.0
1760,Femme,37,Bac+5 ou plus,17,14,Services aux entreprises,Employé,Temps complet,35.4,3,2177.0
2886,Homme,37,CAP-BEP,10,21,Enseignement,Ouvrier,Temps complet,39.5,13,1941.0
4752,Homme,38,Baccalauréat,12,20,Industrie,Employé,Temps complet,35.4,8,2300.0
3706,Homme,31,Bac+5 ou plus,17,8,Services aux entreprises,Cadre,Temps complet,34.9,8,3516.0
4648,Femme,29,CAP-BEP,10,13,Santé - action sociale,Ouvrier,Temps complet,36.4,3,1866.0
440,Femme,37,Bac+3/4,15,16,Administration publique,Cadre,Temps partiel,22.7,9,2341.0
4549,F,49,Bac+3/4,15,28,Commerce,Profession intermédiaire,Temps complet,37.8,6,2906.0
985,Homme,45,CAP-BEP,10,29,Administration publique,Ouvrier,Temps complet,36.3,10,1881.0
1772,Homme,39,CAP-BEP,10,23,Services aux entreprises,Ouvrier,Temps complet,38.2,23,
2904,Homme,33,Baccalauréat,12,15,Construction,Employé,Temps complet,35.2,5,1818.0
3263,Femme,27,Bac+5 ou plus,17,4,Services aux entreprises,Employé,Temps complet,40.2,4,
4210,H,29,Bac+5 ou plus,17,6,Industrie,Employé,Temps complet,34.9,6,2324.0
3092,F,49,Bac+2,14,29,Administration publique,Employé,Temps complet,35.7,4,2312.0
1707,Femme,29,CAP-BEP,10,13,Services aux entreprises,Ouvrier,Temps complet,36.5,13,2268.0
4786,Femme,26,Bac+2,14,6,Industrie,Profession intermédiaire,Temps complet,37.2,4,
1083,Femme,21,CAP-BEP,10,5,Commerce,Ouvrier,Temps complet,34.0,3,1347.0
2874,Homme,23,CAP-BEP,10,7,Commerce,Employé,Temps complet,35.6,7,2601.0
3534,Homme,29,Baccalauréat,12,11,Santé - action sociale,Employé,Temps complet,37.9,7,2342.0
3204,Homme,42,Bac+3/4,15,21,Services aux entreprises,Employé,Temps complet,36.9,4,1905.0
843,Femme,38,Bac+3/4,15,17,Industrie,Employé,Temps complet,40.9,4,2669.0
1871,Homme,31,CAP-BEP,10,15,Commerce,Ouvrier,Temps complet,38.5,9,1364.0
2545,F,29,Baccalauréat,12,11,Enseignement,Employé,Temps complet,34.0,5,1232.0
3671,Femme,40,CAP-BEP,10,24,Services aux particuliers,Ouvrier,Temps complet,34.7,2,1418.0
855,Homme,53,Bac+2,14,33,Santé - action sociale,Profession intermédiaire,Temps complet,39.6,1,3565.0
4971,Homme,34,CAP-BEP,10,18,Services aux particuliers,Employé,Temps partiel,19.3,7,1632.0
1766,Femme,39,Bac+3/4,15,18,Santé - action sociale,Cadre,Temps complet,36.3,2,3765.0
3624,Homme,30,CAP-BEP,10,14,Services aux entreprises,Ouvrier,Temps complet,35.7,12,2237.0
2239,Homme,43,CAP-BEP,10,27,Commerce,Ouvrier,Temps complet,34.0,3,1837.0
3255,Homme,47,Bac+5 ou plus,17,24,Administration publique,Profession intermédiaire,Temps complet,36.6,12,2789.0
2242,Femme,30,Bac+3/4,15,9,Industrie,Cadre,Temps complet,34.0,3,3771.0
36,Femme,38,Baccalauréat,12,20,Industrie,Employé,Temps complet,36.2,5,2248.0
2777,Homme,35,Baccalauréat,12,17,Industrie,Employé,Temps complet,35.6,4,2440.0
4725,Homme,23,Baccalauréat,12,5,Services aux entreprises,Employé,Temps complet,40.1,1,2549.0
4795,Homme,34,Bac+2,14,14,Services aux entreprises,Employé,Temps complet,35.3,11,2188.0
647,Homme,31,CAP-BEP,10,15,Commerce,Employé,Temps partiel,24.1,2,1605.0
3084,Femme,34,Baccalauréat,12,16,Administration publique,Employé,Temps complet,37.6,6,2208.0
4917,Femme,29,CAP-BEP,10,13,Services aux entreprises,Employé,Temps complet,34.0,4,2221.0
2779,F,47,CAP-BEP,10,31,Services aux entreprises,Employé,Temps complet,34.0,2,3748.0
3969,Femme,34,Bac+2,14,14,Services aux entreprises,Employé,Temps complet,41.4,6,2756.0
3222,Femme,38,Bac+3/4,15,17,Administration publique,Employé,Temps complet,37.7,5,2415.0
4655,Homme,33,Aucun diplôme,7,20,Services aux entreprises,Ouvrier,Temps partiel,13.1,17,
4732,Homme,39,Bac+3/4,15,18,Services aux particuliers,Profession intermédiaire,Temps complet,36.0,5,2696.0
1672,Femme,54,Bac+5 ou plus,17,31,Enseignement,Cadre,Temps partiel,23.4,18,2323.0
531,Femme,20,CAP-BEP,10,4,Services aux entreprises,Ouvrier,Temps complet,34.7,4,1547.0
2350,F,27,Bac+3/4,15,6,Industrie,Employé,Temps complet,36.5,6,1778.0
733,Femme,28,Bac+5 ou plus,17,5,Construction,Employé,Temps complet,38.9,5,1889.0
3343,Femme,36,Baccalauréat,12,18,Services aux entreprises,Employé,Temps complet,36.1,15,1288.0
3101,Femme,29,Aucun diplôme,7,16,Santé - action sociale,Ouvrier,Temps complet,37.5,4,1268.0
1225,Homme,31,Bac+2,14,11,Services aux particuliers,Employé,Temps complet,39.2,11,1480.0
2608,Femme,31,Bac+2,14,11,Construction,Employé,Temps complet,36.6,9,1562.0
703,F,27,Bac+5 ou plus,17,4,Services aux entreprises,Cadre,Temps partiel,25.4,4,2501.0
1475,Femme,32,Baccalauréat,12,14,Administration publique,Employé,Temps complet,34.0,14,2752.0
2450,Femme,36,Bac+3/4,15,15,Services aux entreprises,Employé,Temps complet,36.5,14,2168.0
4184,Femme,26,Bac+3/4,15,5,Services aux particuliers,Profession intermédiaire,Temps complet,35.5,5,
910,Homme,25,CAP-BEP,10,9,Commerce,Ouvrier,Temps partiel,18.8,5,700.0
1066,Homme,31,Bac+3/4,15,10,Services aux entreprises,Profession intermédiaire,Temps complet,36.7,10,3229.0
928,Femme,32,CAP-BEP,10,16,Industrie,Ouvrier,Temps partiel,18.0,5,760.0
915,Femme,36,Bac+2,14,16,Services aux entreprises,Employé,Temps complet,37.9,3,2146.0
3272,Femme,20,CAP-BEP,10,4,Services aux particuliers,Ouvrier,Temps partiel,18.9,4,
586,Homme,24,CAP-BEP,10,8,Industrie,Ouvrier,Temps complet,37.9,8,2143.0
1668,Femme,44,CAP-BEP,10,28,Enseignement,Ouvrier,Temps partiel,20.6,13,773.0
1319,H,27,Aucun diplôme,7,14,Commerce,Ouvrier,Temps complet,38.7,3,1926.0
2429,Homme,30,CAP-BEP,10,14,Administration publique,Ouvrier,Temps complet,34.0,2,1736.0
2054,Homme,42,Bac+5 ou plus,17,19,Enseignement,Cadre,Temps complet,35.7,19,4264.0
1140,Femme,34,Baccalauréat,12,16,Services aux entreprises,Employé,Temps complet,38.6,8,2819.0
592,H,39,Bac+5 ou plus,17,16,Enseignement,Cadre,Temps complet,36.2,16,3903.0
1613,Femme,38,CAP-BEP,10,22,Construction,Ouvrier,Temps partiel,13.5,14,700.0
3083,Femme,27,Bac+5 ou plus,17,4,Services aux entreprises,Cadre,Temps partiel,15.9,3,2157.0
1829,Femme,36,Baccalauréat,12,18,Services aux entreprises,Employé,Temps partiel,23.2,8,1541.0
3215,Homme,29,Bac+3/4,15,8,Commerce,Employé,Temps complet,38.1,8,2222.0
4028,Homme,24,Bac+2,14,4,Enseignement,Profession intermédiaire,Temps complet,37.0,4,2801.0
4886,Femme,43,Baccalauréat,12,25,Services aux entreprises,Employé,Temps complet,35.2,5,2118.0
4262,Femme,26,Aucun diplôme,7,13,Industrie,Ouvrier,Temps partiel,20.2,7,
150,Homme,31,Bac+3/4,15,10,Enseignement,Profession intermédiaire,Temps complet,37.5,6,2765.0
3597,Homme,22,Aucun diplôme,7,9,Administration publique,Ouvrier,Temps complet,34.0,4,1016.0
2882,H,37,Bac+3/4,15,16,Administration publique,Employé,Temps complet,37.2,7,2006.0
2344,Femme,33,Bac+3/4,15,12,Commerce,Profession intermédiaire,Temps partiel,22.8,2,1701.0
2648,Femme,29,Aucun diplôme,7,16,Enseignement,Ouvrier,Temps partiel,26.7,16,902.0
705,F,36,Aucun diplôme,7,23,Services aux entreprises,Ouvrier,Temps complet,38.6,3,1758.0
4395,Homme,33,Baccalauréat,12,15,Commerce,Employé,Temps complet,37.8,6,1780.0
3265,Homme,45,Bac+3/4,15,24,Commerce,Employé,Temps complet,34.0,13,2198.0
3335,Femme,34,Bac+2,14,14,Services aux entreprises,Profession intermédiaire,Temps partiel,16.4,13,1136.0
2061,Homme,53,CAP-BEP,10,37,Santé - action sociale,Ouvrier,Temps complet,35.5,6,2099.0
2403,Femme,31,Baccalauréat,12,13,Industrie,Employé,Temps complet,39.9,2,2370.0
1610,Homme,33,Bac+5 ou plus,17,10,Construction,Profession intermédiaire,Temps complet,35.2,10,2964.0
303,Femme,28,Baccalauréat,12,10,Santé - action sociale,Employé,Temps complet,35.9,6,1723.0
1776,Homme,39,Baccalauréat,12,21,Industrie,Employé,Temps complet,36.7,9,1969.0
3475,Homme,29,Aucun diplôme,7,16,Administration publique,Ouvrier,Temps complet,37.6,8,1297.0
934,Femme,40,Bac+5 ou plus,17,17,Services aux entreprises,Cadre,Temps complet,35.5,5,3390.0
2857,Homme,36,Bac+2,14,16,Commerce,Profession intermédiaire,Temps complet,38.4,5,4264.0
2447,Femme,19,Aucun diplôme,7,6,Administration publique,Ouvrier,Temps complet,38.1,6,1341.0
1151,Homme,33,Bac+2,14,13,Services aux entreprises,Profession intermédiaire,Temps complet,36.4,5,2727.0
858,Homme,32,CAP-BEP,10,16,Services aux entreprises,Ouvrier,Temps complet,39.0,16,2172.0
2393,Homme,56,CAP-BEP,10,40,Services aux particuliers,Ouvrier,Temps complet,37.1,15,1212.0
467,Femme,43,CAP-BEP,10,27,Commerce,Employé,Temps complet,40.7,2,3121.0
1160,Femme,26,CAP-BEP,10,10,Services aux entreprises,Ouvrier,Temps complet,34.0,1,1151.0
4869,Femme,22,Bac+2,14,2,Commerce,Employé,Temps complet,40.2,2,2377.0
2863,H,34,CAP-BEP,10,18,Administration publique,Employé,Temps complet,36.0,11,2783.0
3687,Homme,45,Aucun diplôme,7,32,Industrie,Ouvrier,Temps complet,34.4,8,1377.0
478,Homme,49,Bac+2,14,29,Santé - action sociale,Profession intermédiaire,Temps complet,36.2,4,3660.0
4826,Homme,40,Bac+5 ou plus,17,17,Commerce,Cadre,Temps complet,37.8,6,6200.0
1371,Homme,41,CAP-BEP,10,25,Santé - action sociale,Ouvrier,Temps partiel,17.5,18,700.0
1348,Femme,40,Bac+2,14,20,Commerce,Employé,Temps complet,37.3,9,1677.0
1060,Femme,34,CAP-BEP,10,18,Santé - action sociale,Ouvrier,Temps complet,37.3,5,1316.0
437,Homme,48,Bac+5 ou plus,17,25,Enseignement,Cadre,Temps complet,35.7,5,4020.0
261,Femme,33,Bac+3/4,15,12,Services aux particuliers,Cadre,Temps complet,34.7,3,3330.0
1568,Homme,27,Aucun diplôme,7,14,Construction,Ouvrier,Temps partiel,15.4,4,700.0
4410,Femme,27,Bac+3/4,15,6,Santé - action sociale,Cadre,Temps partiel,22.9,6,2630.0
3518,Homme,37,Baccalauréat,12,19,Commerce,Employé,Temps complet,36.7,7,3071.0
2510,Homme,40,Bac+3/4,15,19,Services aux particuliers,Employé,Temps complet,34.9,11,2319.0
4015,Homme,28,Bac+2,14,8,Services aux entreprises,Profession intermédiaire,Temps complet,34.0,8,3789.0
4487,Homme,33,Bac+3/4,15,12,Services aux entreprises,Employé,Temps complet,34.9,11,1876.0
588,Homme,26,Aucun diplôme,7,13,Santé - action sociale,Ouvrier,Temps partiel,18.6,13,700.0
3583,Femme,41,CAP-BEP,10,25,Services aux particuliers,Ouvrier,Temps complet,34.0,4,941.0
4888,Femme,28,Bac+3/4,15,7,Administration publique,Employé,Temps complet,38.8,7,2362.0
199,Homme,37,Baccalauréat,12,19,Services aux entreprises,Employé,Temps complet,36.5,5,
1635,Femme,29,CAP-BEP,10,13,Industrie,Ouvrier,Temps complet,38.4,8,918.0
3243,Femme,199,Aucun diplôme,7,10,Construction,Ouvrier,Temps partiel,12.4,10,700.0
2639,Homme,27,CAP-BEP,10,11,Administration publique,Ouvrier,Temps complet,36.2,11,2265.0
653,Homme,42,CAP-BEP,10,26,Services aux particuliers,Employé,Temps complet,35.7,8,3726.0
3933,Homme,49,Bac+2,14,29,Industrie,Employé,Temps complet,35.2,4,2013.0
4067,Homme,33,Aucun diplôme,7,20,Industrie,Employé,Temps complet,40.5,4,3225.0
495,Homme,25,Baccalauréat,12,7,Industrie,Employé,Temps complet,36.3,2,1934.0
4097,Femme,41,Bac+5 ou plus,17,18,Industrie,Profession intermédiaire,Temps complet,36.0,18,34548.0
1041,Homme,37,Bac+2,14,17,Services aux entreprises,Profession intermédiaire,Temps complet,34.0,5,4388.0
2990,Femme,40,Aucun diplôme,7,27,Industrie,Ouvrier,Temps complet,34.9,7,1270.0
444,Femme,35,Aucun diplôme,7,22,Santé - action sociale,Ouvrier,Temps complet,34.7,7,1241.0
4575,Homme,21,Aucun diplôme,7,8,Commerce,Ouvrier,Temps partiel,25.7,6,878.0
1805,Femme,21,Baccalauréat,12,3,Santé - action sociale,Employé,Temps complet,34.3,3,1752.0
1116,Femme,25,Aucun diplôme,7,12,Administration publique,Ouvrier,Temps complet,34.0,4,1222.0
662,Homme,46,Bac+2,14,26,Services aux particuliers,Profession intermédiaire,Temps complet,34.1,15,2411.0
2170,Femme,30,CAP-BEP,10,14,Services aux entreprises,Employé,Temps complet,38.5,3,33252.0
3110,Femme,35,Baccalauréat,12,17,Commerce,Employé,Temps partiel,19.5,12,1400.0
2068,Femme,37,Bac+3/4,15,16,Services aux particuliers,Employé,Temps complet,38.3,1,2028.0
4606,Homme,33,Baccalauréat,12,15,Industrie,Employé,Temps complet,36.7,10,1790.0
791,H,37,Bac+3/4,15,16,Administration publique,Cadre,Temps complet,37.7,10,3644.0
35,Homme,24,Aucun diplôme,7,11,Industrie,Employé,Temps complet,36.6,4,2939.0
4125,Homme,42,Bac+3/4,15,21,Industrie,Cadre,Temps partiel,25.5,11,2341.0
3044,Homme,32,Bac+2,14,12,Santé - action sociale,Profession intermédiaire,Temps complet,35.3,1,2709.0
877,Femme,31,CAP-BEP,10,15,Administration publique,Ouvrier,Temps partiel,11.2,7,700.0
3303,Femme,28,Bac+5 ou plus,17,5,Industrie,Cadre,Temps complet,38.1,5,3948.0
3454,F,40,Bac+2,14,20,Administration publique,Employé,Temps partiel,21.6,11,945.0
1510,Femme,33,Baccalauréat,12,15,Services aux particuliers,Employé,Temps complet,37.1,3,2822.0
1749,Homme,35,Bac+2,14,15,Services aux entreprises,Employé,Temps complet,34.0,12,2152.0
2321,Femme,29,Bac+2,14,9,Santé - action sociale,Employé,Temps complet,34.4,6,2162.0
4352,Homme,28,Baccalauréat,12,10,Santé - action sociale,Employé,Temps partiel,24.7,4,764.0
971,Homme,23,Aucun diplôme,7,10,Services aux entreprises,Employé,Temps complet,35.4,5,2775.0
2448,Femme,22,CAP-BEP,10,6,Construction,Ouvrier,Temps complet,34.0,6,1507.0
1329,Femme,35,Bac+3/4,15,14,Commerce,Cadre,Temps complet,34.0,5,3329.0
3151,H,25,Baccalauréat,12,7,Industrie,Employé,Temps complet,34.0,1,1235.0
2799,Femme,21,CAP-BEP,10,5,Santé - action sociale,Ouvrier,Temps complet,39.0,1,1378.0
4005,Homme,34,CAP-BEP,10,18,Construction,Ouvrier,Temps partiel,23.4,12,1129.0
4303,Homme,41,Bac+5 ou plus,17,18,Commerce,Profession intermédiaire,Temps partiel,19.6,4,1773.0
1639,Homme,17,CAP-BEP,10,1,Santé - action sociale,Ouvrier,Temps complet,35.3,1,1088.0
3369,Femme,41,Bac+5 ou plus,17,18,Commerce,Employé,Temps complet,35.4,8,2023.0
2636,Femme,35,Bac+5 ou plus,17,12,Services aux particuliers,Cadre,Temps complet,37.6,3,3577.0
2138,Femme,49,Aucun diplôme,7,36,Services aux entreprises,Employé,Temps partiel,22.6,4,1423.0
61,Femme,28,CAP-BEP,10,12,Administration publique,Ouvrier,Temps partiel,19.8,12,700.0
3694,Homme,32,Bac+5 ou plus,17,9,Enseignement,Cadre,Temps complet,36.5,8,4114.0
672,Femme,28,CAP-BEP,10,12,Industrie,Ouvrier,Temps complet,35.1,8,
182,Femme,36,Bac+3/4,15,15,Services aux entreprises,Cadre,Temps complet,35.2,14,3310.0
3873,Homme,38,Baccalauréat,12,20,Enseignement,Employé,Temps complet,35.3,1,3311.0
2690,F,36,Bac+3/4,15,15,Industrie,Employé,Temps complet,40.0,3,
3383,Femme,26,Bac+2,14,6,Services aux particuliers,Employé,Temps complet,40.1,4,1394.0
790,H,31,CAP-BEP,10,15,Santé - action sociale,Ouvrier,Temps complet,36.5,9,1249.0
2205,Femme,46,Bac+5 ou plus,17,23,Enseignement,Cadre,Temps complet,37.2,2,3884.0
2038,H,34,Bac+3/4,15,13,Services aux entreprises,Cadre,Temps complet,34.0,13,3655.0
4003,Homme,26,CAP-BEP,10,10,Services aux entreprises,Ouvrier,Temps complet,36.7,9,1515.0
1187,Homme,30,Baccalauréat,12,12,Enseignement,Employé,Temps complet,39.0,12,3427.0
384,F,19,Aucun diplôme,7,6,Services aux particuliers,Ouvrier,Temps complet,35.2,6,1417.0
1644,Homme,26,Baccalauréat,12,8,Commerce,Employé,Temps complet,34.0,8,2226.0
3443,F,28,Baccalauréat,12,10,Services aux entreprises,Employé,Temps complet,39.3,10,1932.0
3129,Homme,31,Bac+3/4,15,10,Administration publique,Employé,Temps complet,34.4,2,1886.0
3417,Homme,26,Bac+2,14,6,Services aux particuliers,Employé,Temps complet,38.5,6,2436.0
24,F,23,Baccalauréat,12,5,Industrie,Employé,Temps complet,38.3,5,1315.0
2076,Femme,30,Bac+2,14,10,Administration publique,Profession intermédiaire,Temps complet,38.7,2,2842.0
1957,Femme,35,Bac+5 ou plus,17,12,Construction,Cadre,Temps partiel,26.9,3,2611.0
3260,Femme,33,Aucun diplôme,7,20,Administration publique,Ouvrier,Temps complet,34.0,5,838.0
1435,Homme,34,CAP-BEP,10,18,Industrie,Ouvrier,Temps complet,34.1,9,1349.0
521,Homme,40,Bac+2,14,20,Services aux entreprises,Profession intermédiaire,Temps complet,36.3,4,2772.0
3774,Homme,25,Aucun diplôme,7,12,Santé - action sociale,Ouvrier,Temps complet,35.7,11,1266.0
3440,H,39,Bac+3/4,15,18,Santé - action sociale,Employé,Temps complet,34.6,7,1785.0
1338,Femme,34,Baccalauréat,12,16,Administration publique,Employé,Temps complet,35.6,10,2120.0
1365,Femme,36,Bac+2,14,16,Industrie,Employé,Temps complet,40.6,11,1839.0
973,Femme,39,CAP-BEP,10,23,Services aux entreprises,Ouvrier,Temps partiel,26.3,5,1049.0
1928,Femme,35,Bac+5 ou plus,17,12,Administration publique,Employé,Temps partiel,27.0,8,1475.0
777,Homme,35,CAP-BEP,10,19,Administration publique,Ouvrier,Temps complet,37.3,18,2248.0
3122,Femme,33,CAP-BEP,10,17,Industrie,Employé,Temps partiel,28.9,7,1924.0
2493,Homme,27,CAP-BEP,10,11,Administration publique,Employé,Temps complet,34.0,11,2518.0
1830,Homme,41,CAP-BEP,10,25,Services aux particuliers,Ouvrier,Temps complet,34.0,2,1504.0
4069,Homme,42,Bac+5 ou plus,17,19,Enseignement,Cadre,Temps complet,37.7,15,4090.0
1731,Femme,29,Baccalauréat,12,11,Services aux entreprises,Employé,Temps complet,34.1,11,989.0
4275,Femme,37,CAP-BEP,10,21,Industrie,Ouvrier,Temps complet,36.8,14,1847.0
2610,Homme,31,Baccalauréat,12,13,Services aux entreprises,Employé,Temps complet,34.0,13,2147.0
174,Femme,35,Bac+3/4,15,14,Services aux particuliers,Employé,Temps partiel,24.9,8,1030.0
1515,Homme,35,Bac+3/4,15,14,Enseignement,Employé,Temps complet,37.6,5,1523.0
3994,Homme,30,Bac+2,14,10,Santé - action sociale,Employé,Temps complet,36.8,9,1876.0
836,Femme,55,Bac+5 ou plus,17,32,Santé - action sociale,Cadre,Temps complet,39.4,15,3765.0
2803,Femme,30,CAP-BEP,10,14,Commerce,Ouvrier,Temps partiel,24.0,4,870.0
3246,H,26,Bac+5 ou plus,17,3,Construction,Cadre,Temps complet,37.4,3,3804.0
2016,Femme,34,Bac+5 ou plus,17,11,Santé - action sociale,Profession intermédiaire,Temps partiel,31.2,5,2791.0
4411,H,32,Bac+3/4,15,11,Services aux entreprises,Employé,Temps complet,34.3,6,1853.0
2029,Femme,28,Aucun diplôme,7,15,Construction,Ouvrier,Temps complet,37.6,7,1212.0
3967,Homme,26,Baccalauréat,12,8,Administration publique,Employé,Temps complet,34.0,1,1936.0
2525,Femme,32,Bac+2,14,12,Services aux entreprises,Profession intermédiaire,Temps complet,36.8,6,3727.0
4392,Homme,26,CAP-BEP,10,10,Administration publique,Employé,Temps complet,37.9,10,2954.0
2437,Homme,33,Aucun diplôme,7,20,Services aux entreprises,Ouvrier,Temps complet,35.3,8,823.0
73,Homme,35,Baccalauréat,12,17,Santé - action sociale,Employé,Temps complet,36.5,6,2963.0
1429,Femme,45,Bac+3/4,15,24,Services aux particuliers,Cadre,Temps partiel,27.7,8,2817.0
1625,Homme,29,Bac+5 ou plus,17,6,Santé - action sociale,Profession intermédiaire,Temps complet,38.7,6,2958.0
3046,Homme,39,Bac+5 ou plus,17,16,Enseignement,Cadre,Temps complet,36.2,12,3497.0
4854,Femme,42,Bac+3/4,15,21,Services aux particuliers,Profession intermédiaire,Temps complet,39.4,2,2719.0
2095,Homme,41,CAP-BEP,10,25,Industrie,Ouvrier,Temps complet,34.8,4,1686.0
2132,Femme,31,Baccalauréat,12,13,Santé - action sociale,Employé,Temps complet,36.2,6,1540.0
611,Femme,46,Baccalauréat,12,28,Services aux particuliers,Employé,Temps complet,41.6,10,1937.0
4690,Femme,28,CAP-BEP,10,12,Santé - action sociale,Ouvrier,Temps complet,37.1,7,836.0
4048,Femme,22,CAP-BEP,10,6,Construction,Ouvrier,Temps complet,34.0,6,1088.0
4898,Femme,35,Aucun diplôme,7,22,Commerce,Ouvrier,Temps partiel,25.0,3,700.0
3802,Homme,39,CAP-BEP,10,23,Services aux particuliers,Ouvrier,Temps complet,40.2,5,1179.0
1752,Homme,22,Aucun diplôme,7,9,Santé - action sociale,Ouvrier,Temps partiel,17.0,3,700.0
4919,Homme,42,Bac+3/4,15,21,Services aux entreprises,Profession intermédiaire,Temps complet,35.9,4,2648.0
4461,Homme,35,Bac+5 ou plus,17,12,Industrie,Profession intermédiaire,Temps complet,39.2,11,2863.0
3462,Homme,32,CAP-BEP,10,16,Services aux particuliers,Employé,Temps complet,36.9,5,2562.0
1601,Femme,34,Bac+2,14,14,Commerce,Employé,Temps complet,40.1,8,2548.0
2125,Homme,27,Aucun diplôme,7,14,Industrie,Employé,Temps partiel,23.5,6,1713.0
2978,Femme,23,Aucun diplôme,7,10,Commerce,Ouvrier,Temps complet,35.8,10,1498.0
4436,Homme,29,Baccalauréat,12,11,Enseignement,Employé,Temps complet,36.5,3,1915.0
2047,Femme,29,Bac+2,14,9,Santé - action sociale,Employé,Temps partiel,31.1,9,1678.0
3570,Femme,25,CAP-BEP,10,9,Santé - action sociale,Ouvrier,Temps complet,36.1,9,1375.0
4589,Femme,27,Aucun diplôme,7,14,Industrie,Employé,Temps partiel,18.2,10,1296.0
3681,Femme,29,Aucun diplôme,7,16,Commerce,Ouvrier,Temps complet,35.0,6,1187.0
2577,Homme,34,Bac+3/4,15,13,Santé - action sociale,Employé,Temps complet,35.2,13,1714.0
4770,F,28,Baccalauréat,12,10,Industrie,Employé,Temps complet,34.5,9,1720.0
3954,Homme,36,Bac+5 ou plus,17,13,Administration publique,Cadre,Temps complet,38.0,6,3726.0
170,Homme,25,Baccalauréat,12,7,Enseignement,Employé,Temps complet,34.0,6,1388.0
969,Femme,28,Aucun diplôme,7,15,Santé - action sociale,Ouvrier,Temps complet,37.5,3,923.0
305,Homme,32,Bac+3/4,15,11,Commerce,Cadre,Temps complet,38.9,1,
3547,H,36,CAP-BEP,10,20,Enseignement,Ouvrier,Temps complet,37.3,0,1587.0
997,H,39,CAP-BEP,10,23,Santé - action sociale,Ouvrier,Temps complet,36.0,15,2048.0
1999,Homme,27,Bac+5 ou plus,17,4,Administration publique,Cadre,Temps complet,37.3,4,3514.0
3963,Homme,21,CAP-BEP,10,5,Administration publique,Employé,Temps complet,36.9,2,2587.0
2780,Femme,26,Baccalauréat,12,8,Santé - action sociale,Employé,Temps complet,36.0,8,1741.0
1939,Homme,26,CAP-BEP,10,10,Enseignement,Employé,Temps complet,35.8,5,2276.0
1314,Homme,43,Bac+3/4,15,22,Enseignement,Employé,Temps complet,34.3,0,1832.0
2300,Homme,29,CAP-BEP,10,13,Santé - action sociale,Ouvrier,Temps complet,38.5,3,1512.0
1290,Homme,27,Baccalauréat,12,9,Santé - action sociale,Employé,Temps partiel,18.2,9,974.0
4619,Homme,24,Baccalauréat,12,6,Industrie,Employé,Temps complet,38.0,6,2368.0
4799,Femme,24,CAP-BEP,10,8,Commerce,Ouvrier,Temps complet,35.5,1,
3494,Homme,24,CAP-BEP,10,8,Administration publique,Ouvrier,Temps complet,35.3,8,1829.0
4652,Homme,40,Bac+2,14,20,Services aux particuliers,Employé,Temps complet,37.4,13,1450.0
1000,Homme,30,Bac+2,14,10,Santé - action sociale,Profession intermédiaire,Temps complet,37.5,6,3215.0
3548,Homme,49,Bac+2,14,29,Santé - action sociale,Profession intermédiaire,Temps complet,35.3,11,2643.0
782,Homme,31,Aucun diplôme,7,18,Services aux entreprises,Ouvrier,Temps complet,35.5,11,
3430,Homme,33,Aucun diplôme,7,20,Services aux particuliers,Ouvrier,Temps complet,38.1,15,1659.0
640,Homme,26,Bac+3/4,15,5,Services aux entreprises,Employé,Temps complet,38.2,3,2053.0
4345,Homme,29,Aucun diplôme,7,16,Industrie,Employé,Temps complet,36.6,16,2561.0
382,Homme,21,Aucun diplôme,7,8,Commerce,Ouvrier,Temps complet,37.4,4,1216.0
4843,Homme,47,Bac+3/4,15,26,Services aux particuliers,Profession intermédiaire,Temps complet,40.0,4,2905.0
3509,Homme,49,Bac+3/4,15,28,Santé - action sociale,Cadre,Temps complet,38.6,4,4077.0
4805,Homme,24,Bac+2,14,4,Commerce,Employé,Temps partiel,24.8,4,1390.0
3756,Femme,29,Baccalauréat,12,11,Services aux particuliers,Employé,Temps partiel,27.7,11,1075.0
712,Homme,26,Aucun diplôme,7,13,Construction,Ouvrier,Temps complet,34.6,13,1931.0
828,F,48,Bac+2,14,28,Services aux entreprises,Profession intermédiaire,Temps partiel,9.2,4,1266.0
520,Homme,40,Bac+2,14,20,Administration publique,Profession intermédiaire,Temps complet,34.0,17,2364.0
2820,H,32,Baccalauréat,12,14,Industrie,Employé,Temps complet,36.4,4,3764.0
347,Homme,41,Bac+3/4,15,20,Industrie,Cadre,Temps complet,36.1,9,3405.0
594,Homme,37,CAP-BEP,10,21,Services aux entreprises,Employé,Temps complet,36.5,5,
1970,Femme,23,Aucun diplôme,7,10,Commerce,Ouvrier,Temps complet,36.8,6,1680.0
1714,Homme,24,Aucun diplôme,7,11,Commerce,Ouvrier,Temps complet,34.6,9,1502.0
2452,Femme,32,Baccalauréat,12,14,Services aux entreprises,Employé,Temps complet,34.6,5,1506.0
4014,Homme,33,Aucun diplôme,7,20,Services aux entreprises,Ouvrier,Temps complet,35.2,5,1446.0
3614,F,29,Bac+3/4,15,8,Services aux entreprises,Profession intermédiaire,Temps complet,38.6,8,2980.0
3905,Homme,37,Aucun diplôme,7,24,Santé - action sociale,Ouvrier,Temps complet,34.5,8,1695.0
3142,Femme,32,Baccalauréat,12,14,Services aux particuliers,Employé,Temps complet,38.2,3,1591.0
3817,Femme,31,CAP-BEP,10,15,Administration publique,Ouvrier,Temps partiel,25.9,4,1096.0
680,Homme,37,CAP-BEP,10,21,Construction,Employé,Temps complet,35.1,3,3371.0
1217,Femme,16,Aucun diplôme,7,2,Industrie,Ouvrier,Temps complet,37.6,2,846.0
1278,Homme,20,CAP-BEP,10,4,Services aux entreprises,Ouvrier,Temps complet,36.3,4,1362.0
3688,Homme,24,Aucun diplôme,7,11,Industrie,Ouvrier,Temps complet,37.4,11,2123.0
608,Homme,34,Bac+2,14,14,Enseignement,Profession intermédiaire,Temps complet,36.1,5,
3581,Homme,20,Baccalauréat,12,2,Administration publique,Employé,Temps complet,34.0,2,1816.0
2572,Femme,22,CAP-BEP,10,6,Industrie,Ouvrier,Temps complet,34.0,4,1471.0
1628,Femme,30,Aucun diplôme,7,17,Services aux entreprises,Ouvrier,Temps complet,34.0,10,1923.0
2531,Femme,37,Baccalauréat,12,19,Enseignement,Employé,Temps partiel,28.2,8,1717.0
650,Femme,31,Bac+3/4,15,10,Santé - action sociale,Employé,Temps complet,34.0,8,1738.0
2018,Homme,32,Bac+2,14,12,Services aux particuliers,Profession intermédiaire,Temps complet,34.7,8,2646.0
1674,Femme,25,Baccalauréat,12,7,Services aux particuliers,Employé,Temps partiel,22.5,5,909.0
3478,Femme,23,Bac+3/4,15,2,Industrie,Profession intermédiaire,Temps partiel,30.5,2,2692.0
1419,Homme,29,Bac+2,14,9,Services aux entreprises,Profession intermédiaire,Temps complet,38.2,9,4233.0
975,Femme,20,CAP-BEP,10,4,Services aux entreprises,Ouvrier,Temps complet,34.3,3,1097.0
4311,Femme,26,Bac+3/4,15,5,Services aux entreprises,Employé,Temps complet,36.7,3,1510.0
1432,Homme,46,Aucun diplôme,7,33,Industrie,Ouvrier,Temps complet,35.7,4,1353.0
4832,Homme,41,Bac+3/4,15,20,Enseignement,Profession intermédiaire,Temps complet,34.0,15,2519.0
1155,Homme,31,Baccalauréat,12,13,Commerce,Employé,Temps complet,36.1,5,1934.0
2189,Homme,35,Aucun diplôme,7,22,Services aux entreprises,Ouvrier,Temps partiel,27.7,5,1196.0
3545,Homme,32,CAP-BEP,10,16,Commerce,Ouvrier,Temps complet,34.7,13,
4347,Homme,25,Bac+2,14,5,Enseignement,Profession intermédiaire,Temps complet,34.0,5,3558.0
3293,Femme,38,CAP-BEP,10,22,Services aux particuliers,Ouvrier,Temps complet,37.2,7,973.0
4768,Femme,23,CAP-BEP,10,7,Services aux entreprises,Ouvrier,Temps complet,36.8,7,1972.0
3886,Homme,31,Bac+2,14,11,Construction,Profession intermédiaire,Temps complet,36.5,10,2949.0
951,Femme,22,Baccalauréat,12,4,Commerce,Employé,Temps complet,38.4,4,2352.0
2306,Homme,41,Bac+3/4,15,20,Industrie,Employé,Temps complet,39.2,11,2662.0
2451,Femme,21,CAP-BEP,10,5,Construction,Ouvrier,Temps complet,39.3,5,1185.0
3261,Femme,28,Bac+2,14,8,Services aux particuliers,Employé,Temps complet,36.0,8,1785.0
44,Femme,39,Bac+5 ou plus,17,16,Construction,Profession intermédiaire,Temps complet,38.0,6,2823.0
4895,Femme,39,Bac+5 ou plus,17,16,Construction,Cadre,Temps complet,37.2,5,3837.0
1971,Femme,27,Aucun diplôme,7,14,Construction,Ouvrier,Temps complet,39.0,4,1193.0
805,Homme,27,CAP-BEP,10,11,Santé - action sociale,Employé,Temps complet,35.6,10,2348.0
3909,Homme,44,CAP-BEP,10,28,Santé - action sociale,Employé,Temps partiel,22.5,16,1528.0
4837,Homme,35,CAP-BEP,10,19,Administration publique,Employé,Temps complet,38.5,13,
4008,Femme,29,Bac+2,14,9,Services aux particuliers,Employé,Temps complet,35.8,6,
3352,Femme,36,Bac+2,14,16,Industrie,Employé,Temps complet,39.8,1,1818.0
56,Homme,30,Bac+5 ou plus,17,7,Services aux entreprises,Profession intermédiaire,Temps complet,38.5,7,3284.0
301,Femme,38,CAP-BEP,10,22,Services aux particuliers,Ouvrier,Temps complet,36.2,11,1561.0
4322,Femme,30,CAP-BEP,10,14,Industrie,Ouvrier,Temps partiel,20.9,8,1156.0
2848,Femme,23,CAP-BEP,10,7,Commerce,Ouvrier,Temps complet,35.6,7,1300.0
2508,Homme,49,CAP-BEP,10,33,Services aux entreprises,Employé,Temps complet,37.2,25,3816.0
4036,Homme,50,Bac+5 ou plus,17,27,Administration publique,Cadre,Temps complet,34.3,5,3956.0
3398,Homme,43,Bac+3/4,15,22,Services aux particuliers,Employé,Temps complet,34.7,13,1834.0
4280,Femme,34,Bac+2,14,14,Administration publique,Employé,Temps partiel,33.0,5,1861.0
2638,Femme,39,Baccalauréat,12,21,Services aux entreprises,Employé,Temps complet,34.8,20,1409.0
493,Femme,24,CAP-BEP,10,8,Santé - action sociale,Ouvrier,Temps partiel,23.3,1,949.0
3301,H,37,Baccalauréat,12,19,Santé - action sociale,Employé,Temps complet,40.5,3,1694.0
3607,Homme,25,Bac+3/4,15,4,Services aux entreprises,Employé,Temps complet,38.3,4,2209.0
138,Femme,24,Baccalauréat,12,6,Construction,Employé,Temps complet,38.6,1,1519.0
2522,Femme,40,Bac+2,14,20,Services aux particuliers,Profession intermédiaire,Temps complet,39.5,9,2714.0
4521,Homme,48,Baccalauréat,12,30,Construction,Employé,Temps complet,38.1,3,2052.0
1165,Homme,24,Baccalauréat,12,6,Santé - action sociale,Employé,Temps complet,37.0,6,1958.0
979,Homme,24,Aucun diplôme,7,11,Commerce,Ouvrier,Temps complet,36.8,7,1780.0
1566,Homme,36,Bac+5 ou plus,17,13,Services aux particuliers,Employé,Temps partiel,25.7,4,1667.0
1048,Homme,35,CAP-BEP,10,19,Enseignement,Ouvrier,Temps complet,37.5,14,2080.0
1183,Femme,29,Bac+2,14,9,Services aux particuliers,Employé,Temps partiel,26.3,8,1599.0
1493,Femme,41,Bac+5 ou plus,17,18,Administration publique,Cadre,Temps complet,35.6,10,4192.0
4633,Homme,37,Bac+3/4,15,16,Services aux particuliers,Employé,Temps complet,38.9,1,1497.0
2425,Homme,47,Bac+5 ou plus,17,24,Construction,Cadre,Temps complet,38.0,2,3593.0
1051,Femme,36,Bac+5 ou plus,17,13,Administration publique,Profession intermédiaire,Temps complet,37.4,2,2649.0
2665,Homme,30,Bac+3/4,15,9,Services aux entreprises,Cadre,Temps partiel,27.5,2,3056.0
4784,Homme,40,CAP-BEP,10,24,Services aux entreprises,Employé,Temps complet,36.3,12,3606.0
2705,Femme,23,CAP-BEP,10,7,Services aux entreprises,Ouvrier,Temps complet,36.4,6,1945.0
2342,Homme,27,Baccalauréat,12,9,Services aux particuliers,Employé,Temps complet,35.3,2,2165.0
1170,Femme,40,CAP-BEP,10,24,Commerce,Ouvrier,Temps complet,38.2,13,1025.0
4979,Femme,27,CAP-BEP,10,11,Commerce,Ouvrier,Temps complet,39.4,4,2091.0
369,H,27,CAP-BEP,10,11,Commerce,Ouvrier,Temps complet,35.8,9,1479.0
4746,Femme,27,Baccalauréat,12,9,Commerce,Employé,Temps complet,34.6,9,1326.0
3489,F,28,Baccalauréat,12,10,Enseignement,Employé,Temps complet,34.0,10,19056.0
4307,Homme,44,Aucun diplôme,7,31,Construction,Employé,Temps complet,34.9,15,
2976,Femme,28,CAP-BEP,10,12,Industrie,Ouvrier,Temps complet,36.2,7,1078.0
4413,Femme,26,CAP-BEP,10,10,Administration publique,Ouvrier,Temps complet,34.3,10,1650.0
1686,Femme,33,Baccalauréat,12,15,Santé - action sociale,Employé,Temps complet,35.7,5,3059.0
2862,Femme,35,Bac+5 ou plus,17,12,Industrie,Cadre,Temps complet,34.7,3,
580,Homme,46,Bac+3/4,15,25,Construction,Cadre,Temps complet,38.2,5,6052.0
1693,F,35,CAP-BEP,10,19,Services aux particuliers,Ouvrier,Temps complet,38.1,6,1427.0
1987,Homme,38,Baccalauréat,12,20,Services aux particuliers,Employé,Temps complet,38.4,8,2194.0
670,Femme,45,Bac+5 ou plus,17,22,Administration publique,Cadre,Temps complet,34.0,22,3825.0
190,Homme,34,Bac+2,14,14,Services aux entreprises,Profession intermédiaire,Temps complet,35.4,4,3144.0
2023,Homme,38,Bac+2,14,18,Santé - action sociale,Employé,Temps complet,36.4,12,2402.0
1502,Homme,35,Bac+2,14,15,Commerce,Employé,Temps complet,38.7,6,2130.0
3520,Femme,27,Baccalauréat,12,9,Administration publique,Employé,Temps complet,39.7,9,
20,Femme,24,Bac+3/4,15,3,Services aux particuliers,Profession intermédiaire,Temps complet,38.1,3,2698.0
4778,Femme,21,CAP-BEP,10,5,Services aux particuliers,Ouvrier,Temps complet,37.6,5,1371.0
1229,Homme,55,Bac+3/4,15,34,Administration publique,Profession intermédiaire,Temps complet,35.6,8,2517.0
4914,Homme,37,CAP-BEP,10,21,Santé - action sociale,Ouvrier,Temps complet,35.3,3,1764.0
2801,Homme,24,Baccalauréat,12,6,Services aux entreprises,Employé,Temps partiel,17.6,6,1018.0
2733,Homme,36,Bac+3/4,15,15,Industrie,Employé,Temps complet,38.2,6,2562.0
2178,Homme,40,Bac+5 ou plus,17,17,Services aux entreprises,Cadre,Temps complet,41.5,8,4818.0
289,Homme,31,Bac+5 ou plus,17,8,Santé - action sociale,Cadre,Temps complet,35.8,3,4317.0
1105,Femme,25,Bac+3/4,15,4,Commerce,Employé,Temps complet,35.2,4,1841.0
2235,Femme,60,Bac+5 ou plus,17,37,Santé - action sociale,Cadre,Temps complet,40.9,5,8901.0
122,Homme,51,Bac+2,14,31,Santé - action sociale,Profession intermédiaire,Temps complet,37.2,1,3766.0
568,Femme,24,Aucun diplôme,7,11,Commerce,Ouvrier,Temps complet,38.0,3,
2181,Femme,32,Bac+3/4,15,11,Administration publique,Employé,Temps complet,39.3,8,2595.0
3057,Homme,38,Bac+5 ou plus,17,15,Santé - action sociale,Cadre,Temps complet,37.7,7,6390.0
488,Femme,27,Bac+2,14,7,Services aux particuliers,Profession intermédiaire,Temps partiel,20.7,4,1678.0
940,Femme,42,Baccalauréat,12,24,Administration publique,Employé,Temps complet,39.0,3,1759.0
4155,Homme,50,Baccalauréat,12,32,Santé - action sociale,Employé,Temps complet,36.0,4,3103.0
1265,Femme,43,Bac+5 ou plus,17,20,Enseignement,Employé,Temps complet,34.0,12,1628.0
4185,Homme,42,Bac+5 ou plus,17,19,Administration publique,Profession intermédiaire,Temps complet,38.0,3,3131.0
3423,Homme,25,CAP-BEP,10,9,Administration publique,Employé,Temps complet,35.0,9,2541.0
4500,Homme,45,CAP-BEP,10,29,Construction,Employé,Temps complet,36.0,1,2357.0
1841,Femme,28,Bac+2,14,8,Construction,Employé,Temps complet,38.2,3,2567.0
2723,Femme,56,Baccalauréat,12,38,Administration publique,Employé,Temps partiel,20.8,5,1113.0
2302,Femme,37,Aucun diplôme,7,24,Santé - action sociale,Ouvrier,Temps complet,36.7,5,959.0
1015,H,26,Bac+2,14,6,Commerce,Employé,Temps complet,36.6,6,2434.0
4982,Homme,32,Bac+5 ou plus,17,9,Administration publique,Cadre,Temps complet,38.0,9,
4177,Femme,46,Baccalauréat,12,28,Enseignement,Employé,Temps complet,37.8,5,1950.0
2726,Femme,59,Baccalauréat,12,41,Services aux particuliers,Employé,Temps complet,37.1,23,2178.0
4599,Homme,30,Baccalauréat,12,12,Services aux entreprises,Employé,Temps complet,34.8,4,3454.0
1698,Femme,30,Bac+3/4,15,9,Industrie,Employé,Temps complet,39.0,3,1471.0
1201,Homme,25,CAP-BEP,10,9,Services aux entreprises,Ouvrier,Temps partiel,19.3,7,825.0
4562,Femme,28,CAP-BEP,10,12,Construction,Ouvrier,Temps partiel,24.2,2,1070.0
4170,Homme,24,Aucun diplôme,7,11,Services aux entreprises,Ouvrier,Temps complet,35.9,7,1876.0
4554,Femme,34,Bac+2,14,14,Services aux particuliers,Profession intermédiaire,Temps complet,36.3,8,3531.0
1149,Femme,33,CAP-BEP,10,17,Services aux particuliers,Ouvrier,Temps complet,34.0,4,995.0
3990,Homme,34,Bac+2,14,14,Commerce,Employé,Temps complet,38.4,14,2192.0
4302,Homme,38,Bac+2,14,18,Commerce,Profession intermédiaire,Temps complet,35.0,4,3012.0
2702,Femme,26,Baccalauréat,12,8,Santé - action sociale,Employé,Temps complet,39.4,8,2051.0
449,Homme,30,Baccalauréat,12,12,Services aux particuliers,Employé,Temps complet,40.0,3,2162.0
4503,F,39,Bac+5 ou plus,17,16,Administration publique,Profession intermédiaire,Temps complet,37.6,12,3029.0
1514,Femme,18,Aucun diplôme,7,5,Enseignement,Ouvrier,Temps complet,40.5,5,898.0
3326,Femme,29,Aucun diplôme,7,16,Administration publique,Ouvrier,Temps complet,38.1,3,991.0
3955,Femme,29,Baccalauréat,12,11,Commerce,Employé,Temps complet,36.3,11,1500.0
3746,Femme,26,Baccalauréat,12,8,Commerce,Employé,Temps complet,35.2,5,
1085,Femme,35,CAP-BEP,10,19,Administration publique,Ouvrier,Temps complet,35.5,7,1047.0
1198,Femme,27,Bac+3/4,15,6,Services aux entreprises,Cadre,Temps complet,36.4,6,
1163,Homme,57,Bac+3/4,15,36,Industrie,Cadre,Temps partiel,22.0,9,2197.0
697,Homme,21,CAP-BEP,10,5,Services aux entreprises,Employé,Temps complet,41.2,5,2935.0
4373,Femme,40,CAP-BEP,10,24,Construction,Employé,Temps partiel,22.7,11,1706.0
1789,Homme,38,Baccalauréat,12,20,Services aux entreprises,Employé,Temps complet,34.1,18,1238.0
2775,Femme,35,Baccalauréat,12,17,Services aux entreprises,Employé,Temps complet,35.6,17,2186.0
2715,Homme,39,Baccalauréat,12,21,Administration publique,Employé,Temps complet,34.0,2,2596.0
2595,Femme,28,CAP-BEP,10,12,Santé - action sociale,Ouvrier,Temps complet,36.3,8,2153.0
1359,Femme,37,Bac+5 ou plus,17,14,Services aux entreprises,Employé,Temps complet,34.2,6,1489.0
1780,Femme,36,CAP-BEP,10,20,Administration publique,Ouvrier,Temps complet,37.8,1,2123.0
1972,Homme,37,Baccalauréat,12,19,Services aux particuliers,Employé,Temps complet,35.6,10,1814.0
136,Femme,48,CAP-BEP,10,32,Services aux entreprises,Ouvrier,Temps complet,36.4,3,1858.0
4447,Homme,31,Bac+5 ou plus,17,8,Administration publique,Cadre,Temps partiel,19.2,5,2247.0
980,Femme,28,Bac+3/4,15,7,Industrie,Employé,Temps partiel,24.9,2,1393.0
3078,Femme,21,Bac+2,14,1,Administration publique,Profession intermédiaire,Temps complet,35.2,1,3019.0
3419,Homme,35,Baccalauréat,12,17,Commerce,Employé,Temps complet,36.7,7,1946.0
3437,Homme,58,Baccalauréat,12,40,Enseignement,Employé,Temps partiel,23.3,6,1088.0
3483,Femme,24,CAP-BEP,10,8,Services aux entreprises,Ouvrier,Temps partiel,20.2,8,897.0
1333,Homme,23,CAP-BEP,10,7,Commerce,Ouvrier,Temps complet,35.3,6,1872.0
686,Femme,19,Aucun diplôme,7,6,Services aux entreprises,Ouvrier,Temps partiel,18.9,6,700.0
3117,Homme,38,Bac+3/4,15,17,Santé - action sociale,Employé,Temps partiel,19.2,3,1081.0
1694,Homme,34,Bac+5 ou plus,17,11,Santé - action sociale,Cadre,Temps complet,35.3,1,4769.0
4327,Homme,32,Aucun diplôme,7,19,Industrie,Ouvrier,Temps complet,36.6,5,1091.0
1430,Femme,33,Bac+3/4,15,12,Services aux entreprises,Profession intermédiaire,Temps complet,35.1,9,2702.0
748,Femme,58,CAP-BEP,10,42,Services aux entreprises,Ouvrier,Temps partiel,21.0,7,1059.0
2691,Femme,31,Bac+3/4,15,10,Santé - action sociale,Employé,Temps partiel,14.1,10,940.0
824,Homme,50,Bac+2,14,30,Administration publique,Employé,Temps complet,43.3,1,
2838,Femme,39,CAP-BEP,10,23,Services aux particuliers,Employé,Temps complet,34.0,7,2308.0
2643,Homme,38,Baccalauréat,12,20,Services aux entreprises,Employé,Temps complet,37.7,7,2799.0
2928,Homme,19,Baccalauréat,12,1,Services aux particuliers,Employé,Temps complet,36.1,1,1426.0
4740,Femme,29,CAP-BEP,10,13,Enseignement,Ouvrier,Temps complet,35.0,13,1092.0
2124,Femme,53,Bac+5 ou plus,17,30,Construction,Profession intermédiaire,Temps complet,34.0,17,3026.0
1003,Femme,30,Bac+2,14,10,Construction,Employé,Temps complet,36.2,5,1777.0
1748,Femme,32,Bac+5 ou plus,17,9,Services aux entreprises,Profession intermédiaire,Temps complet,37.1,2,2651.0
1853,Femme,33,Bac+2,14,13,Administration publique,Profession intermédiaire,Temps complet,36.7,1,
2630,Homme,20,Baccalauréat,12,2,Enseignement,Employé,Temps complet,35.8,2,2195.0
4849,Homme,37,Bac+5 ou plus,17,14,Commerce,Profession intermédiaire,Temps complet,35.6,12,2600.0
413,Homme,32,Bac+2,14,12,Industrie,Employé,Temps complet,35.1,5,2099.0
3589,Homme,41,Bac+2,14,21,Santé - action sociale,Employé,Temps complet,38.8,10,1820.0
269,Femme,26,CAP-BEP,10,10,Santé - action sociale,Ouvrier,Temps complet,34.7,5,2175.0
3511,Femme,32,CAP-BEP,10,16,Commerce,Ouvrier,Temps complet,34.9,5,1323.0
1903,Homme,26,Bac+2,14,6,Enseignement,Profession intermédiaire,Temps complet,38.4,6,2993.0
159,Femme,36,Baccalauréat,12,18,Services aux entreprises,Employé,Temps complet,34.0,18,2109.0
4011,Homme,27,Bac+2,14,7,Santé - action sociale,Employé,Temps complet,36.3,6,1537.0
2360,Homme,37,Bac+5 ou plus,17,14,Santé - action sociale,Cadre,Temps complet,35.4,4,4097.0
4222,Homme,37,Bac+5 ou plus,17,14,Industrie,Profession intermédiaire,Temps complet,34.0,12,2663.0
4208,Homme,22,Baccalauréat,12,4,Construction,Employé,Temps complet,38.3,4,1934.0
3192,Femme,45,Bac+3/4,15,24,Services aux particuliers,Employé,Temps complet,35.3,1,
912,Homme,30,Bac+5 ou plus,17,7,Industrie,Employé,Temps complet,35.6,6,2226.0
957,Homme,39,Baccalauréat,12,21,Administration publique,Employé,Temps complet,36.4,6,2277.0
1108,Homme,34,Baccalauréat,12,16,Commerce,Employé,Temps complet,40.8,1,2509.0
3286,Homme,28,CAP-BEP,10,12,Services aux entreprises,Ouvrier,Temps complet,34.0,3,1422.0
2592,Homme,27,Baccalauréat,12,9,Industrie,Employé,Temps complet,36.0,7,2820.0
1849,Femme,39,Bac+2,14,19,Services aux entreprises,Profession intermédiaire,Temps partiel,28.1,11,2915.0
3149,Homme,0,Bac+3/4,15,10,Services aux entreprises,Profession intermédiaire,Temps complet,34.0,6,2794.0
1356,Femme,24,Bac+2,14,4,Services aux entreprises,Profession intermédiaire,Temps complet,37.6,4,3859.0
248,Homme,33,Baccalauréat,12,15,Santé - action sociale,Employé,Temps complet,37.7,9,2882.0
1670,Homme,32,Bac+2,14,12,Santé - action sociale,Profession intermédiaire,Temps complet,34.2,2,3196.0
2924,Homme,40,Baccalauréat,12,22,Enseignement,Employé,Temps complet,37.5,3,2277.0
1922,Femme,23,Aucun diplôme,7,10,Commerce,Ouvrier,Temps partiel,18.7,4,700.0
499,Homme,17,Aucun diplôme,7,4,Commerce,Ouvrier,Temps complet,35.9,4,775.0
1342,Homme,33,CAP-BEP,10,17,Services aux entreprises,Employé,Temps complet,38.6,17,3133.0
4087,Femme,21,CAP-BEP,10,5,Santé - action sociale,Ouvrier,Temps complet,34.0,5,2131.0
3720,Femme,21,CAP-BEP,10,5,Services aux particuliers,Ouvrier,Temps complet,39.6,5,2199.0
151,Homme,39,Bac+3/4,15,18,Administration publique,Cadre,Temps complet,35.9,6,3900.0
1264,Femme,34,Bac+3/4,15,13,Services aux entreprises,Employé,Temps complet,36.5,11,2388.0
1211,Femme,30,Bac+3/4,15,9,Industrie,Profession intermédiaire,Temps complet,41.7,9,
3730,Homme,31,Aucun diplôme,7,18,Santé - action sociale,Ouvrier,Temps complet,34.4,4,700.0
1362,Femme,35,Aucun diplôme,7,22,Administration publique,Ouvrier,Temps partiel,20.3,7,700.0
3827,Homme,33,Bac+2,14,13,Administration publique,Profession intermédiaire,Temps complet,38.5,8,3619.0
2889,Homme,28,CAP-BEP,10,12,Santé - action sociale,Employé,Temps partiel,24.0,3,2235.0
2323,Femme,30,Bac+2,14,10,Enseignement,Employé,Temps partiel,19.9,7,1043.0
2893,H,32,Bac+2,14,12,Commerce,Employé,Temps complet,37.9,5,2175.0
4283,Homme,32,Bac+2,14,12,Santé - action sociale,Employé,Temps complet,34.2,8,1773.0
2876,Homme,27,CAP-BEP,10,11,Santé - action sociale,Ouvrier,Temps complet,34.8,9,2089.0
1962,Femme,47,Bac+5 ou plus,17,24,Commerce,Cadre,Temps partiel,17.1,4,2564.0
3253,Homme,65,Bac+2,14,45,Services aux entreprises,Profession intermédiaire,Temps complet,39.4,4,3790.0
3768,Homme,29,Bac+2,14,9,Services aux particuliers,Profession intermédiaire,Temps complet,38.4,9,3729.0
4684,Homme,20,Aucun diplôme,7,7,Services aux entreprises,Ouvrier,Temps complet,36.0,7,700.0
1840,Femme,37,Bac+2,14,17,Commerce,Employé,Temps complet,39.2,11,2359.0
2995,Homme,37,Baccalauréat,12,19,Commerce,Employé,Temps complet,34.0,12,1624.0
3852,Femme,29,Aucun diplôme,7,16,Administration publique,Ouvrier,Temps partiel,23.9,7,1197.0
1901,Femme,46,CAP-BEP,10,30,Santé - action sociale,Ouvrier,Temps partiel,16.8,11,700.0
1431,Homme,27,Aucun diplôme,7,14,Services aux entreprises,Ouvrier,Temps complet,37.3,1,2035.0
4627,Femme,31,Bac+3/4,15,10,Services aux entreprises,Employé,Temps complet,37.0,6,2454.0
4052,Homme,22,CAP-BEP,10,6,Services aux entreprises,Employé,Temps complet,35.9,4,2659.0
840,Homme,27,Aucun diplôme,7,14,Administration publique,Ouvrier,Temps complet,34.0,1,1150.0
4251,Femme,39,Baccalauréat,12,21,Santé - action sociale,Employé,Temps partiel,24.9,17,1619.0
3069,Homme,39,CAP-BEP,10,23,Services aux particuliers,Employé,Temps complet,34.0,7,3515.0
149,Homme,25,Bac+3/4,15,4,Administration publique,Employé,Temps complet,34.3,4,1837.0
1936,Homme,26,CAP-BEP,10,10,Commerce,Employé,Temps complet,39.2,2,2944.0
1097,Femme,18,CAP-BEP,10,2,Services aux entreprises,Ouvrier,Temps complet,38.1,2,
3650,Femme,25,Aucun diplôme,7,12,Enseignement,Ouvrier,Temps complet,34.0,6,1065.0
2265,Homme,199,Bac+2,14,7,Industrie,Employé,Temps complet,37.0,7,2358.0
4559,Femme,34,Bac+2,14,14,Santé - action sociale,Employé,Temps partiel,20.7,5,1401.0
2711,Homme,21,Aucun diplôme,7,8,Industrie,Ouvrier,Temps complet,38.3,8,1210.0
4448,H,41,Bac+2,14,21,Enseignement,Profession intermédiaire,Temps complet,36.8,10,2821.0
311,F,19,CAP-BEP,10,3,Administration publique,Employé,Temps complet,37.9,3,2549.0
1565,Homme,23,CAP-BEP,10,7,Administration publique,Ouvrier,Temps complet,39.2,2,1050.0
4862,Homme,33,CAP-BEP,10,17,Services aux entreprises,Employé,Temps complet,34.0,13,2499.0
560,F,43,Bac+2,14,23,Commerce,Employé,Temps complet,40.7,13,2764.0
3442,H,31,Bac+5 ou plus,17,8,Commerce,Profession intermédiaire,Temps complet,39.4,8,3526.0
3631,Femme,36,Bac+2,14,16,Services aux entreprises,Profession intermédiaire,Temps complet,36.9,16,3317.0
1322,Femme,37,Bac+3/4,15,16,Administration publique,Employé,Temps complet,35.9,8,2384.0
2552,Homme,39,Aucun diplôme,7,26,Services aux entreprises,Ouvrier,Temps complet,38.2,4,1436.0
1750,Homme,34,Bac+2,14,14,Services aux entreprises,Employé,Temps complet,36.4,8,2277.0
4545,Homme,28,Aucun diplôme,7,15,Services aux entreprises,Ouvrier,Temps complet,35.4,5,1390.0
2247,Homme,29,Aucun diplôme,7,16,Services aux entreprises,Employé,Temps complet,37.0,15,
2574,Homme,35,Baccalauréat,12,17,Industrie,Employé,Temps complet,35.4,9,2643.0
1161,Femme,34,Bac+5 ou plus,17,11,Construction,Profession intermédiaire,Temps complet,34.0,5,2476.0
3924,Homme,32,Aucun diplôme,7,19,Services aux particuliers,Employé,Temps complet,38.3,2,2737.0
3302,Homme,33,Bac+3/4,15,12,Services aux entreprises,Profession intermédiaire,Temps complet,34.6,4,2989.0
1207,Homme,30,Bac+3/4,15,9,Commerce,Employé,Temps complet,41.4,5,2239.0
3881,Femme,42,Aucun diplôme,7,29,Santé - action sociale,Ouvrier,Temps partiel,28.4,12,1063.0
4695,Homme,41,Bac+5 ou plus,17,18,Enseignement,Cadre,Temps complet,34.0,6,3500.0
443,Homme,28,Bac+3/4,15,7,Industrie,Profession intermédiaire,Temps partiel,14.5,4,1177.0
1453,Homme,33,Bac+2,14,13,Services aux particuliers,Profession intermédiaire,Temps complet,37.9,6,2687.0
1179,Homme,28,Bac+5 ou plus,17,5,Commerce,Employé,Temps complet,40.8,5,1858.0
1753,Homme,32,Bac+5 ou plus,17,9,Services aux entreprises,Cadre,Temps complet,37.0,9,3809.0
2028,Homme,22,CAP-BEP,10,6,Commerce,Ouvrier,Temps complet,35.9,3,1649.0
4997,Homme,38,Bac+5 ou plus,17,15,Services aux particuliers,Employé,Temps partiel,28.4,12,1859.0
671,Femme,29,Bac+3/4,15,8,Administration publique,Employé,Temps complet,36.8,2,1734.0
4641,Femme,45,Baccalauréat,12,27,Services aux entreprises,Employé,Temps partiel,24.8,8,1958.0
1126,Homme,44,CAP-BEP,10,28,Construction,Employé,Temps partiel,24.5,3,
3544,Femme,27,Baccalauréat,12,9,Santé - action sociale,Employé,Temps complet,39.9,9,1945.0
4431,Femme,35,Bac+5 ou plus,17,12,Industrie,Profession intermédiaire,Temps complet,36.0,8,2858.0
1174,Homme,26,CAP-BEP,10,10,Industrie,Ouvrier,Temps complet,35.7,5,1283.0
4753,Femme,36,Baccalauréat,12,18,Services aux entreprises,Employé,Temps complet,38.7,4,
124,Femme,30,Bac+2,14,10,Industrie,Employé,Temps complet,36.5,10,2355.0
2981,Homme,27,CAP-BEP,10,11,Santé - action sociale,Ouvrier,Temps complet,39.1,11,1794.0
4866,Femme,39,Bac+3/4,15,18,Enseignement,Profession intermédiaire,Temps complet,37.8,6,2890.0
3001,Femme,48,Bac+3/4,15,27,Construction,Employé,Temps complet,40.0,10,2250.0
4970,Femme,27,Aucun diplôme,7,14,Commerce,Ouvrier,Temps complet,35.8,9,1126.0
503,Homme,34,Bac+3/4,15,13,Administration publique,Profession intermédiaire,Temps complet,36.0,10,2664.0
4149,Homme,36,Baccalauréat,12,18,Santé - action sociale,Employé,Temps complet,34.3,10,2520.0
322,F,27,Baccalauréat,12,9,Santé - action sociale,Employé,Temps complet,35.8,7,1634.0
3800,Homme,29,CAP-BEP,10,13,Santé - action sociale,Ouvrier,Temps complet,34.6,3,1420.0
266,Homme,33,CAP-BEP,10,17,Services aux entreprises,Ouvrier,Temps complet,34.3,9,1087.0
222,Homme,28,CAP-BEP,10,12,Construction,Ouvrier,Temps complet,36.8,12,2123.0
4166,Femme,39,CAP-BEP,10,23,Services aux particuliers,Ouvrier,Temps complet,34.0,1,781.0
55,Homme,42,CAP-BEP,10,26,Industrie,Employé,Temps complet,38.3,7,2718.0
2588,Femme,35,Bac+5 ou plus,17,12,Commerce,Cadre,Temps partiel,20.7,2,2087.0
4993,Femme,29,Bac+3/4,15,8,Administration publique,Profession intermédiaire,Temps partiel,24.7,4,1913.0
1072,Homme,45,CAP-BEP,10,29,Enseignement,Ouvrier,Temps complet,36.8,2,2166.0
540,Femme,35,Baccalauréat,12,17,Enseignement,Employé,Temps complet,37.0,9,2023.0
831,Homme,24,CAP-BEP,10,8,Enseignement,Ouvrier,Temps complet,38.9,8,1774.0
4994,H,36,CAP-BEP,10,20,Construction,Ouvrier,Temps complet,37.4,5,1989.0
1773,Femme,32,Baccalauréat,12,14,Industrie,Employé,Temps partiel,21.0,6,1057.0
415,H,32,CAP-BEP,10,16,Santé - action sociale,Employé,Temps complet,39.2,2,3180.0
2285,Femme,45,Baccalauréat,12,27,Services aux entreprises,Employé,Temps complet,35.8,5,1954.0
3344,Femme,30,Bac+5 ou plus,17,7,Services aux entreprises,Cadre,Temps complet,34.0,7,3480.0
2983,Homme,32,Bac+5 ou plus,17,9,Construction,Employé,Temps complet,36.4,4,2278.0
2331,H,39,CAP-BEP,10,23,Enseignement,Ouvrier,Temps complet,39.1,6,2056.0
1399,Homme,21,Aucun diplôme,7,8,Services aux entreprises,Ouvrier,Temps complet,34.0,8,1685.0
768,Femme,19,CAP-BEP,10,3,Services aux particuliers,Ouvrier,Temps complet,37.8,3,1847.0
542,H,23,CAP-BEP,10,7,Construction,Ouvrier,Temps complet,36.1,5,1847.0
1675,Homme,30,CAP-BEP,10,14,Santé - action sociale,Employé,Temps partiel,21.7,14,1481.0
4471,Femme,29,Aucun diplôme,7,16,Santé - action sociale,Ouvrier,Temps complet,39.3,2,1737.0
1417,Homme,23,CAP-BEP,10,7,Commerce,Ouvrier,Temps complet,37.9,7,1298.0
4213,Femme,34,Aucun diplôme,7,21,Services aux entreprises,Ouvrier,Temps complet,39.0,6,1285.0
1098,Homme,31,CAP-BEP,10,15,Construction,Ouvrier,Temps complet,35.8,5,1866.0
188,Femme,61,Bac+5 ou plus,17,38,Services aux particuliers,Profession intermédiaire,Temps partiel,24.5,13,2109.0
3385,Femme,26,Baccalauréat,12,8,Industrie,Employé,Temps complet,34.3,6,2246.0
1082,Femme,20,Aucun diplôme,7,7,Santé - action sociale,Ouvrier,Temps complet,36.1,3,2060.0
4944,Homme,32,CAP-BEP,10,16,Administration publique,Ouvrier,Temps complet,36.6,8,1770.0
1875,Femme,26,CAP-BEP,10,10,Services aux particuliers,Ouvrier,Temps complet,37.3,7,779.0
4496,Homme,35,Aucun diplôme,7,22,Administration publique,Ouvrier,Temps complet,36.7,6,1352.0
2074,Femme,33,Bac+3/4,15,12,Santé - action sociale,Employé,Temps partiel,5.1,6,700.0
631,F,24,Baccalauréat,12,6,Services aux entreprises,Employé,Temps complet,37.9,6,1786.0
1288,Homme,32,Bac+5 ou plus,17,9,Industrie,Profession intermédiaire,Temps complet,40.4,9,3022.0
1977,Homme,52,Baccalauréat,12,34,Services aux entreprises,Employé,Temps complet,35.9,1,2475.0
1844,Homme,27,Bac+3/4,15,6,Commerce,Employé,Temps complet,34.0,3,1415.0
3327,Femme,32,CAP-BEP,10,16,Enseignement,Ouvrier,Temps complet,34.0,12,1814.0
2890,Homme,21,Aucun diplôme,7,8,Industrie,Ouvrier,Temps complet,37.1,8,1735.0
393,Homme,26,CAP-BEP,10,10,Industrie,Employé,Temps complet,38.9,4,3024.0
1398,Homme,20,Aucun diplôme,7,7,Commerce,Ouvrier,Temps complet,37.8,7,1218.0
3870,Femme,29,CAP-BEP,10,13,Santé - action sociale,Ouvrier,Temps complet,38.2,6,1629.0
2900,Femme,39,Aucun diplôme,7,26,Santé - action sociale,Employé,Temps complet,34.0,3,2497.0
4356,Homme,34,CAP-BEP,10,18,Services aux entreprises,Employé,Temps complet,39.1,3,
867,Homme,29,Bac+2,14,9,Services aux entreprises,Employé,Temps complet,38.4,1,1528.0
2174,Femme,25,Baccalauréat,12,7,Industrie,Employé,Temps complet,35.8,7,1515.0
4250,Femme,47,Baccalauréat,12,29,Industrie,Employé,Temps complet,36.6,8,2353.0
7,Femme,48,Bac+2,14,28,Services aux entreprises,Profession intermédiaire,Temps complet,35.1,14,2700.0
2347,F,37,CAP-BEP,10,21,Enseignement,Ouvrier,Temps complet,35.7,9,1373.0
4016,Femme,26,Bac+2,14,6,Services aux entreprises,Employé,Temps complet,39.2,6,2524.0
2107,Homme,27,Bac+2,14,7,Administration publique,Profession intermédiaire,Temps complet,36.0,7,4150.0
4205,Femme,41,Bac+5 ou plus,17,18,Services aux entreprises,Employé,Temps partiel,23.6,10,1585.0
4308,Homme,41,CAP-BEP,10,25,Administration publique,Employé,Temps partiel,24.0,5,1642.0
4603,H,23,Bac+2,14,3,Services aux entreprises,Employé,Temps complet,37.0,3,1530.0
504,Homme,41,Baccalauréat,12,23,Commerce,Employé,Temps partiel,24.4,5,1760.0
4450,F,46,Baccalauréat,12,28,Commerce,Employé,Temps complet,36.3,3,2531.0
2310,Homme,39,Baccalauréat,12,21,Administration publique,Employé,Temps complet,38.8,5,1733.0
2526,Femme,30,CAP-BEP,10,14,Santé - action sociale,Ouvrier,Temps complet,38.1,4,2141.0
2000,Femme,23,Bac+2,14,3,Industrie,Employé,Temps complet,34.0,3,2250.0
4576,Homme,32,Bac+3/4,15,11,Services aux entreprises,Cadre,Temps complet,40.5,10,
468,Homme,42,CAP-BEP,10,26,Administration publique,Employé,Temps complet,34.6,7,2256.0
4331,H,30,Bac+2,14,10,Services aux entreprises,Employé,Temps complet,38.0,5,2101.0
1710,Homme,38,Bac+3/4,15,17,Services aux particuliers,Profession intermédiaire,Temps complet,35.6,3,2867.0
2544,F,45,Bac+2,14,25,Enseignement,Profession intermédiaire,Temps partiel,22.0,3,1765.0
4939,Homme,29,Bac+5 ou plus,17,6,Administration publique,Employé,Temps complet,34.3,6,1905.0
3508,Femme,31,Bac+3/4,15,10,Services aux entreprises,Employé,Temps partiel,20.0,9,1268.0
3039,Homme,26,Bac+3/4,15,5,Commerce,Employé,Temps complet,34.0,1,1351.0
4219,Femme,28,Bac+2,14,8,Services aux entreprises,Employé,Temps complet,36.1,3,1825.0
1416,Homme,36,CAP-BEP,10,20,Construction,Ouvrier,Temps complet,39.1,5,1948.0
4582,Homme,1,CAP-BEP,10,15,Commerce,Ouvrier,Temps complet,39.1,14,1375.0
3132,Femme,41,CAP-BEP,10,25,Administration publique,Ouvrier,Temps complet,39.4,5,2291.0
1934,Homme,37,Aucun diplôme,7,24,Santé - action sociale,Ouvrier,Temps complet,34.0,3,1509.0
2092,Homme,27,CAP-BEP,10,11,Services aux entreprises,Ouvrier,Temps complet,34.5,7,1646.0
1045,Femme,42,Bac+5 ou plus,17,19,Services aux particuliers,Employé,Temps complet,40.2,5,2653.0
2244,Homme,37,Bac+5 ou plus,17,14,Enseignement,Profession intermédiaire,Temps complet,36.7,2,2637.0
3894,Femme,30,Bac+3/4,15,9,Services aux particuliers,Employé,Temps complet,37.5,9,
3254,Homme,43,Bac+2,14,23,Services aux entreprises,Profession intermédiaire,Temps complet,35.7,5,3982.0
1890,Femme,33,Bac+3/4,15,12,Administration publique,Profession intermédiaire,Temps complet,37.6,12,2814.0
2949,Homme,30,Bac+2,14,10,Santé - action sociale,Employé,Temps complet,34.0,2,2241.0
4148,Homme,49,Baccalauréat,12,31,Santé - action sociale,Employé,Temps complet,38.8,0,2115.0
4949,Homme,32,Bac+2,14,12,Services aux particuliers,Profession intermédiaire,Temps complet,34.0,12,2728.0
3364,Homme,30,Bac+3/4,15,9,Administration publique,Employé,Temps complet,36.1,9,1832.0
4840,Femme,37,Bac+5 ou plus,17,14,Services aux particuliers,Cadre,Temps complet,35.0,9,3741.0
80,Homme,58,Bac+2,14,38,Santé - action sociale,Profession intermédiaire,Temps complet,34.3,3,3274.0
84,Homme,36,Aucun diplôme,7,23,Construction,Ouvrier,Temps complet,37.0,1,1426.0
4379,Homme,26,CAP-BEP,10,10,Services aux entreprises,Ouvrier,Temps complet,34.0,4,1712.0
3965,Homme,40,Bac+5 ou plus,17,17,Services aux entreprises,Employé,Temps complet,37.1,9,2408.0
3189,Homme,20,Aucun diplôme,7,7,Services aux particuliers,Ouvrier,Temps partiel,20.7,2,715.0
1641,Femme,34,Bac+2,14,14,Administration publique,Employé,Temps complet,36.2,12,1899.0
950,F,25,CAP-BEP,10,9,Services aux particuliers,Ouvrier,Temps partiel,23.1,6,1153.0
323,H,20,Aucun diplôme,7,7,Services aux entreprises,Ouvrier,Temps complet,39.3,7,1671.0
3902,Femme,29,Bac+2,14,9,Services aux particuliers,Employé,Temps partiel,27.3,4,1232.0
1592,Femme,28,Bac+3/4,15,7,Construction,Employé,Temps complet,36.0,7,1184.0
373,H,35,Baccalauréat,12,17,Commerce,Employé,Temps complet,35.1,15,2136.0
4811,Homme,47,Bac+5 ou plus,17,24,Santé - action sociale,Employé,Temps complet,36.0,5,1906.0
2946,H,22,Aucun diplôme,7,9,Services aux entreprises,Ouvrier,Temps complet,39.8,9,1795.0
3296,Femme,33,Aucun diplôme,7,20,Services aux particuliers,Employé,Temps complet,36.7,11,2910.0
1071,Femme,24,CAP-BEP,10,8,Commerce,Ouvrier,Temps complet,36.2,2,983.0
2835,Femme,37,Bac+5 ou plus,17,14,Services aux entreprises,Profession intermédiaire,Temps complet,34.0,8,2787.0
3048,Homme,42,CAP-BEP,10,26,Services aux entreprises,Ouvrier,Temps complet,37.0,5,2068.0
3722,Femme,35,Bac+5 ou plus,17,12,Enseignement,Cadre,Temps partiel,24.2,7,2436.0
4534,Homme,31,Aucun diplôme,7,18,Santé - action sociale,Ouvrier,Temps complet,37.3,3,1824.0
2355,Femme,36,Bac+5 ou plus,17,13,Administration publique,Cadre,Temps complet,36.8,13,4153.0
3825,Femme,27,Aucun diplôme,7,14,Santé - action sociale,Ouvrier,Temps complet,34.0,1,1631.0
814,Homme,31,Bac+5 ou plus,17,8,Commerce,Profession intermédiaire,Temps complet,35.2,6,2922.0
4801,Femme,32,CAP-BEP,10,16,Commerce,Ouvrier,Temps complet,39.3,1,1254.0
3845,Femme,37,Bac+2,14,17,Services aux entreprises,Profession intermédiaire,Temps complet,37.0,6,3098.0
769,Femme,28,Bac+2,14,8,Administration publique,Employé,Temps partiel,17.0,1,839.0
4050,Homme,27,CAP-BEP,10,11,Enseignement,Ouvrier,Temps complet,34.0,5,1023.0
1997,Homme,34,CAP-BEP,10,18,Administration publique,Ouvrier,Temps complet,36.0,2,1205.0
727,Femme,29,Bac+5 ou plus,17,6,Administration publique,Profession intermédiaire,Temps complet,39.3,5,3064.0
4218,Homme,28,Bac+5 ou plus,17,5,Enseignement,Profession intermédiaire,Temps complet,40.0,3,3017.0
2906,Femme,36,Bac+3/4,15,15,Services aux entreprises,Employé,Temps complet,34.0,8,2295.0
4868,Homme,28,Bac+5 ou plus,17,5,Administration publique,Employé,Temps complet,38.4,5,2321.0
3187,Homme,22,Aucun diplôme,7,9,Construction,Ouvrier,Temps complet,34.4,9,1410.0
4683,Homme,34,Bac+2,14,14,Services aux particuliers,Employé,Temps complet,36.2,4,2299.0
4007,Homme,29,Bac+3/4,15,8,Commerce,Cadre,Temps complet,37.1,2,3836.0
4156,Homme,26,CAP-BEP,10,10,Commerce,Ouvrier,Temps complet,36.3,9,1330.0
4878,Femme,28,Baccalauréat,12,10,Services aux entreprises,Employé,Temps partiel,29.1,10,2157.0
740,Femme,65,Bac+5 ou plus,17,42,Industrie,Employé,Temps complet,37.2,7,
681,Femme,27,CAP-BEP,10,11,Services aux particuliers,Ouvrier,Temps complet,36.0,9,1944.0
2070,Homme,37,Baccalauréat,12,19,Santé - action sociale,Employé,Temps complet,34.8,8,2798.0
399,Femme,40,Bac+2,14,20,Services aux particuliers,Employé,Temps complet,40.3,10,1444.0
30,Homme,28,CAP-BEP,10,12,Industrie,Ouvrier,Temps complet,36.1,12,1933.0
2507,Homme,30,Aucun diplôme,7,17,Services aux entreprises,Ouvrier,Temps complet,38.0,17,1475.0
3201,Femme,35,Baccalauréat,12,17,Industrie,Employé,Temps complet,37.6,4,1476.0
81,Femme,24,CAP-BEP,10,8,Santé - action sociale,Ouvrier,Temps partiel,29.0,7,869.0
3370,F,34,Bac+3/4,15,13,Administration publique,Employé,Temps complet,36.8,12,2027.0
2670,Homme,22,Aucun diplôme,7,9,Construction,Ouvrier,Temps complet,34.0,9,738.0
3749,Femme,31,CAP-BEP,10,15,Services aux entreprises,Ouvrier,Temps complet,34.4,11,1720.0
4661,Homme,39,CAP-BEP,10,23,Santé - action sociale,Ouvrier,Temps complet,36.0,9,1866.0
3102,Homme,40,Bac+5 ou plus,17,17,Services aux entreprises,Profession intermédiaire,Temps complet,37.7,17,2960.0
3219,Femme,29,Baccalauréat,12,11,Services aux entreprises,Employé,Temps complet,37.5,5,1831.0
133,H,36,Baccalauréat,12,18,Industrie,Employé,Temps complet,36.6,5,3299.0
2756,Femme,40,Bac+5 ou plus,17,17,Enseignement,Employé,Temps complet,35.1,6,2358.0
962,Homme,36,Bac+2,14,16,Services aux entreprises,Profession intermédiaire,Temps partiel,14.2,3,1369.0
2277,Homme,31,Bac+2,14,11,Enseignement,Employé,Temps complet,36.0,11,1843.0
4324,Femme,45,Bac+5 ou plus,17,22,Commerce,Employé,Temps complet,36.7,6,2045.0
2909,Femme,27,Aucun diplôme,7,14,Services aux particuliers,Ouvrier,Temps complet,41.2,1,763.0
1089,Homme,24,Baccalauréat,12,6,Santé - action sociale,Employé,Temps complet,35.5,6,1862.0
3155,Homme,35,Bac+3/4,15,14,Administration publique,Profession intermédiaire,Temps complet,34.0,8,2503.0
2240,Femme,31,Bac+5 ou plus,17,8,Services aux entreprises,Profession intermédiaire,Temps partiel,15.4,8,1282.0
859,Femme,41,Bac+3/4,15,20,Commerce,Employé,Temps partiel,23.5,15,1499.0
615,Femme,49,Bac+3/4,15,28,Enseignement,Profession intermédiaire,Temps complet,36.0,11,2540.0
2540,Homme,41,CAP-BEP,10,25,Industrie,Ouvrier,Temps complet,35.0,4,1712.0
309,Homme,22,CAP-BEP,10,6,Santé - action sociale,Ouvrier,Temps complet,36.1,6,1351.0
1508,Homme,37,CAP-BEP,10,21,Industrie,Employé,Temps complet,34.0,5,2729.0
3808,Femme,35,CAP-BEP,10,19,Commerce,Employé,Temps complet,34.0,12,2827.0
3587,Femme,24,CAP-BEP,10,8,Services aux entreprises,Ouvrier,Temps partiel,28.9,8,1347.0
3546,Femme,22,Aucun diplôme,7,9,Construction,Ouvrier,Temps partiel,19.6,2,700.0
1523,Homme,27,Bac+2,14,7,Santé - action sociale,Profession intermédiaire,Temps complet,36.2,7,2926.0
255,Homme,38,Baccalauréat,12,20,Construction,Employé,Temps complet,40.9,3,2795.0
1742,H,46,Bac+2,14,26,Construction,Profession intermédiaire,Temps complet,34.0,5,3312.0
4518,Homme,30,Bac+5 ou plus,17,7,Administration publique,Profession intermédiaire,Temps complet,34.0,7,2707.0
3660,Femme,30,Baccalauréat,12,12,Commerce,Employé,Temps complet,39.8,3,2461.0
4035,Homme,37,Bac+5 ou plus,17,14,Commerce,Cadre,Temps complet,34.0,6,3446.0
2673,Femme,32,CAP-BEP,10,16,Industrie,Employé,Temps complet,36.4,9,2675.0
3932,Homme,18,Aucun diplôme,7,5,Commerce,Ouvrier,Temps complet,34.0,3,1121.0
2616,Femme,40,Bac+3/4,15,19,Administration publique,Cadre,Temps partiel,26.6,9,30564.0
3949,Femme,22,CAP-BEP,10,6,Industrie,Ouvrier,Temps complet,34.0,4,2011.0
926,Homme,31,CAP-BEP,10,15,Industrie,Ouvrier,Temps complet,39.7,4,2068.0
2810,Homme,28,Baccalauréat,12,10,Industrie,Employé,Temps complet,35.7,7,2300.0
3160,Femme,43,Bac+5 ou plus,17,20,Santé - action sociale,Cadre,Temps complet,38.1,4,3587.0
2778,Femme,39,Bac+5 ou plus,17,16,Santé - action sociale,Employé,Temps complet,35.6,14,2048.0
656,Homme,33,Baccalauréat,12,15,Santé - action sociale,Employé,Temps complet,36.4,3,1985.0
633,Femme,20,Baccalauréat,12,2,Commerce,Employé,Temps complet,36.1,2,1186.0
4536,Femme,31,Aucun diplôme,7,18,Enseignement,Ouvrier,Temps complet,35.1,6,1755.0
3779,F,37,CAP-BEP,10,21,Enseignement,Ouvrier,Temps complet,35.2,3,1769.0
203,Femme,34,CAP-BEP,10,18,Industrie,Employé,Temps complet,36.0,5,2356.0
1791,Femme,30,CAP-BEP,10,14,Commerce,Ouvrier,Temps partiel,20.0,6,883.0
643,Femme,34,Bac+2,14,14,Administration publique,Employé,Temps partiel,21.2,6,
357,Femme,30,Bac+2,14,10,Commerce,Employé,Temps complet,36.9,6,1549.0
1761,H,30,CAP-BEP,10,14,Industrie,Ouvrier,Temps complet,38.9,4,
1131,Femme,29,Bac+2,14,9,Services aux particuliers,Employé,Temps complet,35.6,7,1485.0
2204,Homme,31,Baccalauréat,12,13,Services aux entreprises,Employé,Temps complet,35.0,5,1839.0
3502,Homme,37,Bac+5 ou plus,17,14,Industrie,Profession intermédiaire,Temps complet,38.5,5,3041.0
3198,Homme,22,Bac+3/4,15,1,Construction,Cadre,Temps complet,35.2,1,3399.0
1172,Homme,43,Bac+2,14,23,Santé - action sociale,Profession intermédiaire,Temps complet,34.0,17,2816.0
677,Femme,44,Bac+2,14,24,Industrie,Employé,Temps complet,38.8,5,2265.0
1994,Femme,41,CAP-BEP,10,25,Administration publique,Ouvrier,Temps complet,35.9,6,1575.0
3295,Homme,41,Bac+5 ou plus,17,18,Santé - action sociale,Cadre,Temps complet,37.9,4,3583.0
2530,Femme,29,Aucun diplôme,7,16,Services aux particuliers,Ouvrier,Temps partiel,20.2,4,967.0
1799,Homme,43,Bac+5 ou plus,17,20,Santé - action sociale,Cadre,Temps complet,38.1,14,
1539,Femme,37,Bac+5 ou plus,17,14,Administration publique,Employé,Temps complet,40.1,8,1993.0
3759,Femme,45,Bac+5 ou plus,17,22,Industrie,Profession intermédiaire,Temps complet,35.9,4,2894.0
4038,Femme,27,CAP-BEP,10,11,Industrie,Ouvrier,Temps complet,34.0,3,1773.0
597,Homme,26,Bac+2,14,6,Services aux entreprises,Profession intermédiaire,Temps complet,34.2,6,3044.0
1727,Homme,36,Bac+3/4,15,15,Administration publique,Profession intermédiaire,Temps complet,36.2,4,2871.0
1956,Femme,42,Bac+3/4,15,21,Santé - action sociale,Cadre,Temps complet,34.7,9,3470.0
1325,Femme,23,CAP-BEP,10,7,Services aux particuliers,Ouvrier,Temps partiel,25.5,7,873.0
2828,Homme,39,Baccalauréat,12,21,Santé - action sociale,Employé,Temps complet,36.0,9,4069.0
3542,Homme,27,CAP-BEP,10,11,Santé - action sociale,Ouvrier,Temps complet,36.5,6,1780.0
3125,Femme,56,Bac+2,14,36,Santé - action sociale,Employé,Temps complet,34.3,10,2035.0
1285,Homme,58,Bac+5 ou plus,17,35,Enseignement,Profession intermédiaire,Temps complet,38.1,4,2659.0
1696,Femme,39,Bac+5 ou plus,17,16,Santé - action sociale,Cadre,Temps partiel,20.2,7,2265.0
3341,Femme,33,Bac+2,14,13,Construction,Employé,Temps partiel,28.2,13,1287.0
1584,Femme,37,CAP-BEP,10,21,Administration publique,Employé,Temps complet,37.0,7,2525.0
2721,Homme,45,CAP-BEP,10,29,Administration publique,Employé,Temps complet,39.6,9,2596.0
2198,Femme,27,Baccalauréat,12,9,Santé - action sociale,Employé,Temps complet,34.0,2,3242.0
879,Homme,23,Aucun diplôme,7,10,Industrie,Ouvrier,Temps complet,34.8,2,1059.0
2671,H,24,Bac+2,14,4,Services aux entreprises,Profession intermédiaire,Temps complet,36.9,4,
1966,Homme,45,Bac+5 ou plus,17,22,Enseignement,Employé,Temps complet,36.2,9,2106.0
3822,Homme,33,Bac+5 ou plus,17,10,Industrie,Cadre,Temps complet,34.1,9,3907.0
2482,Femme,30,Bac+3/4,15,9,Services aux particuliers,Cadre,Temps complet,34.3,6,3564.0
161,Femme,41,Bac+3/4,15,20,Services aux entreprises,Employé,Temps partiel,28.5,7,
50,Homme,35,Bac+3/4,15,14,Services aux particuliers,Cadre,Temps complet,34.6,8,3682.0
4728,Homme,24,Aucun diplôme,7,11,Services aux particuliers,Ouvrier,Temps complet,37.5,3,1360.0
4340,Homme,41,Bac+2,14,21,Commerce,Profession intermédiaire,Temps complet,37.7,3,3840.0
1918,Homme,36,CAP-BEP,10,20,Commerce,Ouvrier,Temps complet,35.2,7,1958.0
2364,Homme,52,Baccalauréat,12,34,Services aux particuliers,Employé,Temps complet,36.8,3,2888.0
34,Femme,49,Baccalauréat,12,31,Services aux entreprises,Employé,Temps partiel,16.7,6,1018.0
2804,Femme,26,CAP-BEP,10,10,Construction,Ouvrier,Temps complet,38.8,2,2168.0
1915,Homme,27,CAP-BEP,10,11,Services aux particuliers,Ouvrier,Temps complet,34.0,6,1182.0
2213,Femme,23,Baccalauréat,12,5,Industrie,Employé,Temps complet,37.1,5,1542.0
316,Femme,29,Bac+5 ou plus,17,6,Commerce,Employé,Temps complet,36.8,6,2235.0
948,Femme,35,Bac+3/4,15,14,Commerce,Profession intermédiaire,Temps complet,36.8,5,2700.0
1732,Homme,55,CAP-BEP,10,39,Commerce,Employé,Temps complet,36.4,33,2901.0
756,Femme,53,Bac+5 ou plus,17,30,Services aux entreprises,Cadre,Temps complet,42.4,7,4076.0
4608,Homme,31,Bac+2,14,11,Commerce,Employé,Temps complet,34.0,3,
2727,Femme,38,Bac+3/4,15,17,Industrie,Profession intermédiaire,Temps complet,34.0,3,3035.0
2214,Homme,25,CAP-BEP,10,9,Administration publique,Ouvrier,Temps complet,43.5,9,2039.0
1251,Homme,54,Bac+5 ou plus,17,31,Services aux particuliers,Profession intermédiaire,Temps complet,35.9,10,3137.0
4867,Homme,36,Bac+5 ou plus,17,13,Administration publique,Employé,Temps complet,38.5,9,1930.0
815,Homme,37,CAP-BEP,10,21,Commerce,Ouvrier,Temps complet,36.9,6,1366.0
2200,Homme,38,Aucun diplôme,7,25,Santé - action sociale,Ouvrier,Temps partiel,27.0,6,935.0
3883,Femme,43,CAP-BEP,10,27,Construction,Ouvrier,Temps complet,36.9,4,2120.0
2365,Homme,31,Bac+2,14,11,Services aux entreprises,Profession intermédiaire,Temps complet,38.1,7,2976.0
2951,Homme,26,Bac+3/4,15,5,Services aux entreprises,Cadre,Temps complet,37.1,1,3467.0
2866,Femme,27,Baccalauréat,12,9,Administration publique,Employé,Temps complet,35.7,9,2251.0
3491,Femme,36,Bac+5 ou plus,17,13,Santé - action sociale,Profession intermédiaire,Temps complet,38.4,3,2718.0
687,Homme,22,CAP-BEP,10,6,Industrie,Ouvrier,Temps complet,39.4,4,1729.0
1574,Homme,24,Baccalauréat,12,6,Commerce,Employé,Temps complet,37.3,5,2338.0
1392,Femme,25,Bac+3/4,15,4,Construction,Employé,Temps complet,40.4,3,2301.0
352,Homme,29,Bac+2,14,9,Enseignement,Profession intermédiaire,Temps complet,34.1,9,2690.0
2229,Femme,35,Bac+3/4,15,14,Industrie,Cadre,Temps complet,38.5,8,3527.0
1606,Homme,28,CAP-BEP,10,12,Enseignement,Ouvrier,Temps complet,34.0,3,1116.0
3920,Femme,27,Bac+2,14,7,Industrie,Employé,Temps partiel,14.5,7,893.0
639,Homme,25,Baccalauréat,12,7,Santé - action sociale,Employé,Temps complet,39.9,7,2017.0
571,Femme,27,Baccalauréat,12,9,Santé - action sociale,Employé,Temps complet,34.0,5,
4065,Femme,31,Bac+2,14,11,Services aux particuliers,Employé,Temps partiel,23.4,10,1176.0
2045,Homme,26,Bac+2,14,6,Administration publique,Employé,Temps complet,34.8,3,2124.0
700,Femme,40,Bac+5 ou plus,17,17,Administration publique,Cadre,Temps complet,34.4,5,3724.0
2473,Homme,28,Bac+5 ou plus,17,5,Services aux entreprises,Profession intermédiaire,Temps complet,40.0,2,3008.0
3116,Femme,54,Bac+5 ou plus,17,31,Services aux entreprises,Cadre,Temps complet,37.3,12,4591.0
4908,Homme,40,Baccalauréat,12,22,Services aux entreprises,Employé,Temps complet,34.0,2,2683.0
1422,Femme,43,Bac+3/4,15,22,Services aux particuliers,Employé,Temps complet,35.7,6,1748.0
2735,Homme,31,Bac+3/4,15,10,Services aux particuliers,Profession intermédiaire,Temps partiel,25.7,1,2226.0
2844,Homme,30,Bac+2,14,10,Administration publique,Employé,Temps complet,34.5,4,2128.0
2373,Homme,31,Bac+2,14,11,Industrie,Employé,Temps complet,35.9,1,1867.0
3603,Femme,25,CAP-BEP,10,9,Administration publique,Ouvrier,Temps complet,37.4,9,2090.0
2784,Homme,25,Baccalauréat,12,7,Administration publique,Employé,Temps complet,38.1,5,4994.0
4574,Femme,31,Bac+2,14,11,Industrie,Profession intermédiaire,Temps partiel,26.2,3,2261.0
2096,Femme,43,Aucun diplôme,7,30,Commerce,Ouvrier,Temps complet,37.9,30,1304.0
3309,Femme,33,Bac+2,14,13,Services aux entreprises,Employé,Temps partiel,22.1,6,1306.0
294,Homme,25,CAP-BEP,10,9,Administration publique,Ouvrier,Temps complet,35.5,3,2150.0
2681,Femme,31,Bac+3/4,15,10,Services aux particuliers,Employé,Temps complet,36.4,10,1851.0
2152,Homme,43,Bac+5 ou plus,17,20,Commerce,Cadre,Temps complet,36.7,16,4809.0
4109,Homme,26,Bac+3/4,15,5,Services aux entreprises,Employé,Temps complet,37.9,4,2077.0
1765,Femme,46,Baccalauréat,12,28,Administration publique,Employé,Temps complet,37.9,11,2971.0
4984,Femme,25,Bac+3/4,15,4,Services aux particuliers,Employé,Temps partiel,28.1,1,939.0
2614,Femme,54,CAP-BEP,10,38,Commerce,Ouvrier,Temps partiel,19.1,6,700.0
2762,Homme,30,Bac+5 ou plus,17,7,Enseignement,Profession intermédiaire,Temps complet,38.0,3,2820.0
4397,Homme,39,CAP-BEP,10,23,Enseignement,Ouvrier,Temps partiel,7.9,3,700.0
2248,Femme,40,CAP-BEP,10,24,Santé - action sociale,Ouvrier,Temps complet,36.1,8,1169.0
3479,Homme,30,Bac+3/4,15,9,Commerce,Employé,Temps complet,37.3,4,1710.0
4235,Femme,28,Baccalauréat,12,10,Services aux entreprises,Employé,Temps complet,35.6,8,2409.0
1725,Homme,50,Bac+2,14,30,Construction,Employé,Temps complet,40.1,2,2716.0
1498,Homme,31,Baccalauréat,12,13,Industrie,Employé,Temps complet,35.4,4,1440.0
2851,Femme,22,Bac+2,14,2,Commerce,Profession intermédiaire,Temps complet,38.0,2,
1958,Homme,28,CAP-BEP,10,12,Commerce,Employé,Temps complet,39.6,12,3748.0
4676,Homme,39,Bac+5 ou plus,17,16,Santé - action sociale,Cadre,Temps complet,37.1,15,4549.0
1235,Homme,23,CAP-BEP,10,7,Services aux entreprises,Ouvrier,Temps complet,37.4,7,1791.0
1684,Homme,40,Bac+2,14,20,Services aux entreprises,Profession intermédiaire,Temps complet,34.0,11,4440.0
4071,Femme,19,Aucun diplôme,7,6,Administration publique,Ouvrier,Temps complet,37.0,5,2065.0
4400,Homme,25,Bac+5 ou plus,17,2,Services aux particuliers,Employé,Temps partiel,23.2,2,759.0
1544,F,45,CAP-BEP,10,29,Industrie,Ouvrier,Temps complet,37.0,12,2008.0
394,Femme,20,CAP-BEP,10,4,Services aux entreprises,Ouvrier,Temps complet,35.3,4,1625.0
4992,Femme,34,CAP-BEP,10,18,Services aux entreprises,Ouvrier,Temps complet,34.0,9,1823.0
1360,Femme,37,CAP-BEP,10,21,Santé - action sociale,Ouvrier,Temps partiel,10.3,0,700.0
1642,Homme,24,Bac+3/4,15,3,Services aux entreprises,Cadre,Temps complet,40.1,2,3785.0
3168,Homme,46,Bac+5 ou plus,17,23,Santé - action sociale,Profession intermédiaire,Temps partiel,24.1,10,1955.0
4639,Homme,27,Bac+2,14,7,Services aux entreprises,Employé,Temps complet,37.4,7,2422.0
1185,Femme,23,Aucun diplôme,7,10,Services aux entreprises,Ouvrier,Temps complet,35.8,10,883.0
2006,Femme,25,Baccalauréat,12,7,Services aux entreprises,Employé,Temps complet,37.4,7,3297.0
4997,Homme,38,Bac+5 ou plus,17,15,Services aux particuliers,Employé,Temps partiel,28.4,12,1859.0
3181,Femme,35,Bac+3/4,15,14,Administration publique,Employé,Temps partiel,15.4,3,
947,Femme,32,CAP-BEP,10,16,Administration publique,Employé,Temps complet,34.0,4,2380.0
844,Homme,35,Aucun diplôme,7,22,Santé - action sociale,Ouvrier,Temps complet,36.3,21,1239.0
111,Homme,30,Bac+2,14,10,Administration publique,Profession intermédiaire,Temps complet,34.6,6,3217.0
1121,Homme,29,CAP-BEP,10,13,Industrie,Ouvrier,Temps complet,39.9,8,2361.0
4224,Femme,58,Aucun diplôme,7,45,Commerce,Ouvrier,Temps complet,36.1,2,1638.0
115,Homme,34,Bac+5 ou plus,17,11,Industrie,Profession intermédiaire,Temps complet,34.0,11,2674.0
3926,Femme,29,Bac+3/4,15,8,Services aux entreprises,Employé,Temps complet,37.5,8,2314.0
144,Femme,22,CAP-BEP,10,6,Services aux entreprises,Ouvrier,Temps complet,37.0,6,
325,Femme,26,Aucun diplôme,7,13,Administration publique,Ouvrier,Temps complet,34.0,13,1072.0
4259,F,48,Bac+5 ou plus,17,25,Santé - action sociale,Cadre,Temps complet,34.6,6,3916.0
89,Homme,42,CAP-BEP,10,26,Services aux entreprises,Ouvrier,Temps complet,39.5,5,1983.0
3664,Homme,16,Aucun diplôme,7,3,Administration publique,Ouvrier,Temps complet,39.5,1,1633.0
598,Femme,43,Bac+3/4,15,22,Industrie,Profession intermédiaire,Temps complet,34.0,3,2508.0
3966,Femme,32,Baccalauréat,12,14,Commerce,Employé,Temps partiel,23.5,14,1476.0
578,Homme,55,Bac+2,14,35,Administration publique,Profession intermédiaire,Temps complet,34.4,8,3617.0
3355,Homme,24,CAP-BEP,10,8,Commerce,Ouvrier,Temps complet,35.1,8,1872.0
1292,Femme,33,Bac+5 ou plus,17,10,Commerce,Profession intermédiaire,Temps partiel,14.6,2,1255.0
3836,H,46,Baccalauréat,12,28,Commerce,Employé,Temps complet,37.4,16,
1500,Homme,42,Baccalauréat,12,24,Commerce,Employé,Temps complet,39.0,4,5230.0
2438,Femme,28,Baccalauréat,12,10,Construction,Employé,Temps partiel,16.1,10,831.0
1391,Femme,24,Baccalauréat,12,6,Industrie,Employé,Temps complet,34.9,6,2580.0
4309,Homme,25,Bac+3/4,15,4,Commerce,Profession intermédiaire,Temps complet,35.6,4,2706.0
117,Femme,20,Baccalauréat,12,2,Santé - action sociale,Employé,Temps complet,34.9,2,1782.0
2884,Homme,31,Aucun diplôme,7,18,Industrie,Ouvrier,Temps complet,34.0,5,928.0
3786,H,27,Aucun diplôme,7,14,Industrie,Ouvrier,Temps complet,38.6,11,1220.0
1303,Homme,44,Bac+2,14,24,Services aux particuliers,Profession intermédiaire,Temps partiel,30.5,2,2783.0
2621,Homme,30,Bac+5 ou plus,17,7,Construction,Cadre,Temps complet,34.0,7,3923.0
2292,Femme,36,CAP-BEP,10,20,Administration publique,Ouvrier,Temps complet,37.4,2,1960.0
4388,Homme,36,CAP-BEP,10,20,Services aux particuliers,Ouvrier,Temps partiel,20.0,6,1230.0
621,Femme,29,Bac+5 ou plus,17,6,Santé - action sociale,Employé,Temps complet,37.8,3,2290.0
1173,Homme,1,Baccalauréat,12,10,Services aux particuliers,Employé,Temps complet,36.2,10,1930.0
2914,Homme,32,CAP-BEP,10,16,Commerce,Ouvrier,Temps complet,35.4,2,1432.0
3336,Femme,24,CAP-BEP,10,8,Services aux entreprises,Ouvrier,Temps complet,36.3,4,1873.0
4900,H,37,Aucun diplôme,7,24,Construction,Ouvrier,Temps complet,38.3,3,1704.0
3498,F,18,CAP-BEP,10,2,Enseignement,Ouvrier,Temps partiel,25.4,2,
51,Homme,30,Aucun diplôme,7,17,Construction,Ouvrier,Temps complet,34.0,4,1866.0
3264,Femme,30,Baccalauréat,12,12,Services aux entreprises,Employé,Temps partiel,23.9,1,1310.0
428,Femme,38,Aucun diplôme,7,25,Services aux particuliers,Ouvrier,Temps complet,36.4,8,1473.0
1834,Homme,34,Bac+2,14,14,Santé - action sociale,Employé,Temps complet,41.4,9,2084.0
2663,Homme,33,Bac+2,14,13,Commerce,Employé,Temps complet,34.0,5,1870.0
1261,Femme,28,Bac+2,14,8,Santé - action sociale,Profession intermédiaire,Temps complet,35.2,3,2472.0
2631,Homme,16,Aucun diplôme,7,2,Santé - action sociale,Ouvrier,Temps complet,34.8,2,2053.0
2583,Femme,26,CAP-BEP,10,10,Santé - action sociale,Ouvrier,Temps partiel,24.3,2,864.0
1177,Femme,43,Bac+2,14,23,Santé - action sociale,Employé,Temps complet,38.0,10,2082.0
699,Femme,36,Bac+5 ou plus,17,13,Administration publique,Profession intermédiaire,Temps partiel,19.6,8,1476.0
3471,Femme,32,Bac+2,14,12,Services aux entreprises,Profession intermédiaire,Temps complet,38.4,11,
3346,Homme,39,Bac+2,14,19,Services aux particuliers,Profession intermédiaire,Temps complet,40.8,4,3425.0
2012,Femme,31,Bac+3/4,15,10,Santé - action sociale,Profession intermédiaire,Temps complet,34.0,2,2342.0
225,Homme,27,CAP-BEP,10,11,Services aux entreprises,Ouvrier,Temps complet,34.5,4,1586.0
2651,Homme,33,CAP-BEP,10,17,Enseignement,Ouvrier,Temps complet,36.7,5,2263.0
2751,Homme,28,CAP-BEP,10,12,Industrie,Ouvrier,Temps complet,36.7,12,1804.0
4114,F,26,CAP-BEP,10,10,Services aux particuliers,Ouvrier,Temps partiel,21.6,4,724.0
15,Homme,33,Bac+5 ou plus,17,10,Commerce,Profession intermédiaire,Temps complet,37.1,4,2544.0
3685,Femme,22,CAP-BEP,10,6,Santé - action sociale,Ouvrier,Temps partiel,16.4,5,900.0
1751,Homme,32,Bac+2,14,12,Construction,Profession intermédiaire,Temps complet,34.4,6,2683.0
3776,H,39,Bac+5 ou plus,17,16,Commerce,Cadre,Temps complet,36.5,13,4124.0
312,Homme,47,Bac+3/4,15,26,Administration publique,Profession intermédiaire,Temps complet,35.7,5,3017.0
4469,Homme,27,CAP-BEP,10,11,Services aux entreprises,Ouvrier,Temps complet,34.3,2,2116.0
3276,Femme,32,Baccalauréat,12,14,Commerce,Employé,Temps complet,37.0,3,1797.0
887,Homme,31,Baccalauréat,12,13,Commerce,Employé,Temps partiel,18.9,4,
2987,Homme,24,Baccalauréat,12,6,Santé - action sociale,Employé,Temps complet,34.4,3,1151.0
3772,Femme,26,Baccalauréat,12,8,Services aux particuliers,Employé,Temps complet,37.1,8,1792.0
1350,Femme,35,Baccalauréat,12,17,Santé - action sociale,Employé,Temps complet,36.0,2,1833.0
1476,Homme,33,CAP-BEP,10,17,Industrie,Ouvrier,Temps complet,36.0,17,2030.0
635,Femme,63,Baccalauréat,12,45,Industrie,Employé,Temps complet,37.7,7,3124.0
4334,Homme,43,Aucun diplôme,7,30,Santé - action sociale,Ouvrier,Temps complet,35.3,11,1568.0
3466,Femme,39,CAP-BEP,10,23,Commerce,Ouvrier,Temps partiel,23.2,1,852.0
3065,Femme,36,Baccalauréat,12,18,Construction,Employé,Temps complet,35.0,7,1694.0
624,Homme,28,Baccalauréat,12,10,Administration publique,Employé,Temps complet,37.7,10,1440.0
1460,Homme,49,Bac+5 ou plus,17,26,Commerce,Cadre,Temps complet,39.3,16,4583.0
1637,Femme,26,Bac+2,14,6,Santé - action sociale,Profession intermédiaire,Temps partiel,18.1,5,1395.0
2173,Femme,25,CAP-BEP,10,9,Santé - action sociale,Ouvrier,Temps partiel,16.1,3,700.0
4332,Homme,30,Bac+2,14,10,Commerce,Profession intermédiaire,Temps complet,35.4,2,2813.0
1561,Homme,51,CAP-BEP,10,35,Santé - action sociale,Ouvrier,Temps complet,37.0,7,1760.0
2511,Homme,35,Baccalauréat,12,17,Enseignement,Employé,Temps partiel,14.2,17,842.0
1020,Homme,36,Bac+5 ou plus,17,13,Services aux particuliers,Cadre,Temps complet,39.1,2,3980.0
4100,Femme,33,Baccalauréat,12,15,Industrie,Employé,Temps complet,40.3,15,2530.0
4229,Femme,29,Bac+3/4,15,8,Services aux entreprises,Profession intermédiaire,Temps partiel,12.4,7,1034.0
2813,Homme,25,CAP-BEP,10,9,Services aux particuliers,Employé,Temps complet,34.0,9,2730.0
2992,Homme,36,Bac+5 ou plus,17,13,Administration publique,Cadre,Temps complet,36.8,1,4027.0
4794,Femme,30,Bac+3/4,15,9,Santé - action sociale,Profession intermédiaire,Temps partiel,25.3,4,2216.0
1466,Femme,26,Aucun diplôme,7,13,Industrie,Ouvrier,Temps complet,38.0,3,1615.0
4026,Homme,36,Bac+5 ou plus,17,13,Services aux entreprises,Cadre,Temps complet,37.6,8,5207.0
3574,Femme,36,Baccalauréat,12,18,Enseignement,Employé,Temps complet,36.0,3,2349.0
2534,Homme,32,Bac+2,14,12,Services aux particuliers,Profession intermédiaire,Temps complet,38.5,11,2774.0
268,Homme,24,Aucun diplôme,7,11,Construction,Ouvrier,Temps complet,35.1,8,
1793,Femme,65,Bac+2,14,45,Construction,Employé,Temps complet,36.0,7,2056.0
2037,F,40,Bac+3/4,15,19,Services aux entreprises,Profession intermédiaire,Temps partiel,19.1,15,1583.0
4933,Homme,34,Bac+3/4,15,13,Administration publique,Profession intermédiaire,Temps complet,35.8,7,2847.0
4734,Femme,33,Aucun diplôme,7,20,Industrie,Ouvrier,Temps partiel,20.8,9,700.0
2201,Femme,31,Bac+3/4,15,10,Santé - action sociale,Employé,Temps complet,39.3,9,1954.0
812,Homme,37,Baccalauréat,12,19,Industrie,Employé,Temps complet,34.0,13,2731.0
1653,Homme,38,CAP-BEP,10,22,Administration publique,Employé,Temps complet,36.3,4,2629.0
2400,Femme,31,Bac+3/4,15,10,Services aux entreprises,Employé,Temps complet,37.7,5,2274.0
684,Femme,31,Aucun diplôme,7,18,Administration publique,Ouvrier,Temps partiel,23.0,2,1072.0
3648,Homme,31,Bac+2,14,11,Santé - action sociale,Employé,Temps complet,35.3,2,1528.0
4375,Femme,23,Bac+3/4,15,2,Administration publique,Profession intermédiaire,Temps complet,34.5,2,2369.0
327,F,33,Bac+2,14,13,Industrie,Profession intermédiaire,Temps complet,35.3,10,2576.0
851,Homme,31,Baccalauréat,12,13,Services aux entreprises,Employé,Temps complet,40.1,13,2055.0
2683,Femme,23,Baccalauréat,12,5,Construction,Employé,Temps partiel,23.1,2,1311.0
3223,F,24,Baccalauréat,12,6,Services aux entreprises,Employé,Temps complet,36.2,6,1839.0
1014,H,31,Baccalauréat,12,13,Services aux particuliers,Employé,Temps complet,39.5,3,2231.0
1968,Femme,24,Baccalauréat,12,6,Services aux particuliers,Employé,Temps complet,37.4,6,1144.0
4317,Femme,31,CAP-BEP,10,15,Commerce,Ouvrier,Temps partiel,24.3,10,761.0
1404,Homme,40,Bac+2,14,20,Services aux entreprises,Profession intermédiaire,Temps complet,36.6,10,3031.0
4765,Femme,37,Bac+2,14,17,Services aux entreprises,Employé,Temps complet,36.9,6,2339.0
863,F,40,Baccalauréat,12,22,Administration publique,Employé,Temps complet,36.9,3,2001.0
4042,Femme,29,CAP-BEP,10,13,Construction,Ouvrier,Temps complet,37.2,9,1646.0
4834,Femme,35,Bac+5 ou plus,17,12,Industrie,Employé,Temps complet,36.4,1,2078.0
2330,Femme,36,Aucun diplôme,7,23,Enseignement,Ouvrier,Temps complet,35.9,21,922.0
1109,Femme,34,Bac+5 ou plus,17,11,Commerce,Profession intermédiaire,Temps complet,36.2,7,2657.0
2676,Femme,23,CAP-BEP,10,7,Services aux particuliers,Ouvrier,Temps partiel,26.2,1,1005.0
3934,Homme,30,Bac+5 ou plus,17,7,Administration publique,Cadre,Temps complet,40.9,7,6837.0
466,Homme,28,Bac+3/4,15,7,Administration publique,Employé,Temps complet,37.3,1,1257.0
4289,H,31,Bac+2,14,11,Services aux particuliers,Employé,Temps complet,37.8,9,1604.0
2839,Femme,35,CAP-BEP,10,19,Commerce,Ouvrier,Temps partiel,25.3,5,842.0
4217,Homme,31,Bac+5 ou plus,17,8,Enseignement,Profession intermédiaire,Temps complet,35.2,8,2736.0
4247,Femme,41,CAP-BEP,10,25,Commerce,Ouvrier,Temps complet,35.0,9,1385.0
780,Homme,29,Baccalauréat,12,11,Santé - action sociale,Employé,Temps complet,34.0,1,2001.0
4276,Femme,40,Baccalauréat,12,22,Enseignement,Employé,Temps complet,34.0,5,1657.0
1273,Homme,40,CAP-BEP,10,24,Commerce,Employé,Temps complet,34.0,14,2496.0
1552,Homme,25,CAP-BEP,10,9,Commerce,Ouvrier,Temps complet,34.2,6,1550.0
4351,Femme,31,CAP-BEP,10,15,Construction,Ouvrier,Temps partiel,17.0,15,700.0
3400,Femme,25,Baccalauréat,12,7,Santé - action sociale,Employé,Temps complet,37.3,7,1184.0
2475,Femme,37,Baccalauréat,12,19,Services aux entreprises,Employé,Temps complet,35.5,4,2885.0
2542,Femme,40,Baccalauréat,12,22,Administration publique,Employé,Temps complet,37.5,14,2030.0
945,Homme,33,Aucun diplôme,7,20,Administration publique,Employé,Temps partiel,17.6,8,1167.0
3,Femme,21,CAP-BEP,10,5,Services aux entreprises,Ouvrier,Temps complet,36.4,2,1818.0
4946,Femme,36,Baccalauréat,12,18,Commerce,Employé,Temps complet,34.0,3,700.0
4937,Femme,30,Bac+2,14,10,Enseignement,Employé,Temps complet,39.3,10,2456.0
2717,Homme,17,Aucun diplôme,7,4,Administration publique,Ouvrier,Temps partiel,24.1,4,1099.0
4744,Homme,33,Bac+3/4,15,12,Santé - action sociale,Profession intermédiaire,Temps complet,35.2,4,2480.0
74,Homme,46,Bac+3/4,15,25,Services aux entreprises,Cadre,Temps complet,37.2,12,5260.0
1230,Homme,16,Aucun diplôme,7,3,Administration publique,Ouvrier,Temps complet,35.9,3,1312.0
1818,Femme,28,Bac+5 ou plus,17,5,Services aux entreprises,Employé,Temps complet,35.4,5,
3089,Femme,30,Aucun diplôme,7,17,Industrie,Ouvrier,Temps complet,35.1,6,1336.0
3147,Homme,35,Bac+3/4,15,14,Industrie,Employé,Temps complet,35.4,10,1535.0
1470,Homme,31,Bac+5 ou plus,17,8,Services aux entreprises,Employé,Temps partiel,14.8,7,784.0
3633,Homme,29,CAP-BEP,10,13,Industrie,Ouvrier,Temps complet,34.0,3,1483.0
3665,Femme,29,Bac+5 ou plus,17,6,Construction,Employé,Temps complet,34.1,5,2309.0
4115,Femme,41,Aucun diplôme,7,28,Administration publique,Ouvrier,Temps complet,34.0,5,1094.0
1113,Homme,19,CAP-BEP,10,3,Construction,Employé,Temps complet,38.5,3,2714.0
1888,Femme,45,Bac+5 ou plus,17,22,Commerce,Profession intermédiaire,Temps partiel,15.4,5,1315.0
4046,Homme,16,Aucun diplôme,7,3,Services aux particuliers,Ouvrier,Temps complet,37.6,2,1669.0
4195,Femme,23,CAP-BEP,10,7,Services aux entreprises,Ouvrier,Temps complet,39.6,7,1456.0
3505,Homme,21,Aucun diplôme,7,8,Santé - action sociale,Employé,Temps complet,36.7,3,2884.0
2051,Femme,199,CAP-BEP,10,11,Enseignement,Ouvrier,Temps complet,38.7,0,1503.0
2484,Femme,27,Bac+3/4,15,6,Enseignement,Employé,Temps complet,37.8,6,2477.0
2164,Homme,37,Bac+5 ou plus,17,14,Santé - action sociale,Cadre,Temps complet,36.2,3,3437.0
1412,Femme,40,Bac+5 ou plus,17,17,Industrie,Profession intermédiaire,Temps complet,36.0,8,2582.0
4771,Homme,27,CAP-BEP,10,11,Services aux particuliers,Ouvrier,Temps complet,36.7,2,
3500,Femme,40,Bac+5 ou plus,17,17,Industrie,Employé,Temps complet,38.9,5,2518.0
4499,Homme,32,Bac+5 ou plus,17,9,Services aux particuliers,Employé,Temps complet,35.6,3,2090.0
1194,Homme,25,CAP-BEP,10,9,Administration publique,Ouvrier,Temps complet,35.5,7,1471.0
1927,Homme,41,Bac+5 ou plus,17,18,Services aux entreprises,Cadre,Temps complet,36.7,4,4776.0
757,Homme,32,Bac+5 ou plus,17,9,Santé - action sociale,Cadre,Temps complet,36.5,7,4091.0
3277,Femme,33,Bac+3/4,15,12,Services aux particuliers,Employé,Temps partiel,18.9,4,1055.0
4390,Homme,25,Bac+2,14,5,Administration publique,Employé,Temps complet,36.3,5,2073.0
1952,Homme,24,Aucun diplôme,7,11,Administration publique,Ouvrier,Temps complet,38.0,4,1618.0
4959,Homme,31,Baccalauréat,12,13,Santé - action sociale,Employé,Temps complet,36.8,13,1810.0
4268,Homme,42,CAP-BEP,10,26,Santé - action sociale,Employé,Temps complet,37.6,8,
33,Homme,23,Aucun diplôme,7,10,Santé - action sociale,Employé,Temps partiel,14.1,4,925.0
2416,Femme,47,CAP-BEP,10,31,Santé - action sociale,Ouvrier,Temps complet,34.7,7,
4183,Femme,32,Baccalauréat,12,14,Services aux entreprises,Employé,Temps complet,37.5,1,3032.0
3340,Homme,31,CAP-BEP,10,15,Administration publique,Ouvrier,Temps complet,34.3,9,1329.0
4739,Femme,58,Bac+3/4,15,37,Santé - action sociale,Employé,Temps complet,40.0,3,1655.0
3532,Femme,23,Aucun diplôme,7,10,Santé - action sociale,Ouvrier,Temps complet,36.3,10,1521.0
641,Homme,30,Aucun diplôme,7,17,Industrie,Ouvrier,Temps complet,38.7,3,1548.0
1044,Homme,38,Baccalauréat,12,20,Enseignement,Employé,Temps complet,36.1,19,3239.0
1540,Homme,40,Bac+3/4,15,19,Administration publique,Employé,Temps complet,35.7,8,2392.0
4711,Femme,57,CAP-BEP,10,41,Administration publique,Employé,Temps complet,34.9,7,
4591,Femme,36,Aucun diplôme,7,23,Administration publique,Ouvrier,Temps complet,34.2,3,1821.0
3974,Femme,56,Baccalauréat,12,38,Santé - action sociale,Employé,Temps complet,35.8,25,1808.0
4659,Homme,26,CAP-BEP,10,10,Santé - action sociale,Ouvrier,Temps complet,34.0,10,
396,H,23,CAP-BEP,10,7,Administration publique,Employé,Temps complet,34.3,3,2277.0
2600,Femme,20,CAP-BEP,10,4,Santé - action sociale,Ouvrier,Temps complet,36.1,4,1077.0
4031,Homme,29,CAP-BEP,10,13,Services aux entreprises,Employé,Temps complet,35.7,8,3139.0
4093,Homme,46,Baccalauréat,12,28,Commerce,Employé,Temps complet,37.4,3,2597.0
730,Femme,39,Bac+2,14,19,Administration publique,Employé,Temps partiel,21.5,2,1422.0
3946,Femme,42,Aucun diplôme,7,29,Commerce,Ouvrier,Temps complet,37.3,16,1558.0
3472,Homme,41,CAP-BEP,10,25,Industrie,Employé,Temps complet,39.1,1,3245.0
3262,Homme,36,Bac+5 ou plus,17,13,Services aux particuliers,Cadre,Temps partiel,21.2,5,2352.0
559,Homme,40,Bac+5 ou plus,17,17,Administration publique,Employé,Temps complet,34.0,17,2194.0
1244,Homme,22,Aucun diplôme,7,9,Services aux particuliers,Ouvrier,Temps partiel,18.9,1,710.0
1555,Femme,30,Bac+3/4,15,9,Administration publique,Employé,Temps complet,34.5,1,17196.0
2464,Homme,41,Bac+5 ou plus,17,18,Santé - action sociale,Profession intermédiaire,Temps complet,34.0,18,3065.0
3328,Homme,17,Aucun diplôme,7,4,Services aux entreprises,Ouvrier,Temps complet,40.0,2,1958.0
234,Femme,35,Bac+2,14,15,Services aux entreprises,Profession intermédiaire,Temps partiel,27.2,6,2117.0
1988,Homme,29,CAP-BEP,10,13,Santé - action sociale,Ouvrier,Temps complet,39.4,10,2219.0
2108,Femme,23,Aucun diplôme,7,10,Services aux entreprises,Ouvrier,Temps partiel,13.6,10,811.0
3555,Femme,41,Bac+3/4,15,20,Enseignement,Profession intermédiaire,Temps complet,35.6,5,2675.0
2123,Homme,33,Bac+5 ou plus,17,10,Administration publique,Profession intermédiaire,Temps complet,38.1,2,3284.0
2617,Femme,55,Baccalauréat,12,37,Industrie,Employé,Temps partiel,19.7,34,786.0
4267,Homme,31,Baccalauréat,12,13,Services aux particuliers,Employé,Temps complet,37.9,5,1741.0
2161,Femme,29,CAP-BEP,10,13,Services aux particuliers,Ouvrier,Temps partiel,18.4,5,832.0
3668,Homme,21,CAP-BEP,10,5,Services aux particuliers,Ouvrier,Temps partiel,15.7,1,700.0
4658,Femme,34,Bac+3/4,15,13,Services aux entreprises,Cadre,Temps complet,39.6,13,3736.0
447,Femme,31,Bac+5 ou plus,17,8,Santé - action sociale,Profession intermédiaire,Temps complet,34.5,3,2502.0
4269,Homme,25,CAP-BEP,10,9,Commerce,Ouvrier,Temps complet,35.4,9,1341.0
918,Homme,29,Bac+2,14,9,Administration publique,Employé,Temps complet,34.0,1,2190.0
1049,Femme,35,Bac+2,14,15,Services aux entreprises,Profession intermédiaire,Temps complet,37.2,2,2599.0
4930,H,23,Bac+2,14,3,Enseignement,Employé,Temps complet,34.9,3,1775.0
585,Homme,50,Bac+3/4,15,29,Construction,Cadre,Temps complet,35.4,4,3428.0
1349,Femme,24,Baccalauréat,12,6,Services aux particuliers,Employé,Temps partiel,20.5,6,700.0
374,Homme,19,Aucun diplôme,7,6,Construction,Ouvrier,Temps complet,35.2,4,2128.0
3708,Femme,33,Aucun diplôme,7,20,Services aux entreprises,Ouvrier,Temps complet,37.5,1,1929.0
3559,Femme,35,Bac+2,14,15,Commerce,Employé,Temps complet,35.9,7,2081.0
254,H,34,CAP-BEP,10,18,Enseignement,Ouvrier,Temps complet,36.0,5,1777.0
4519,Femme,29,Bac+3/4,15,8,Construction,Employé,Temps complet,37.1,8,1725.0
3769,Femme,31,Aucun diplôme,7,18,Administration publique,Ouvrier,Temps complet,35.1,13,1545.0
423,Femme,41,Baccalauréat,12,23,Services aux entreprises,Employé,Temps complet,35.8,2,3420.0
2948,Femme,20,Aucun diplôme,7,7,Santé - action sociale,Ouvrier,Temps partiel,17.0,6,700.0
1667,Homme,20,CAP-BEP,10,4,Services aux particuliers,Ouvrier,Temps complet,36.5,4,2127.0
4160,Homme,52,Bac+5 ou plus,17,29,Services aux entreprises,Cadre,Temps complet,34.5,7,4429.0
4348,Homme,25,CAP-BEP,10,9,Santé - action sociale,Ouvrier,Temps complet,34.0,8,2063.0
3591,Homme,30,CAP-BEP,10,14,Enseignement,Ouvrier,Temps complet,34.0,3,1496.0
3714,Homme,38,Bac+3/4,15,17,Santé - action sociale,Cadre,Temps complet,34.0,16,3408.0
1052,Femme,36,Bac+2,14,16,Santé - action sociale,Employé,Temps complet,39.3,13,2464.0
2834,Homme,43,Baccalauréat,12,25,Santé - action sociale,Employé,Temps complet,41.1,14,
4076,Femme,25,Aucun diplôme,7,12,Services aux entreprises,Ouvrier,Temps partiel,22.2,6,700.0
841,Femme,65,Bac+5 ou plus,17,42,Enseignement,Profession intermédiaire,Temps complet,39.2,19,2928.0
2386,Homme,35,Bac+3/4,15,14,Commerce,Employé,Temps complet,38.0,14,2293.0
2603,Homme,58,Aucun diplôme,7,45,Construction,Ouvrier,Temps complet,37.5,2,1441.0
3190,Homme,40,Bac+2,14,20,Services aux entreprises,Profession intermédiaire,Temps complet,34.0,2,5090.0
4417,Homme,37,Baccalauréat,12,19,Industrie,Employé,Temps complet,38.4,6,
164,Femme,26,CAP-BEP,10,10,Services aux particuliers,Ouvrier,Temps partiel,20.5,10,933.0
4212,F,32,CAP-BEP,10,16,Santé - action sociale,Ouvrier,Temps complet,41.4,16,1340.0
981,Femme,24,Bac+2,14,4,Commerce,Employé,Temps complet,36.0,4,1470.0
3224,Homme,24,Aucun diplôme,7,11,Services aux particuliers,Ouvrier,Temps complet,38.4,11,1059.0
3495,Homme,28,CAP-BEP,10,12,Services aux entreprises,Employé,Temps complet,35.2,2,2915.0
1795,Homme,25,Bac+2,14,5,Services aux entreprises,Profession intermédiaire,Temps complet,38.3,5,2764.0
636,Femme,22,Baccalauréat,12,4,Commerce,Employé,Temps partiel,28.0,4,1038.0
3784,Femme,29,Baccalauréat,12,11,Enseignement,Employé,Temps partiel,20.1,2,1101.0
2615,Femme,35,Bac+5 ou plus,17,12,Services aux particuliers,Employé,Temps partiel,28.6,1,1618.0
280,Homme,29,Bac+5 ou plus,17,6,Administration publique,Employé,Temps complet,36.9,1,1696.0
664,Homme,24,Baccalauréat,12,6,Santé - action sociale,Employé,Temps complet,35.6,6,1627.0
3734,F,46,CAP-BEP,10,30,Commerce,Employé,Temps complet,35.3,5,3524.0
3675,Homme,35,Bac+3/4,15,14,Services aux entreprises,Employé,Temps complet,37.3,8,2517.0
2283,Femme,29,CAP-BEP,10,13,Administration publique,Ouvrier,Temps complet,34.0,5,971.0
655,Homme,34,Bac+3/4,15,13,Administration publique,Employé,Temps complet,36.7,6,2234.0
3917,H,36,Bac+5 ou plus,17,13,Commerce,Profession intermédiaire,Temps complet,37.5,3,2862.0
4566,Femme,20,CAP-BEP,10,4,Santé - action sociale,Ouvrier,Temps complet,39.3,4,1820.0
3486,Homme,29,CAP-BEP,10,13,Administration publique,Ouvrier,Temps partiel,10.1,4,700.0
2606,Homme,36,Bac+2,14,16,Construction,Employé,Temps partiel,23.3,5,1524.0
857,Femme,33,CAP-BEP,10,17,Santé - action sociale,Ouvrier,Temps complet,36.7,14,1685.0
708,Homme,44,CAP-BEP,10,28,Industrie,Employé,Temps complet,34.8,12,2578.0
685,Homme,25,CAP-BEP,10,9,Services aux entreprises,Ouvrier,Temps complet,37.0,3,1952.0
1005,Homme,30,Aucun diplôme,7,17,Administration publique,Ouvrier,Temps complet,36.4,5,894.0
2191,F,34,Bac+2,14,14,Services aux particuliers,Profession intermédiaire,Temps partiel,26.7,12,
1280,Femme,29,Baccalauréat,12,11,Administration publique,Employé,Temps complet,35.0,6,2168.0
4751,Femme,27,CAP-BEP,10,11,Services aux entreprises,Ouvrier,Temps partiel,33.0,9,1623.0
1923,Homme,38,Bac+2,14,18,Administration publique,Profession intermédiaire,Temps complet,34.3,11,2539.0
1267,Femme,26,Bac+5 ou plus,17,3,Construction,Employé,Temps complet,38.7,3,2115.0
3568,Femme,28,CAP-BEP,10,12,Industrie,Ouvrier,Temps partiel,21.2,11,1140.0
4540,Homme,34,Bac+5 ou plus,17,11,Services aux entreprises,Employé,Temps partiel,22.3,6,1339.0
2687,Femme,53,Baccalauréat,12,35,Construction,Employé,Temps partiel,17.8,12,700.0
1978,Femme,40,Baccalauréat,12,22,Services aux particuliers,Employé,Temps partiel,27.0,4,1400.0
3588,Homme,33,Bac+3/4,15,12,Santé - action sociale,Profession intermédiaire,Temps complet,37.0,11,3257.0
2073,Homme,39,Bac+3/4,15,18,Santé - action sociale,Employé,Temps complet,37.0,8,1680.0
644,Femme,58,CAP-BEP,10,42,Santé - action sociale,Ouvrier,Temps complet,40.3,12,
4967,Homme,40,Bac+5 ou plus,17,17,Services aux particuliers,Profession intermédiaire,Temps complet,37.7,6,3077.0
2421,Femme,30,Baccalauréat,12,12,Industrie,Employé,Temps complet,34.0,4,3807.0
4287,Homme,30,Baccalauréat,12,12,Enseignement,Employé,Temps complet,35.1,12,3129.0
1156,Homme,28,Baccalauréat,12,10,Santé - action sociale,Employé,Temps partiel,15.8,3,1303.0
642,H,25,CAP-BEP,10,9,Services aux entreprises,Employé,Temps complet,38.2,4,2463.0
2587,Homme,22,CAP-BEP,10,6,Services aux entreprises,Ouvrier,Temps complet,36.2,6,1510.0
2459,Homme,42,Bac+2,14,22,Administration publique,Profession intermédiaire,Temps complet,36.4,6,4419.0
60,Homme,29,CAP-BEP,10,13,Enseignement,Ouvrier,Temps complet,36.5,9,925.0
553,Homme,25,Aucun diplôme,7,12,Commerce,Ouvrier,Temps complet,36.5,12,1238.0
3323,Femme,18,Aucun diplôme,7,5,Commerce,Ouvrier,Temps complet,34.0,5,756.0
3770,Homme,26,CAP-BEP,10,10,Construction,Employé,Temps complet,36.7,2,2851.0
3849,Homme,28,Bac+2,14,8,Services aux entreprises,Profession intermédiaire,Temps complet,40.0,4,3191.0
1042,Homme,36,Bac+5 ou plus,17,13,Industrie,Cadre,Temps complet,36.4,9,3844.0
2819,Homme,36,Bac+2,14,16,Commerce,Employé,Temps complet,37.0,10,1860.0
4483,Femme,47,Bac+3/4,15,26,Santé - action sociale,Employé,Temps complet,36.4,2,1654.0
287,Homme,31,Baccalauréat,12,13,Services aux particuliers,Employé,Temps complet,37.4,4,1672.0
1820,Femme,34,Bac+2,14,14,Industrie,Profession intermédiaire,Temps complet,35.9,2,3357.0
3999,Homme,30,Bac+3/4,15,9,Industrie,Employé,Temps complet,38.7,9,2519.0
3929,Homme,38,CAP-BEP,10,22,Services aux entreprises,Ouvrier,Temps complet,35.9,6,1959.0
1186,Homme,32,Bac+3/4,15,11,Commerce,Employé,Temps complet,35.7,7,
694,Femme,26,CAP-BEP,10,10,Services aux entreprises,Employé,Temps complet,39.4,6,
2947,Femme,49,Baccalauréat,12,31,Construction,Employé,Temps complet,34.6,6,2198.0
2411,Homme,57,Aucun diplôme,7,44,Construction,Ouvrier,Temps complet,38.1,3,1463.0
1249,Homme,37,Bac+2,14,17,Services aux entreprises,Profession intermédiaire,Temps complet,34.0,8,4072.0
1995,Homme,31,Bac+3/4,15,10,Services aux particuliers,Employé,Temps complet,35.8,9,2387.0
2062,Homme,31,Bac+2,14,11,Services aux entreprises,Employé,Temps complet,35.3,6,2240.0
4762,Femme,20,CAP-BEP,10,4,Construction,Ouvrier,Temps complet,35.4,4,1217.0
717,Femme,43,Bac+2,14,23,Administration publique,Profession intermédiaire,Temps complet,36.2,11,3165.0
811,Femme,30,Bac+5 ou plus,17,7,Administration publique,Profession intermédiaire,Temps partiel,18.7,7,1627.0
535,Homme,31,CAP-BEP,10,15,Santé - action sociale,Ouvrier,Temps partiel,22.3,1,1062.0
4491,Homme,55,Bac+3/4,15,34,Industrie,Profession intermédiaire,Temps complet,36.7,7,3303.0
696,Femme,23,Baccalauréat,12,5,Industrie,Employé,Temps complet,39.0,5,3380.0
3796,Femme,25,Baccalauréat,12,7,Enseignement,Employé,Temps complet,36.4,1,2234.0
337,Femme,38,Baccalauréat,12,20,Services aux entreprises,Employé,Temps partiel,24.3,4,1550.0
192,Femme,28,CAP-BEP,10,12,Administration publique,Ouvrier,Temps partiel,21.3,12,985.0
1022,Homme,31,CAP-BEP,10,15,Commerce,Ouvrier,Temps complet,36.2,3,2208.0
1573,Homme,38,Baccalauréat,12,20,Enseignement,Employé,Temps complet,35.4,2,1632.0
2907,Homme,28,CAP-BEP,10,12,Administration publique,Employé,Temps complet,34.0,3,
2999,Homme,34,Baccalauréat,12,16,Services aux particuliers,Employé,Temps partiel,23.0,1,1281.0
2135,Homme,35,Bac+3/4,15,14,Santé - action sociale,Cadre,Temps complet,35.7,10,4573.0
12,Homme,33,Bac+3/4,15,12,Services aux entreprises,Profession intermédiaire,Temps complet,38.0,9,2623.0
4849,Homme,37,Bac+5 ou plus,17,14,Commerce,Profession intermédiaire,Temps complet,35.6,12,2600.0
4343,Homme,26,Bac+3/4,15,5,Services aux entreprises,Cadre,Temps complet,40.2,4,3786.0
2019,Homme,35,Bac+5 ou plus,17,12,Construction,Cadre,Temps complet,38.0,5,3555.0
2767,F,26,CAP-BEP,10,10,Services aux entreprises,Ouvrier,Temps complet,35.4,8,1242.0
4597,Femme,27,Baccalauréat,12,9,Industrie,Employé,Temps complet,36.6,9,1552.0
1406,Homme,29,Bac+2,14,9,Santé - action sociale,Profession intermédiaire,Temps complet,35.7,9,2448.0
3952,Femme,50,Bac+3/4,15,29,Industrie,Employé,Temps complet,35.8,5,1859.0
2957,F,61,CAP-BEP,10,45,Services aux entreprises,Employé,Temps complet,34.9,1,2860.0
1688,Femme,32,Bac+3/4,15,11,Administration publique,Employé,Temps complet,34.8,1,
1983,Homme,40,CAP-BEP,10,24,Services aux particuliers,Ouvrier,Temps complet,35.7,4,1490.0
3995,Femme,25,Bac+3/4,15,4,Santé - action sociale,Employé,Temps partiel,14.8,4,700.0
462,Femme,25,Aucun diplôme,7,12,Santé - action sociale,Ouvrier,Temps complet,34.0,12,1192.0
4531,Homme,28,Baccalauréat,12,10,Industrie,Employé,Temps partiel,19.2,4,943.0
2304,Homme,29,Bac+2,14,9,Santé - action sociale,Employé,Temps complet,35.3,9,2188.0
3762,Femme,23,CAP-BEP,10,7,Administration publique,Ouvrier,Temps complet,37.0,7,1758.0
388,Homme,35,Baccalauréat,12,17,Enseignement,Employé,Temps complet,39.4,4,1670.0
2692,Homme,20,CAP-BEP,10,4,Industrie,Employé,Temps complet,39.5,2,2710.0
17,Homme,36,CAP-BEP,10,20,Services aux entreprises,Ouvrier,Temps complet,35.9,10,1844.0
3467,H,25,Bac+2,14,5,Administration publique,Employé,Temps complet,34.0,5,1593.0
4803,Homme,32,Bac+2,14,12,Services aux entreprises,Profession intermédiaire,Temps complet,36.3,12,3152.0
1,Homme,42,Baccalauréat,12,24,Services aux entreprises,Employé,Temps complet,34.0,1,3314.0
2250,Homme,32,Bac+5 ou plus,17,9,Services aux entreprises,Cadre,Temps complet,35.0,1,
1357,Homme,49,Bac+5 ou plus,17,26,Administration publique,Profession intermédiaire,Temps complet,36.8,4,3079.0
2106,Femme,47,Bac+3/4,15,26,Services aux entreprises,Cadre,Temps partiel,20.3,14,
1306,Homme,30,Bac+3/4,15,9,Services aux particuliers,Employé,Temps partiel,20.1,9,700.0
4293,Femme,29,Aucun diplôme,7,16,Commerce,Ouvrier,Temps complet,34.0,5,933.0
3251,Femme,26,Aucun diplôme,7,13,Construction,Ouvrier,Temps complet,40.9,3,1198.0
1513,Homme,24,CAP-BEP,10,8,Administration publique,Ouvrier,Temps complet,36.3,1,1892.0
623,Homme,26,Bac+3/4,15,5,Santé - action sociale,Employé,Temps complet,36.2,5,2212.0
2934,Femme,29,CAP-BEP,10,13,Enseignement,Ouvrier,Temps complet,36.3,3,
2231,Homme,35,Bac+5 ou plus,17,12,Administration publique,Cadre,Temps partiel,22.3,5,3107.0
4118,Homme,40,Bac+5 ou plus,17,17,Construction,Profession intermédiaire,Temps complet,37.9,5,
2088,Homme,38,Baccalauréat,12,20,Services aux entreprises,Employé,Temps complet,35.9,6,1298.0
3009,Homme,30,Bac+3/4,15,9,Santé - action sociale,Employé,Temps complet,35.7,9,1592.0
3411,Femme,25,CAP-BEP,10,9,Services aux entreprises,Ouvrier,Temps complet,37.2,3,1187.0
4587,Homme,37,Baccalauréat,12,19,Industrie,Employé,Temps complet,35.8,6,1494.0
4555,Femme,46,Bac+2,14,26,Santé - action sociale,Employé,Temps complet,34.0,4,1915.0
2346,Femme,29,Bac+2,14,9,Santé - action sociale,Employé,Temps partiel,21.6,2,787.0
1943,Femme,52,Bac+5 ou plus,17,29,Santé - action sociale,Profession intermédiaire,Temps complet,35.2,16,2852.0
2427,Homme,27,Bac+2,14,7,Services aux entreprises,Profession intermédiaire,Temps complet,39.8,7,3112.0
2175,Femme,28,Baccalauréat,12,10,Commerce,Employé,Temps partiel,17.3,3,1875.0
3245,Homme,38,Aucun diplôme,7,25,Administration publique,Employé,Temps complet,37.3,5,2729.0
1981,Femme,23,Baccalauréat,12,5,Commerce,Employé,Temps complet,38.2,5,2419.0
2252,Homme,29,CAP-BEP,10,13,Commerce,Ouvrier,Temps complet,36.8,10,1208.0
1777,Homme,30,Baccalauréat,12,12,Enseignement,Employé,Temps complet,37.6,10,2528.0
2067,Femme,38,CAP-BEP,10,22,Administration publique,Ouvrier,Temps partiel,17.1,10,713.0
331,Femme,38,Bac+5 ou plus,17,15,Services aux entreprises,Employé,Temps complet,34.0,11,1837.0
3463,Homme,45,Bac+5 ou plus,17,22,Commerce,Profession intermédiaire,Temps complet,34.1,6,2769.0
2359,Homme,35,Baccalauréat,12,17,Enseignement,Employé,Temps complet,36.6,6,1016.0
679,Homme,41,Baccalauréat,12,23,Enseignement,Employé,Temps complet,34.5,14,1656.0
3913,Homme,30,Baccalauréat,12,12,Enseignement,Employé,Temps complet,36.5,12,1170.0
299,Homme,29,Baccalauréat,12,11,Administration publique,Employé,Temps complet,39.8,1,1798.0
875,Femme,32,Baccalauréat,12,14,Services aux entreprises,Employé,Temps complet,39.1,2,2561.0
778,Homme,25,Aucun diplôme,7,12,Administration publique,Ouvrier,Temps complet,34.1,7,1632.0
2299,Femme,44,Bac+3/4,15,23,Administration publique,Profession intermédiaire,Temps partiel,17.7,3,1537.0
1090,Homme,38,Bac+2,14,18,Commerce,Profession intermédiaire,Temps complet,37.4,11,2974.0
4465,Homme,22,Aucun diplôme,7,9,Services aux particuliers,Ouvrier,Temps complet,35.3,9,1359.0
2713,Homme,22,Aucun diplôme,7,9,Administration publique,Ouvrier,Temps complet,40.7,9,2152.0
1790,Homme,28,Baccalauréat,12,10,Commerce,Employé,Temps complet,37.2,4,2034.0
1124,Homme,28,Baccalauréat,12,10,Enseignement,Employé,Temps complet,36.8,10,1070.0
1148,Homme,18,CAP-BEP,10,2,Administration publique,Ouvrier,Temps complet,40.3,2,1773.0
1456,Homme,29,Bac+5 ou plus,17,6,Administration publique,Profession intermédiaire,Temps complet,38.9,2,3001.0
895,Homme,45,Baccalauréat,12,27,Santé - action sociale,Employé,Temps complet,35.8,8,2450.0
2361,Femme,21,CAP-BEP,10,5,Administration publique,Ouvrier,Temps partiel,26.8,5,1295.0
3504,Femme,37,Bac+5 ou plus,17,14,Santé - action sociale,Employé,Temps complet,36.0,4,2222.0
2121,Femme,32,Baccalauréat,12,14,Enseignement,Employé,Temps complet,38.5,14,2233.0
2537,Femme,37,CAP-BEP,10,21,Construction,Ouvrier,Temps partiel,20.2,8,800.0
1236,Femme,29,CAP-BEP,10,13,Services aux particuliers,Ouvrier,Temps partiel,22.5,6,1118.0
2797,Homme,23,Baccalauréat,12,5,Services aux particuliers,Employé,Temps complet,34.9,5,1083.0
1629,Femme,36,Bac+3/4,15,15,Santé - action sociale,Profession intermédiaire,Temps complet,38.7,11,3097.0
1478,Homme,27,CAP-BEP,10,11,Industrie,Ouvrier,Temps complet,36.9,2,2149.0
4099,Femme,37,Bac+5 ou plus,17,14,Industrie,Profession intermédiaire,Temps partiel,22.2,14,1679.0
2667,Femme,31,Baccalauréat,12,13,Construction,Employé,Temps partiel,22.4,1,1697.0
1380,Homme,24,CAP-BEP,10,8,Enseignement,Ouvrier,Temps complet,39.7,1,1953.0
2165,H,19,Aucun diplôme,7,6,Industrie,Ouvrier,Temps complet,36.1,6,1835.0
3656,Homme,21,CAP-BEP,10,5,Santé - action sociale,Ouvrier,Temps complet,36.2,5,1359.0
4057,Femme,58,Bac+5 ou plus,17,35,Commerce,Cadre,Temps complet,36.0,15,3772.0
902,Femme,29,CAP-BEP,10,13,Santé - action sociale,Ouvrier,Temps complet,37.1,5,1698.0
2209,Femme,33,Baccalauréat,12,15,Services aux particuliers,Employé,Temps complet,39.5,15,1817.0
2031,Femme,30,Baccalauréat,12,12,Santé - action sociale,Employé,Temps complet,34.0,3,2157.0
4912,Homme,38,Bac+2,14,18,Services aux entreprises,Profession intermédiaire,Temps complet,35.2,8,2835.0
2392,Femme,26,Aucun diplôme,7,13,Administration publique,Ouvrier,Temps complet,37.6,5,1031.0
1314,Homme,43,Bac+3/4,15,22,Enseignement,Employé,Temps complet,34.3,0,1832.0
4271,Femme,51,Bac+2,14,31,Industrie,Employé,Temps complet,37.1,23,
627,Homme,33,Baccalauréat,12,15,Industrie,Employé,Temps complet,37.6,9,1445.0
1087,Homme,30,CAP-BEP,10,14,Services aux particuliers,Ouvrier,Temps complet,39.7,10,1811.0
3750,Femme,45,Bac+5 ou plus,17,22,Commerce,Profession intermédiaire,Temps complet,36.8,3,2619.0
2776,Homme,52,Baccalauréat,12,34,Services aux particuliers,Employé,Temps complet,34.2,7,2013.0
2714,Femme,48,CAP-BEP,10,32,Industrie,Ouvrier,Temps complet,39.7,6,2068.0
3447,Femme,24,CAP-BEP,10,8,Santé - action sociale,Ouvrier,Temps complet,34.1,8,1268.0
500,Homme,28,Baccalauréat,12,10,Services aux entreprises,Employé,Temps complet,37.1,5,1961.0
2535,Femme,21,CAP-BEP,10,5,Services aux particuliers,Ouvrier,Temps partiel,18.3,5,700.0
2860,Femme,39,Baccalauréat,12,21,Construction,Employé,Temps complet,39.4,9,
4755,Homme,48,CAP-BEP,10,32,Administration publique,Employé,Temps complet,37.8,1,3343.0
2223,Homme,31,CAP-BEP,10,15,Administration publique,Ouvrier,Temps complet,36.4,5,1159.0
2647,Homme,54,Baccalauréat,12,36,Services aux entreprises,Employé,Temps complet,37.1,2,1857.0
1382,Homme,22,CAP-BEP,10,6,Construction,Employé,Temps complet,36.6,6,3119.0
565,Homme,56,CAP-BEP,10,40,Administration publique,Ouvrier,Temps complet,36.1,10,1979.0
4777,Homme,19,Aucun diplôme,7,6,Services aux entreprises,Ouvrier,Temps complet,37.2,6,1195.0
2936,Femme,47,CAP-BEP,10,31,Commerce,Employé,Temps complet,37.5,21,2474.0
2945,H,31,Bac+2,14,11,Industrie,Profession intermédiaire,Temps complet,38.4,6,2746.0
4681,Homme,28,Baccalauréat,12,10,Santé - action sociale,Employé,Temps complet,35.9,2,1686.0
4153,Femme,45,Bac+2,14,25,Commerce,Employé,Temps complet,37.3,3,1489.0
3460,Femme,36,Aucun diplôme,7,23,Commerce,Ouvrier,Temps complet,35.9,1,1021.0
775,H,40,Bac+2,14,20,Industrie,Profession intermédiaire,Temps complet,42.3,11,2962.0
4707,Femme,21,CAP-BEP,10,5,Commerce,Ouvrier,Temps complet,35.5,5,1237.0
4883,Homme,45,Bac+2,14,25,Commerce,Profession intermédiaire,Temps complet,38.3,6,5571.0
801,Homme,27,Aucun diplôme,7,14,Services aux entreprises,Ouvrier,Temps partiel,27.1,8,700.0
4902,Homme,34,Bac+5 ou plus,17,11,Services aux entreprises,Cadre,Temps complet,34.0,6,3390.0
2422,Femme,21,Baccalauréat,12,3,Administration publique,Employé,Temps complet,35.3,3,1529.0
4616,Homme,46,Baccalauréat,12,28,Commerce,Employé,Temps complet,35.9,4,1379.0
4962,Femme,18,Aucun diplôme,7,5,Construction,Ouvrier,Temps partiel,29.5,5,806.0
1327,Homme,36,Bac+3/4,15,15,Services aux particuliers,Employé,Temps complet,35.6,5,2378.0
2052,Homme,26,CAP-BEP,10,10,Services aux entreprises,Ouvrier,Temps complet,37.1,4,1785.0
2454,Homme,28,CAP-BEP,10,12,Industrie,Employé,Temps complet,37.7,12,2412.0
4381,Homme,29,CAP-BEP,10,13,Industrie,Employé,Temps complet,34.0,5,3321.0
3042,Femme,53,Baccalauréat,12,35,Santé - action sociale,Employé,Temps complet,35.3,11,2179.0
2080,Homme,29,Baccalauréat,12,11,Administration publique,Employé,Temps complet,40.4,10,
3658,Femme,21,Aucun diplôme,7,8,Industrie,Ouvrier,Temps complet,40.3,1,1209.0
3742,Homme,24,Aucun diplôme,7,11,Enseignement,Ouvrier,Temps complet,37.4,7,1311.0
4595,Femme,24,Aucun diplôme,7,11,Administration publique,Ouvrier,Temps partiel,30.3,8,1037.0
1902,Femme,29,Baccalauréat,12,11,Santé - action sociale,Employé,Temps complet,36.5,8,1985.0
1075,Homme,35,Baccalauréat,12,17,Services aux particuliers,Employé,Temps complet,40.2,10,2524.0
4108,Homme,22,CAP-BEP,10,6,Services aux particuliers,Ouvrier,Temps complet,37.5,1,1577.0
507,Homme,21,Aucun diplôme,7,8,Administration publique,Ouvrier,Temps complet,34.0,8,1427.0
4391,Homme,30,Bac+2,14,10,Services aux particuliers,Profession intermédiaire,Temps complet,37.6,5,3298.0
2789,Homme,23,Aucun diplôme,7,10,Services aux entreprises,Ouvrier,Temps complet,36.5,8,1429.0
4190,Femme,34,Bac+3/4,15,13,Services aux entreprises,Employé,Temps complet,35.2,10,2109.0
3015,Homme,32,Bac+2,14,12,Industrie,Profession intermédiaire,Temps complet,37.8,8,
809,Homme,28,CAP-BEP,10,12,Industrie,Ouvrier,Temps complet,37.6,1,2102.0
291,Homme,30,Baccalauréat,12,12,Services aux entreprises,Employé,Temps complet,37.0,12,2864.0
1092,Femme,34,Bac+5 ou plus,17,11,Industrie,Employé,Temps partiel,14.5,6,
3024,Femme,44,Baccalauréat,12,26,Services aux entreprises,Employé,Temps partiel,24.0,11,1196.0
3578,F,38,Bac+2,14,18,Administration publique,Employé,Temps complet,34.0,11,1933.0
3989,Homme,26,CAP-BEP,10,10,Administration publique,Ouvrier,Temps partiel,23.5,4,1206.0
99,Homme,27,Baccalauréat,12,9,Santé - action sociale,Employé,Temps complet,34.4,5,1408.0
342,Homme,29,Bac+5 ou plus,17,6,Administration publique,Employé,Temps complet,42.2,6,1631.0
4143,Femme,31,Baccalauréat,12,13,Administration publique,Employé,Temps partiel,24.3,3,1267.0
4568,Femme,24,Baccalauréat,12,6,Santé - action sociale,Employé,Temps partiel,27.1,2,1126.0
4073,Homme,28,CAP-BEP,10,12,Construction,Employé,Temps complet,36.6,12,2338.0
2399,Homme,46,Bac+2,14,26,Santé - action sociale,Profession intermédiaire,Temps partiel,25.3,3,
4556,Homme,19,CAP-BEP,10,3,Services aux particuliers,Ouvrier,Temps complet,37.7,3,
1312,Homme,31,Bac+3/4,15,10,Industrie,Profession intermédiaire,Temps complet,34.8,3,2555.0
3715,Homme,38,Bac+2,14,18,Services aux entreprises,Profession intermédiaire,Temps complet,39.0,6,4582.0
2879,Femme,30,Bac+5 ou plus,17,7,Santé - action sociale,Employé,Temps complet,37.3,2,1182.0
4662,Femme,49,Bac+3/4,15,28,Services aux entreprises,Employé,Temps partiel,24.2,20,1558.0
1009,Femme,51,Bac+3/4,15,30,Enseignement,Cadre,Temps complet,35.3,13,
4232,Homme,30,CAP-BEP,10,14,Services aux particuliers,Employé,Temps complet,35.8,3,2310.0
4049,Homme,36,CAP-BEP,10,20,Santé - action sociale,Ouvrier,Temps complet,36.4,9,1908.0
2546,Femme,26,Baccalauréat,12,8,Commerce,Employé,Temps complet,34.1,8,1389.0
1237,Femme,21,CAP-BEP,10,5,Services aux particuliers,Ouvrier,Temps complet,37.7,5,1158.0
2039,Femme,28,Bac+3/4,15,7,Services aux particuliers,Employé,Temps partiel,22.3,4,812.0
4123,Femme,20,Aucun diplôme,7,7,Administration publique,Ouvrier,Temps complet,37.9,7,1239.0
218,Femme,35,Baccalauréat,12,17,Enseignement,Employé,Temps complet,34.0,4,1221.0
470,Homme,38,Bac+2,14,18,Administration publique,Profession intermédiaire,Temps complet,40.5,5,4668.0
1301,Homme,20,Baccalauréat,12,2,Commerce,Employé,Temps complet,37.2,2,1319.0
3232,Homme,37,CAP-BEP,10,21,Industrie,Ouvrier,Temps complet,34.0,1,1641.0
3653,Femme,30,Bac+3/4,15,9,Services aux particuliers,Employé,Temps complet,36.5,9,1874.0
3285,H,31,Baccalauréat,12,13,Administration publique,Employé,Temps complet,37.1,6,
2861,Femme,30,CAP-BEP,10,14,Commerce,Ouvrier,Temps complet,36.4,4,1718.0
2027,Femme,22,CAP-BEP,10,6,Industrie,Ouvrier,Temps complet,37.7,6,1790.0
1069,Femme,32,Bac+2,14,12,Administration publique,Employé,Temps complet,39.8,2,1340.0
562,Homme,31,Baccalauréat,12,13,Services aux entreprises,Employé,Temps complet,34.0,11,2657.0
3991,Homme,27,Baccalauréat,12,9,Administration publique,Employé,Temps complet,38.7,9,1442.0
4852,Homme,33,Baccalauréat,12,15,Industrie,Employé,Temps complet,36.2,7,2757.0
2254,Femme,24,Bac+3/4,15,3,Enseignement,Profession intermédiaire,Temps partiel,19.8,3,1527.0
4527,Femme,24,CAP-BEP,10,8,Administration publique,Ouvrier,Temps complet,36.9,6,1306.0
4737,Femme,40,Baccalauréat,12,22,Services aux particuliers,Employé,Temps partiel,25.6,6,1255.0
4682,Femme,30,Bac+5 ou plus,17,7,Services aux entreprises,Employé,Temps complet,34.0,3,1834.0
2596,Homme,46,Baccalauréat,12,28,Commerce,Employé,Temps partiel,25.0,2,2401.0
1941,Homme,30,Bac+3/4,15,9,Services aux particuliers,Employé,Temps complet,34.7,9,1650.0
2849,Femme,23,Baccalauréat,12,5,Industrie,Employé,Temps complet,35.7,5,1551.0
1490,Homme,25,Baccalauréat,12,7,Services aux entreprises,Employé,Temps complet,37.9,3,2555.0
541,H,35,Baccalauréat,12,17,Santé - action sociale,Employé,Temps complet,36.4,3,2802.0
1120,Femme,38,Bac+5 ou plus,17,15,Administration publique,Cadre,Temps complet,37.3,4,4776.0
4127,Homme,44,Aucun diplôme,7,31,Construction,Ouvrier,Temps complet,37.7,1,863.0
3359,Homme,53,Bac+5 ou plus,17,30,Industrie,Cadre,Temps complet,35.0,8,5351.0
988,Homme,32,CAP-BEP,10,16,Industrie,Ouvrier,Temps complet,34.0,4,1770.0
2622,Homme,31,Aucun diplôme,7,18,Industrie,Ouvrier,Temps complet,36.1,13,1893.0
960,Femme,42,Bac+3/4,15,21,Services aux entreprises,Profession intermédiaire,Temps complet,35.7,11,3040.0
2177,Femme,25,CAP-BEP,10,9,Administration publique,Ouvrier,Temps partiel,19.4,9,754.0
4610,Femme,37,Baccalauréat,12,19,Santé - action sociale,Employé,Temps complet,36.1,7,1531.0
3319,H,34,Bac+5 ou plus,17,11,Commerce,Employé,Temps complet,34.0,11,2068.0
3850,Femme,37,Bac+2,14,17,Administration publique,Employé,Temps partiel,20.4,5,800.0
1896,Homme,29,Baccalauréat,12,11,Administration publique,Employé,Temps complet,34.4,3,2353.0
3838,Homme,36,Bac+3/4,15,15,Commerce,Profession intermédiaire,Temps complet,36.2,15,3044.0
2966,Femme,32,Baccalauréat,12,14,Industrie,Employé,Temps complet,36.5,4,2243.0
3497,Homme,28,CAP-BEP,10,12,Santé - action sociale,Ouvrier,Temps complet,38.8,1,1916.0
2817,Homme,35,Aucun diplôme,7,22,Santé - action sociale,Ouvrier,Temps complet,37.3,4,1599.0
816,Femme,44,Bac+2,14,24,Administration publique,Employé,Temps complet,36.0,9,1434.0
4102,Homme,30,CAP-BEP,10,14,Services aux particuliers,Employé,Temps complet,35.2,8,2598.0
3764,Homme,37,Bac+3/4,15,16,Commerce,Employé,Temps complet,37.9,16,2488.0
4505,Homme,40,Baccalauréat,12,22,Administration publique,Employé,Temps complet,34.0,3,2357.0
3797,Homme,27,Bac+2,14,7,Commerce,Profession intermédiaire,Temps complet,39.0,3,
3523,Homme,43,Bac+5 ou plus,17,20,Services aux particuliers,Cadre,Temps partiel,14.0,1,2103.0
3416,Homme,27,Baccalauréat,12,9,Commerce,Employé,Temps complet,34.0,2,1981.0
52,Femme,37,Aucun diplôme,7,24,Services aux particuliers,Ouvrier,Temps complet,37.3,11,2148.0
661,F,23,Aucun diplôme,7,10,Commerce,Ouvrier,Temps complet,38.2,8,1269.0
750,F,36,CAP-BEP,10,20,Enseignement,Ouvrier,Temps complet,36.1,8,2153.0
4623,F,35,CAP-BEP,10,19,Services aux entreprises,Ouvrier,Temps complet,34.0,4,1464.0
2971,Femme,50,Bac+5 ou plus,17,27,Santé - action sociale,Cadre,Temps partiel,24.4,27,3798.0
4810,Femme,32,Baccalauréat,12,14,Commerce,Employé,Temps partiel,24.3,8,1501.0
1521,H,30,Bac+3/4,15,9,Services aux particuliers,Employé,Temps partiel,23.6,2,1596.0
2025,Femme,48,Bac+2,14,28,Services aux particuliers,Employé,Temps complet,36.0,19,
2295,Femme,48,Bac+2,14,28,Industrie,Employé,Temps complet,39.9,2,2491.0
3235,Homme,39,Bac+3/4,15,18,Services aux particuliers,Employé,Temps complet,40.4,6,2762.0
2362,Homme,33,Bac+5 ou plus,17,10,Services aux entreprises,Cadre,Temps complet,36.8,6,3724.0
1728,Homme,37,Bac+5 ou plus,17,14,Services aux entreprises,Cadre,Temps complet,35.7,10,3614.0
3252,Homme,43,Baccalauréat,12,25,Construction,Employé,Temps complet,34.8,8,1720.0
2593,Femme,29,Bac+5 ou plus,17,6,Services aux entreprises,Employé,Temps partiel,31.5,6,1484.0
1272,Femme,34,Bac+2,14,14,Industrie,Profession intermédiaire,Temps partiel,27.2,4,2626.0
3895,Femme,32,Bac+2,14,12,Services aux entreprises,Employé,Temps complet,40.3,8,
517,Homme,34,CAP-BEP,10,18,Enseignement,Ouvrier,Temps partiel,25.2,15,1216.0
4455,Homme,30,Bac+5 ou plus,17,7,Industrie,Profession intermédiaire,Temps complet,37.2,5,2637.0
767,Femme,26,Bac+2,14,6,Santé - action sociale,Profession intermédiaire,Temps complet,34.0,4,3068.0
4246,Homme,42,Bac+3/4,15,21,Industrie,Employé,Temps complet,36.4,6,2331.0
2079,Femme,35,Baccalauréat,12,17,Santé - action sociale,Employé,Temps partiel,15.3,10,996.0
4923,Homme,30,CAP-BEP,10,14,Construction,Ouvrier,Temps complet,38.5,7,1581.0
4750,Homme,38,Bac+2,14,18,Administration publique,Profession intermédiaire,Temps complet,36.4,2,2893.0
933,H,36,Aucun diplôme,7,23,Commerce,Ouvrier,Temps complet,35.3,13,1959.0
2722,H,31,Bac+5 ou plus,17,8,Santé - action sociale,Profession intermédiaire,Temps complet,39.0,8,3118.0
270,Homme,42,Bac+5 ou plus,17,19,Services aux particuliers,Employé,Temps partiel,24.7,11,1412.0
4106,Femme,22,Aucun diplôme,7,9,Industrie,Ouvrier,Temps complet,34.0,4,881.0
1034,Homme,37,Bac+3/4,15,16,Enseignement,Employé,Temps partiel,24.9,6,1668.0
1989,Homme,28,CAP-BEP,10,12,Industrie,Employé,Temps complet,34.0,3,3624.0
2867,Homme,31,Bac+5 ou plus,17,8,Santé - action sociale,Profession intermédiaire,Temps complet,34.8,4,2683.0
334,Femme,29,Bac+2,14,9,Enseignement,Employé,Temps complet,37.8,2,2440.0
1023,Homme,24,CAP-BEP,10,8,Construction,Ouvrier,Temps complet,34.9,4,2035.0
3016,Femme,37,Baccalauréat,12,19,Services aux particuliers,Employé,Temps complet,36.6,1,1629.0
3577,Homme,33,Bac+2,14,13,Santé - action sociale,Profession intermédiaire,Temps complet,36.2,3,2644.0
38,Homme,44,Bac+2,14,24,Administration publique,Profession intermédiaire,Temps complet,34.0,13,2475.0
2003,Homme,34,Bac+5 ou plus,17,11,Santé - action sociale,Employé,Temps complet,35.0,8,1754.0
372,Femme,31,Baccalauréat,12,13,Services aux entreprises,Employé,Temps complet,34.8,13,1757.0
324,Femme,21,Aucun diplôme,7,8,Services aux particuliers,Ouvrier,Temps complet,38.6,7,1587.0
1425,Femme,40,Bac+3/4,15,19,Administration publique,Profession intermédiaire,Temps complet,34.0,10,3006.0
1284,Homme,43,Bac+5 ou plus,17,20,Commerce,Profession intermédiaire,Temps complet,35.5,4,2577.0
1868,Homme,23,CAP-BEP,10,7,Commerce,Ouvrier,Temps complet,39.8,5,1998.0
220,H,26,CAP-BEP,10,10,Industrie,Employé,Temps complet,36.2,10,2393.0
1214,Homme,34,Baccalauréat,12,16,Commerce,Employé,Temps complet,37.5,1,2417.0
678,Femme,39,Bac+5 ou plus,17,16,Santé - action sociale,Profession intermédiaire,Temps complet,37.3,7,2643.0
1427,Femme,34,Bac+5 ou plus,17,11,Administration publique,Cadre,Temps complet,34.0,5,3455.0
4861,Homme,20,CAP-BEP,10,4,Industrie,Ouvrier,Temps complet,39.1,4,1584.0
2868,Homme,33,Baccalauréat,12,15,Enseignement,Employé,Temps complet,38.1,6,2278.0
2412,Homme,33,Bac+2,14,13,Enseignement,Employé,Temps complet,35.0,7,2385.0
2972,Homme,23,Baccalauréat,12,5,Services aux entreprises,Employé,Temps complet,35.8,5,1449.0
1258,Femme,48,Bac+5 ou plus,17,25,Commerce,Employé,Temps complet,37.3,6,2392.0
4613,Femme,31,Bac+2,14,11,Industrie,Employé,Temps complet,38.9,5,2321.0
4981,Femme,29,Bac+5 ou plus,17,6,Services aux entreprises,Profession intermédiaire,Temps complet,37.6,6,2582.0
4464,Homme,21,Aucun diplôme,7,8,Services aux entreprises,Ouvrier,Temps complet,34.0,8,1382.0
1323,Homme,28,CAP-BEP,10,12,Industrie,Ouvrier,Temps complet,36.6,3,1753.0
1494,Homme,39,Bac+5 ou plus,17,16,Administration publique,Employé,Temps complet,35.7,10,1998.0
259,Homme,35,Bac+5 ou plus,17,12,Services aux entreprises,Cadre,Temps complet,34.0,5,3305.0
668,Homme,24,Aucun diplôme,7,11,Enseignement,Ouvrier,Temps complet,34.4,11,1669.0
2533,Homme,27,Bac+2,14,7,Services aux particuliers,Profession intermédiaire,Temps partiel,22.9,4,2050.0
4748,Homme,45,CAP-BEP,10,29,Industrie,Ouvrier,Temps complet,38.5,6,1883.0
3114,Femme,21,CAP-BEP,10,5,Administration publique,Ouvrier,Temps complet,36.8,4,1659.0
474,Homme,27,CAP-BEP,10,11,Santé - action sociale,Ouvrier,Temps partiel,29.8,1,1181.0
602,H,35,Bac+2,14,15,Santé - action sociale,Employé,Temps complet,41.0,13,
3857,Femme,34,Bac+5 ou plus,17,11,Industrie,Profession intermédiaire,Temps complet,37.1,2,3149.0
2599,Femme,30,CAP-BEP,10,14,Services aux entreprises,Ouvrier,Temps complet,36.0,12,1469.0
4113,Femme,32,Baccalauréat,12,14,Commerce,Employé,Temps complet,38.0,6,2224.0
1259,Homme,33,CAP-BEP,10,17,Services aux entreprises,Employé,Temps partiel,28.8,4,1949.0
3028,Femme,34,Aucun diplôme,7,21,Services aux entreprises,Ouvrier,Temps complet,40.9,4,1653.0
1415,Homme,32,Bac+3/4,15,11,Commerce,Employé,Temps complet,38.4,3,1935.0
927,Homme,28,Bac+2,14,8,Industrie,Profession intermédiaire,Temps complet,35.4,3,2944.0
3481,Homme,30,CAP-BEP,10,14,Santé - action sociale,Ouvrier,Temps complet,34.0,5,2008.0
482,Femme,30,Baccalauréat,12,12,Enseignement,Employé,Temps complet,35.9,2,1674.0
2184,Homme,34,Bac+5 ou plus,17,11,Administration publique,Profession intermédiaire,Temps complet,37.8,8,3366.0
3986,Femme,39,Bac+5 ou plus,17,16,Enseignement,Profession intermédiaire,Temps complet,36.9,3,3151.0
583,Femme,18,Aucun diplôme,7,5,Enseignement,Ouvrier,Temps complet,37.7,5,1049.0
4323,Homme,21,Aucun diplôme,7,8,Construction,Ouvrier,Temps complet,38.8,8,2026.0
1729,Homme,25,Baccalauréat,12,7,Services aux entreprises,Employé,Temps complet,38.8,3,2720.0
1715,Homme,31,Bac+2,14,11,Enseignement,Employé,Temps partiel,20.3,11,966.0
2137,Homme,49,Baccalauréat,12,31,Commerce,Employé,Temps complet,34.1,19,1973.0
4325,Femme,25,CAP-BEP,10,9,Commerce,Ouvrier,Temps complet,34.0,9,875.0
1709,Femme,55,Baccalauréat,12,37,Commerce,Employé,Temps partiel,31.8,7,2642.0
4429,Homme,38,Bac+3/4,15,17,Santé - action sociale,Employé,Temps complet,41.2,2,2714.0
1100,Femme,21,CAP-BEP,10,5,Services aux entreprises,Ouvrier,Temps complet,37.7,5,1652.0
4023,H,62,Bac+3/4,15,41,Commerce,Profession intermédiaire,Temps complet,37.3,8,2792.0
4282,Femme,26,CAP-BEP,10,10,Administration publique,Employé,Temps partiel,24.0,5,1893.0
4051,Homme,42,Aucun diplôme,7,29,Commerce,Ouvrier,Temps complet,37.4,4,1612.0
4825,Femme,31,Bac+5 ou plus,17,8,Administration publique,Employé,Temps complet,40.3,3,2223.0
4261,H,38,Bac+3/4,15,17,Services aux entreprises,Cadre,Temps complet,37.9,13,4081.0
1926,Femme,26,Aucun diplôme,7,13,Santé - action sociale,Ouvrier,Temps complet,38.7,13,945.0
2740,Femme,48,Baccalauréat,12,30,Services aux particuliers,Employé,Temps partiel,22.6,12,
4119,Femme,33,Baccalauréat,12,15,Industrie,Employé,Temps complet,37.0,15,3445.0
11,Homme,40,Bac+5 ou plus,17,17,Enseignement,Employé,Temps complet,38.9,3,2589.0
4514,Femme,45,Baccalauréat,12,27,Santé - action sociale,Employé,Temps complet,39.7,6,2408.0
783,Homme,27,Baccalauréat,12,9,Industrie,Employé,Temps complet,36.1,9,1504.0
4638,Homme,42,Baccalauréat,12,24,Construction,Employé,Temps complet,34.0,2,2554.0
1073,Homme,26,Bac+3/4,15,5,Administration publique,Profession intermédiaire,Temps complet,37.6,5,2889.0
3526,Femme,28,Baccalauréat,12,10,Services aux entreprises,Employé,Temps complet,39.6,9,2527.0
4938,Homme,22,CAP-BEP,10,6,Santé - action sociale,Ouvrier,Temps complet,40.1,2,2208.0
1953,Homme,35,Bac+2,14,15,Santé - action sociale,Profession intermédiaire,Temps complet,34.9,10,3889.0
2301,Femme,26,Bac+2,14,6,Enseignement,Employé,Temps complet,36.8,6,1954.0
162,Femme,24,CAP-BEP,10,8,Commerce,Ouvrier,Temps complet,37.3,6,1982.0
1734,Femme,45,CAP-BEP,10,29,Administration publique,Ouvrier,Temps complet,34.0,5,1488.0
125,Homme,53,CAP-BEP,10,37,Industrie,Employé,Temps complet,36.0,7,2572.0
1196,Femme,32,Aucun diplôme,7,19,Santé - action sociale,Employé,Temps complet,36.4,5,2474.0
4435,Femme,16,Aucun diplôme,7,3,Industrie,Ouvrier,Temps complet,41.1,3,1678.0
3100,Homme,27,Bac+2,14,7,Santé - action sociale,Employé,Temps complet,35.7,7,1147.0
479,Femme,28,Baccalauréat,12,10,Industrie,Employé,Temps complet,36.8,10,1232.0
4947,Femme,44,Bac+2,14,24,Industrie,Employé,Temps complet,34.2,7,1844.0
4719,H,28,Aucun diplôme,7,15,Commerce,Ouvrier,Temps complet,39.7,6,1498.0
2419,Homme,21,Aucun diplôme,7,8,Services aux entreprises,Ouvrier,Temps complet,38.0,6,1652.0
1836,Femme,27,Bac+2,14,7,Industrie,Employé,Temps complet,37.2,7,2240.0
1270,Femme,34,Bac+5 ou plus,17,11,Services aux entreprises,Cadre,Temps complet,36.6,3,5572.0
4831,Femme,23,Baccalauréat,12,5,Commerce,Employé,Temps complet,35.3,5,2506.0
2188,Homme,34,Bac+5 ou plus,17,11,Enseignement,Employé,Temps complet,37.0,11,2069.0
2975,Homme,26,CAP-BEP,10,10,Administration publique,Employé,Temps complet,38.5,10,3823.0
1528,Femme,51,Baccalauréat,12,33,Industrie,Employé,Temps partiel,12.6,5,1262.0
186,Homme,36,Bac+5 ou plus,17,13,Industrie,Employé,Temps partiel,30.9,5,1762.0
23,Femme,29,Baccalauréat,12,11,Administration publique,Employé,Temps complet,38.2,2,1561.0
2087,Femme,29,Bac+2,14,9,Administration publique,Profession intermédiaire,Temps complet,37.8,9,2960.0
3291,Femme,42,CAP-BEP,10,26,Enseignement,Ouvrier,Temps partiel,23.5,6,1398.0
3371,Homme,41,Bac+3/4,15,20,Commerce,Employé,Temps complet,36.4,8,
2897,Femme,32,CAP-BEP,10,16,Services aux particuliers,Ouvrier,Temps complet,35.9,4,1549.0
1951,F,21,Baccalauréat,12,3,Administration publique,Employé,Temps partiel,27.3,3,
1468,Femme,30,Aucun diplôme,7,17,Commerce,Ouvrier,Temps complet,34.0,2,706.0
3701,Femme,32,Bac+2,14,12,Construction,Employé,Temps partiel,17.7,12,1018.0
2891,Femme,22,Aucun diplôme,7,9,Services aux particuliers,Ouvrier,Temps complet,36.1,8,707.0
3273,Homme,30,Bac+3/4,15,9,Administration publique,Employé,Temps complet,35.0,9,2099.0
3600,Homme,26,CAP-BEP,10,10,Commerce,Ouvrier,Temps complet,34.2,10,1446.0
176,Femme,32,CAP-BEP,10,16,Services aux entreprises,Employé,Temps complet,34.0,9,2460.0
738,Femme,31,CAP-BEP,10,15,Services aux entreprises,Ouvrier,Temps complet,35.2,4,1142.0
2474,Homme,35,Bac+5 ou plus,17,12,Industrie,Cadre,Temps complet,39.6,12,4583.0
2513,H,26,Bac+3/4,15,5,Construction,Employé,Temps complet,37.4,5,1782.0
469,Femme,29,CAP-BEP,10,13,Santé - action sociale,Employé,Temps complet,34.0,4,2197.0
1886,Homme,29,Bac+5 ou plus,17,6,Enseignement,Profession intermédiaire,Temps complet,40.3,1,3059.0
91,H,24,CAP-BEP,10,8,Commerce,Ouvrier,Temps complet,37.6,8,
2937,Femme,23,CAP-BEP,10,7,Industrie,Ouvrier,Temps complet,38.4,4,2177.0
4363,Femme,35,Bac+2,14,15,Commerce,Employé,Temps partiel,21.6,3,1433.0
1887,Femme,28,CAP-BEP,10,12,Commerce,Ouvrier,Temps partiel,18.6,12,700.0
4227,Homme,27,CAP-BEP,10,11,Services aux particuliers,Ouvrier,Temps partiel,18.9,5,826.0
21,Homme,38,Baccalauréat,12,20,Services aux particuliers,Employé,Temps complet,36.9,3,2278.0
1275,Homme,28,Bac+5 ou plus,17,5,Services aux particuliers,Profession intermédiaire,Temps complet,34.0,4,2350.0
4121,Homme,27,CAP-BEP,10,11,Administration publique,Ouvrier,Temps complet,34.9,11,1429.0
1576,Femme,64,Bac+5 ou plus,17,41,Commerce,Profession intermédiaire,Temps complet,34.0,1,2683.0
2695,Femme,24,CAP-BEP,10,8,Santé - action sociale,Ouvrier,Temps complet,35.5,6,2099.0
1370,Femme,28,Baccalauréat,12,10,Commerce,Employé,Temps complet,37.0,8,995.0
2669,Homme,28,Aucun diplôme,7,15,Services aux particuliers,Ouvrier,Temps complet,36.1,4,1000.0
4201,Femme,37,Aucun diplôme,7,24,Construction,Ouvrier,Temps complet,34.0,8,876.0
4828,Femme,28,CAP-BEP,10,12,Santé - action sociale,Ouvrier,Temps complet,35.4,0,1504.0
288,Homme,44,Aucun diplôme,7,31,Santé - action sociale,Ouvrier,Temps complet,34.0,4,1778.0
1679,Femme,24,Baccalauréat,12,6,Services aux entreprises,Employé,Temps complet,37.8,1,1273.0
3154,Femme,36,Baccalauréat,12,18,Administration publique,Employé,Temps complet,34.0,9,1701.0
1784,Femme,20,CAP-BEP,10,4,Industrie,Ouvrier,Temps partiel,21.9,4,1060.0
4037,Femme,23,Bac+2,14,3,Services aux entreprises,Profession intermédiaire,Temps partiel,23.0,3,1607.0
2017,Femme,45,Bac+5 ou plus,17,22,Commerce,Cadre,Temps complet,35.2,21,4215.0
3152,Femme,29,Aucun diplôme,7,16,Services aux entreprises,Ouvrier,Temps complet,37.0,2,1871.0
4692,Femme,41,Bac+2,14,21,Administration publique,Profession intermédiaire,Temps complet,39.9,10,2915.0
3758,Homme,27,Baccalauréat,12,9,Enseignement,Employé,Temps complet,34.3,9,1873.0
524,F,38,CAP-BEP,10,22,Administration publique,Ouvrier,Temps complet,34.6,8,1570.0
1671,Homme,20,Aucun diplôme,7,7,Santé - action sociale,Ouvrier,Temps complet,34.0,3,1267.0
4440,Homme,43,Bac+3/4,15,22,Industrie,Profession intermédiaire,Temps partiel,15.1,1,1263.0
4131,Homme,43,Bac+5 ou plus,17,20,Santé - action sociale,Cadre,Temps complet,34.0,20,4584.0
1199,Homme,25,CAP-BEP,10,9,Services aux entreprises,Ouvrier,Temps complet,34.0,4,1499.0
1520,Homme,38,Bac+3/4,15,17,Enseignement,Profession intermédiaire,Temps complet,36.0,2,2696.0
829,Homme,24,Bac+3/4,15,3,Commerce,Employé,Temps complet,39.7,3,1892.0
1882,Femme,35,Bac+2,14,15,Commerce,Employé,Temps complet,36.8,3,
638,Homme,35,Baccalauréat,12,17,Services aux particuliers,Employé,Temps partiel,17.1,17,700.0
2905,Femme,36,CAP-BEP,10,20,Enseignement,Ouvrier,Temps complet,37.5,3,1151.0
1706,Homme,33,CAP-BEP,10,17,Services aux entreprises,Employé,Temps complet,36.7,9,
1291,Femme,48,CAP-BEP,10,32,Santé - action sociale,Ouvrier,Temps partiel,19.1,9,881.0
2335,Homme,25,Baccalauréat,12,7,Commerce,Employé,Temps complet,35.3,7,
1424,Homme,30,Bac+2,14,10,Industrie,Employé,Temps complet,37.9,2,2499.0
3115,Homme,22,CAP-BEP,10,6,Commerce,Ouvrier,Temps complet,38.0,6,1590.0
3131,Femme,31,Aucun diplôme,7,18,Administration publique,Employé,Temps complet,40.3,5,2694.0
2853,Femme,36,Bac+3/4,15,15,Services aux entreprises,Employé,Temps partiel,16.5,4,1128.0
4789,Homme,21,CAP-BEP,10,5,Enseignement,Ouvrier,Temps complet,35.6,5,1771.0
2916,Femme,33,Baccalauréat,12,15,Construction,Employé,Temps complet,39.1,5,1694.0
3984,Homme,50,CAP-BEP,10,34,Enseignement,Ouvrier,Temps complet,38.0,4,1375.0
3180,Homme,28,Bac+3/4,15,7,Enseignement,Employé,Temps complet,35.4,7,1715.0
906,Femme,44,CAP-BEP,10,28,Services aux entreprises,Employé,Temps complet,36.4,8,2594.0
2470,Homme,45,Bac+2,14,25,Services aux entreprises,Profession intermédiaire,Temps complet,38.1,1,5662.0
1884,Homme,32,Baccalauréat,12,14,Industrie,Employé,Temps complet,34.9,14,1415.0
3007,Femme,44,Bac+5 ou plus,17,21,Commerce,Profession intermédiaire,Temps complet,44.2,3,3990.0
3908,Femme,22,Aucun diplôme,7,9,Services aux particuliers,Ouvrier,Temps complet,39.0,9,1224.0
4358,Homme,44,CAP-BEP,10,28,Services aux particuliers,Ouvrier,Temps complet,35.8,7,1437.0
2581,Femme,16,Aucun diplôme,7,2,Industrie,Ouvrier,Temps complet,38.6,2,2367.0
1210,Homme,40,Bac+2,14,20,Construction,Employé,Temps complet,37.8,5,2512.0
1516,Femme,21,CAP-BEP,10,5,Administration publique,Employé,Temps complet,40.5,5,2770.0
4990,H,33,Bac+5 ou plus,17,10,Services aux entreprises,Profession intermédiaire,Temps complet,40.3,10,2927.0
4228,Femme,29,Bac+2,14,9,Santé - action sociale,Employé,Temps complet,34.9,6,1867.0
626,Homme,29,Bac+2,14,9,Construction,Employé,Temps complet,37.6,7,2193.0
4178,Femme,37,Bac+2,14,17,Services aux particuliers,Profession intermédiaire,Temps complet,34.8,8,2444.0
2199,Homme,23,Aucun diplôme,7,10,Administration publique,Ouvrier,Temps partiel,18.7,4,700.0
1309,Homme,42,Bac+3/4,15,21,Santé - action sociale,Employé,Temps complet,40.0,11,2271.0
3006,Femme,47,Bac+5 ou plus,17,24,Services aux entreprises,Cadre,Temps complet,34.0,3,
2110,Homme,19,Aucun diplôme,7,6,Santé - action sociale,Ouvrier,Temps complet,35.4,0,1616.0
2895,Femme,47,Bac+3/4,15,26,Administration publique,Cadre,Temps complet,37.6,17,3962.0
2997,Homme,38,Baccalauréat,12,20,Santé - action sociale,Employé,Temps complet,38.6,3,2375.0
3380,Femme,30,Baccalauréat,12,12,Services aux particuliers,Employé,Temps complet,36.2,1,22068.0
78,Femme,25,Bac+3/4,15,4,Administration publique,Employé,Temps partiel,27.6,4,1447.0
292,Femme,45,Bac+5 ou plus,17,22,Administration publique,Profession intermédiaire,Temps complet,36.4,4,2512.0
5000,Homme,36,CAP-BEP,10,20,Santé - action sociale,Ouvrier,Temps complet,39.9,10,
2053,Homme,19,Aucun diplôme,7,6,Services aux entreprises,Ouvrier,Temps partiel,9.4,2,
2974,Homme,36,CAP-BEP,10,20,Services aux particuliers,Ouvrier,Temps complet,36.1,5,
3087,Femme,32,Bac+3/4,15,11,Commerce,Profession intermédiaire,Temps complet,37.2,3,3299.0
4697,F,33,Bac+5 ou plus,17,10,Administration publique,Employé,Temps partiel,27.0,5,1634.0
4666,Homme,28,CAP-BEP,10,12,Administration publique,Ouvrier,Temps complet,34.0,5,1403.0
391,Homme,34,Bac+3/4,15,13,Services aux entreprises,Profession intermédiaire,Temps complet,37.5,2,3311.0
3918,Homme,30,Aucun diplôme,7,17,Administration publique,Ouvrier,Temps complet,35.8,16,1756.0
3821,Femme,29,Bac+3/4,15,8,Administration publique,Cadre,Temps partiel,29.8,3,3028.0
3004,Femme,28,CAP-BEP,10,12,Santé - action sociale,Employé,Temps partiel,13.1,12,827.0
4024,Femme,37,Bac+2,14,17,Services aux entreprises,Employé,Temps complet,35.6,6,2393.0
1188,Homme,52,Bac+2,14,32,Services aux particuliers,Employé,Temps partiel,27.8,3,1158.0
3106,Femme,32,Baccalauréat,12,14,Commerce,Employé,Temps complet,37.4,7,2030.0
3476,Homme,59,Bac+5 ou plus,17,36,Construction,Cadre,Temps complet,35.4,7,4149.0
119,Homme,29,Aucun diplôme,7,16,Enseignement,Ouvrier,Temps complet,37.9,9,2298.0
601,Homme,33,Baccalauréat,12,15,Industrie,Employé,Temps complet,38.7,11,3199.0
1439,Homme,21,Aucun diplôme,7,8,Construction,Ouvrier,Temps complet,37.6,8,1542.0
2322,Homme,31,Baccalauréat,12,13,Commerce,Employé,Temps partiel,18.1,12,1412.0
1001,Homme,33,Bac+5 ou plus,17,10,Services aux particuliers,Employé,Temps complet,39.3,5,2400.0
587,Homme,34,CAP-BEP,10,18,Services aux entreprises,Employé,Temps complet,34.0,18,2658.0
2375,Homme,22,CAP-BEP,10,6,Commerce,Ouvrier,Temps complet,36.2,6,1368.0
2796,Femme,28,Bac+5 ou plus,17,5,Administration publique,Employé,Temps partiel,16.8,5,1111.0
3267,Femme,28,CAP-BEP,10,12,Santé - action sociale,Ouvrier,Temps partiel,25.7,5,1137.0
2385,Femme,22,Baccalauréat,12,4,Santé - action sociale,Employé,Temps complet,37.2,4,2309.0
1234,Homme,36,Bac+2,14,16,Industrie,Profession intermédiaire,Temps complet,35.9,6,2861.0
2208,Homme,18,Aucun diplôme,7,5,Santé - action sociale,Ouvrier,Temps complet,36.6,5,1187.0
1286,Homme,56,CAP-BEP,10,40,Santé - action sociale,Employé,Temps complet,36.6,9,3197.0
505,Homme,36,Baccalauréat,12,18,Industrie,Employé,Temps complet,39.6,13,3714.0
848,Femme,51,Baccalauréat,12,33,Santé - action sociale,Employé,Temps complet,36.5,10,1640.0
3325,Femme,42,Baccalauréat,12,24,Santé - action sociale,Employé,Temps complet,39.5,2,3595.0
2922,Femme,17,Aucun diplôme,7,4,Services aux particuliers,Ouvrier,Temps complet,35.4,4,1360.0
3229,Femme,28,Aucun diplôme,7,15,Services aux entreprises,Ouvrier,Temps complet,36.0,5,1609.0
1401,Femme,37,Bac+2,14,17,Services aux particuliers,Employé,Temps complet,35.6,3,1983.0
2770,Femme,39,CAP-BEP,10,23,Services aux entreprises,Ouvrier,Temps partiel,19.8,11,1117.0
2504,Homme,29,Aucun diplôme,7,16,Santé - action sociale,Ouvrier,Temps complet,34.0,8,700.0
1739,Homme,53,Bac+3/4,15,32,Services aux particuliers,Cadre,Temps complet,39.0,5,4396.0
354,Homme,36,Bac+2,14,16,Administration publique,Profession intermédiaire,Temps complet,35.6,1,2780.0
2348,Homme,52,CAP-BEP,10,36,Services aux particuliers,Ouvrier,Temps complet,34.3,9,1779.0
1296,Femme,53,Bac+3/4,15,32,Construction,Profession intermédiaire,Temps partiel,18.4,3,1527.0
4472,Homme,38,CAP-BEP,10,22,Enseignement,Ouvrier,Temps complet,38.6,3,1852.0
853,Femme,29,Baccalauréat,12,11,Administration publique,Employé,Temps complet,34.0,4,1370.0
2354,Homme,33,Bac+2,14,13,Services aux particuliers,Employé,Temps complet,34.0,2,1642.0
4512,Femme,25,CAP-BEP,10,9,Administration publique,Ouvrier,Temps partiel,21.6,9,700.0
4349,Femme,28,CAP-BEP,10,12,Administration publique,Employé,Temps complet,39.1,8,2810.0
4716,Homme,24,CAP-BEP,10,8,Services aux entreprises,Employé,Temps complet,35.3,8,2709.0
1154,Femme,35,Bac+2,14,15,Services aux particuliers,Employé,Temps complet,35.5,7,1575.0
1883,Femme,42,Bac+5 ou plus,17,19,Commerce,Cadre,Temps complet,37.1,2,4724.0
1039,Homme,27,Baccalauréat,12,9,Santé - action sociale,Employé,Temps complet,38.0,2,2101.0
1269,Homme,43,Baccalauréat,12,25,Services aux entreprises,Employé,Temps complet,34.0,3,2208.0
4291,Homme,25,Aucun diplôme,7,12,Commerce,Ouvrier,Temps complet,38.0,4,1431.0
1602,Femme,41,Bac+5 ou plus,17,18,Enseignement,Cadre,Temps complet,36.8,8,6389.0
1084,Femme,38,Bac+5 ou plus,17,15,Services aux entreprises,Profession intermédiaire,Temps partiel,19.4,5,1403.0
3388,Femme,24,Aucun diplôme,7,11,Santé - action sociale,Ouvrier,Temps partiel,20.7,2,700.0
3830,Femme,25,Aucun diplôme,7,12,Enseignement,Ouvrier,Temps partiel,20.4,12,700.0
87,F,39,Bac+5 ou plus,17,16,Enseignement,Profession intermédiaire,Temps complet,37.5,4,3085.0
2728,Femme,17,CAP-BEP,10,1,Commerce,Ouvrier,Temps complet,37.3,1,1148.0
4715,Homme,42,Baccalauréat,12,24,Industrie,Employé,Temps complet,36.6,11,2220.0
4133,H,36,Bac+5 ou plus,17,13,Administration publique,Cadre,Temps complet,35.2,4,6580.0
4281,Femme,29,Bac+5 ou plus,17,6,Santé - action sociale,Employé,Temps complet,37.5,5,2061.0
1012,Homme,44,Bac+2,14,24,Santé - action sociale,Employé,Temps partiel,18.9,18,740.0
1106,Homme,38,Bac+3/4,15,17,Santé - action sociale,Cadre,Temps complet,36.7,17,3480.0
283,Homme,21,CAP-BEP,10,5,Services aux entreprises,Ouvrier,Temps complet,35.6,3,2010.0
1627,Femme,39,Aucun diplôme,7,26,Services aux entreprises,Employé,Temps complet,38.3,12,2572.0
1846,Femme,52,Baccalauréat,12,34,Enseignement,Employé,Temps complet,38.8,2,
2490,Femme,35,Bac+3/4,15,14,Santé - action sociale,Employé,Temps complet,35.8,2,2325.0
4158,Homme,34,Bac+2,14,14,Industrie,Employé,Temps partiel,28.5,4,1344.0
667,Homme,37,Baccalauréat,12,19,Construction,Employé,Temps complet,36.9,9,2680.0
4171,Femme,36,Bac+2,14,16,Enseignement,Profession intermédiaire,Temps complet,36.2,16,4777.0
3729,Femme,30,Bac+2,14,10,Services aux entreprises,Employé,Temps complet,34.0,3,1840.0
1375,Femme,30,Aucun diplôme,7,17,Commerce,Ouvrier,Temps partiel,15.5,3,700.0
4792,Homme,20,CAP-BEP,10,4,Administration publique,Ouvrier,Temps complet,35.0,4,1522.0
4258,Femme,30,Aucun diplôme,7,17,Santé - action sociale,Ouvrier,Temps partiel,27.0,15,836.0
2153,Homme,29,Bac+3/4,15,8,Enseignement,Profession intermédiaire,Temps partiel,26.6,5,1953.0
2814,Femme,42,Bac+5 ou plus,17,19,Santé - action sociale,Cadre,Temps complet,34.0,4,3950.0
557,Homme,42,Bac+3/4,15,21,Construction,Profession intermédiaire,Temps complet,36.7,12,2839.0
4132,H,43,Bac+3/4,15,22,Administration publique,Employé,Temps complet,38.4,5,
3031,Femme,27,Baccalauréat,12,9,Services aux entreprises,Employé,Temps complet,40.1,9,1557.0
4547,Homme,32,Bac+2,14,12,Santé - action sociale,Profession intermédiaire,Temps complet,37.5,4,2956.0
2066,Homme,35,Bac+2,14,15,Santé - action sociale,Employé,Temps complet,37.7,5,1686.0
3444,Homme,24,CAP-BEP,10,8,Services aux particuliers,Ouvrier,Temps complet,34.5,8,
4630,Homme,30,Bac+5 ou plus,17,7,Administration publique,Employé,Temps complet,35.8,5,2194.0
4090,Femme,51,Bac+2,14,31,Construction,Profession intermédiaire,Temps complet,36.7,12,2750.0
3971,Femme,28,Bac+2,14,8,Construction,Employé,Temps complet,37.2,2,1836.0
3392,H,32,Bac+2,14,12,Santé - action sociale,Employé,Temps complet,40.4,8,1354.0
3996,Homme,28,CAP-BEP,10,12,Commerce,Ouvrier,Temps complet,38.7,4,1309.0
2069,Homme,31,CAP-BEP,10,15,Services aux particuliers,Ouvrier,Temps complet,37.5,4,2315.0
1311,Homme,37,CAP-BEP,10,21,Services aux entreprises,Employé,Temps complet,36.3,7,5135.0
4807,Homme,30,Bac+2,14,10,Santé - action sociale,Profession intermédiaire,Temps complet,39.4,9,4161.0
4420,F,23,CAP-BEP,10,7,Services aux particuliers,Ouvrier,Temps complet,37.0,7,1229.0
4907,Femme,24,Baccalauréat,12,6,Santé - action sociale,Employé,Temps complet,37.8,2,1896.0
3953,Femme,27,Baccalauréat,12,9,Services aux entreprises,Employé,Temps complet,37.0,8,
2763,Homme,27,Bac+3/4,15,6,Construction,Profession intermédiaire,Temps complet,37.4,6,3197.0
3672,Homme,52,Bac+5 ou plus,17,29,Enseignement,Cadre,Temps complet,34.0,9,4136.0
4625,Homme,37,Bac+2,14,17,Commerce,Profession intermédiaire,Temps complet,37.4,16,4007.0
3095,Homme,42,Bac+3/4,15,21,Services aux entreprises,Cadre,Temps complet,37.0,2,5559.0
2944,Homme,33,Bac+3/4,15,12,Services aux particuliers,Profession intermédiaire,Temps complet,39.8,6,3303.0
4354,Femme,35,Bac+3/4,15,14,Administration publique,Profession intermédiaire,Temps partiel,23.8,11,1992.0
1769,Femme,34,Bac+2,14,14,Santé - action sociale,Employé,Temps partiel,21.7,3,1455.0
4729,Femme,34,Bac+2,14,14,Services aux entreprises,Profession intermédiaire,Temps complet,39.0,5,3083.0
165,Femme,27,Bac+3/4,15,6,Administration publique,Employé,Temps complet,35.0,6,1520.0
1690,Homme,25,CAP-BEP,10,9,Industrie,Ouvrier,Temps complet,40.0,2,1776.0
3531,Femme,34,CAP-BEP,10,18,Santé - action sociale,Ouvrier,Temps partiel,19.6,2,1030.0
2569,H,30,Baccalauréat,12,12,Commerce,Employé,Temps complet,36.5,11,1277.0
3387,Homme,30,Bac+3/4,15,9,Services aux particuliers,Employé,Temps complet,36.5,3,1559.0
1775,Femme,25,Bac+3/4,15,4,Services aux particuliers,Employé,Temps complet,35.3,4,2054.0
1796,Homme,34,Baccalauréat,12,16,Industrie,Employé,Temps complet,34.6,1,2954.0
3626,Femme,53,Bac+2,14,33,Industrie,Profession intermédiaire,Temps partiel,16.0,7,1600.0
1260,Homme,24,Aucun diplôme,7,11,Services aux entreprises,Ouvrier,Temps complet,38.6,11,1879.0
648,Homme,47,Bac+5 ou plus,17,24,Commerce,Profession intermédiaire,Temps complet,37.4,2,2780.0
2115,Femme,31,Bac+2,14,11,Commerce,Employé,Temps partiel,21.8,11,1160.0
3922,Femme,30,Bac+3/4,15,9,Industrie,Employé,Temps complet,37.7,8,2256.0
704,H,24,Bac+3/4,15,3,Administration publique,Employé,Temps complet,37.0,3,2282.0
4010,Femme,30,Bac+5 ou plus,17,7,Services aux entreprises,Profession intermédiaire,Temps partiel,23.9,5,2180.0
4965,Homme,23,Baccalauréat,12,5,Services aux particuliers,Employé,Temps partiel,24.5,5,1701.0
1062,Homme,22,Baccalauréat,12,4,Santé - action sociale,Employé,Temps complet,37.5,4,1397.0
2502,Femme,19,Aucun diplôme,7,6,Services aux entreprises,Ouvrier,Temps complet,38.3,5,994.0
2541,Femme,34,CAP-BEP,10,18,Services aux entreprises,Employé,Temps partiel,23.7,6,1533.0
1770,Homme,25,CAP-BEP,10,9,Construction,Ouvrier,Temps complet,37.2,9,1311.0
1862,Femme,54,Bac+5 ou plus,17,31,Administration publique,Profession intermédiaire,Temps partiel,20.2,6,1745.0
4130,Homme,32,Bac+3/4,15,11,Enseignement,Cadre,Temps complet,37.1,7,4209.0
2408,Femme,24,CAP-BEP,10,8,Santé - action sociale,Employé,Temps complet,37.6,8,
4622,Homme,31,Baccalauréat,12,13,Construction,Employé,Temps complet,36.8,10,1980.0
4353,Homme,43,Bac+5 ou plus,17,20,Services aux particuliers,Cadre,Temps complet,41.7,6,3956.0
83,Homme,29,CAP-BEP,10,13,Services aux particuliers,Ouvrier,Temps complet,35.6,13,1801.0
1859,Femme,22,CAP-BEP,10,6,Administration publique,Ouvrier,Temps partiel,25.7,5,1033.0
4497,Femme,34,Bac+2,14,14,Services aux particuliers,Employé,Temps complet,34.0,6,2143.0
3061,Femme,23,Baccalauréat,12,5,Services aux entreprises,Employé,Temps complet,34.0,5,2457.0
2635,Femme,33,CAP-BEP,10,17,Construction,Ouvrier,Temps complet,36.8,6,2244.0
116,Homme,27,Bac+2,14,7,Services aux entreprises,Profession intermédiaire,Temps complet,36.7,7,2828.0
1754,Homme,30,Bac+5 ou plus,17,7,Services aux entreprises,Cadre,Temps complet,37.4,6,4439.0
3342,Homme,30,Baccalauréat,12,12,Santé - action sociale,Employé,Temps complet,39.3,9,2334.0
530,Femme,25,CAP-BEP,10,9,Services aux particuliers,Ouvrier,Temps partiel,23.5,9,
1975,Femme,33,Bac+3/4,15,12,Enseignement,Profession intermédiaire,Temps complet,34.0,12,2509.0
880,Femme,51,Baccalauréat,12,33,Enseignement,Employé,Temps complet,36.4,6,3607.0
4588,Femme,22,Aucun diplôme,7,9,Services aux particuliers,Ouvrier,Temps partiel,25.4,4,886.0
4089,H,20,Aucun diplôme,7,7,Services aux entreprises,Ouvrier,Temps complet,34.0,7,1565.0
2514,Homme,38,CAP-BEP,10,22,Santé - action sociale,Employé,Temps complet,41.1,15,
4590,Femme,21,Aucun diplôme,7,8,Administration publique,Ouvrier,Temps complet,34.0,8,823.0
4698,Homme,35,Baccalauréat,12,17,Services aux entreprises,Employé,Temps complet,38.3,6,2464.0
2397,Femme,28,CAP-BEP,10,12,Enseignement,Employé,Temps partiel,24.8,3,1597.0
1026,Homme,33,Bac+5 ou plus,17,10,Commerce,Cadre,Temps complet,35.9,8,4781.0
522,Homme,34,Bac+2,14,14,Administration publique,Employé,Temps partiel,21.2,11,1122.0
3376,Homme,32,Bac+5 ou plus,17,9,Enseignement,Profession intermédiaire,Temps partiel,19.1,4,1736.0
3135,Homme,31,Bac+5 ou plus,17,8,Industrie,Cadre,Temps complet,37.0,4,6711.0
1881,Homme,35,CAP-BEP,10,19,Administration publique,Ouvrier,Temps complet,35.9,6,1926.0
1208,Femme,23,Baccalauréat,12,5,Services aux entreprises,Employé,Temps complet,37.6,5,3348.0
2093,Homme,39,CAP-BEP,10,23,Commerce,Employé,Temps complet,36.5,7,2565.0
253,Femme,41,Bac+5 ou plus,17,18,Commerce,Profession intermédiaire,Temps complet,34.0,11,2474.0
2749,Homme,19,Aucun diplôme,7,6,Santé - action sociale,Ouvrier,Temps complet,39.4,5,873.0
1666,Femme,23,Bac+2,14,3,Santé - action sociale,Employé,Temps complet,37.4,3,2385.0
2532,Femme,44,CAP-BEP,10,28,Services aux entreprises,Employé,Temps partiel,18.2,16,1150.0
1858,Homme,41,Baccalauréat,12,23,Construction,Employé,Temps complet,34.6,5,2868.0
3733,Femme,37,Baccalauréat,12,19,Services aux entreprises,Employé,Temps complet,37.4,3,2042.0
729,Femme,39,Bac+2,14,19,Commerce,Profession intermédiaire,Temps complet,34.3,1,3035.0
3188,Femme,32,Bac+2,14,12,Commerce,Employé,Temps complet,37.5,12,1747.0
2570,Homme,48,Bac+2,14,28,Industrie,Profession intermédiaire,Temps partiel,24.1,13,1909.0
70,Homme,30,CAP-BEP,10,14,Enseignement,Employé,Temps complet,35.4,13,2413.0
2207,Homme,43,CAP-BEP,10,27,Administration publique,Employé,Temps complet,36.2,2,2449.0
4942,Homme,28,Aucun diplôme,7,15,Commerce,Employé,Temps complet,35.5,15,2329.0
3014,Femme,29,Aucun diplôme,7,16,Services aux entreprises,Ouvrier,Temps complet,36.5,10,1431.0
2105,Femme,41,Bac+3/4,15,20,Enseignement,Profession intermédiaire,Temps partiel,26.9,17,2182.0
4193,Femme,29,CAP-BEP,10,13,Services aux particuliers,Ouvrier,Temps complet,36.5,1,1344.0
4084,Homme,40,CAP-BEP,10,24,Services aux entreprises,Employé,Temps complet,40.0,10,5450.0
4467,Homme,26,Bac+3/4,15,5,Commerce,Employé,Temps complet,34.0,5,1156.0
4701,Femme,36,Bac+2,14,16,Services aux entreprises,Profession intermédiaire,Temps complet,36.6,7,3397.0
4088,Homme,22,Aucun diplôme,7,9,Services aux entreprises,Employé,Temps complet,40.4,2,3212.0
1238,Homme,33,CAP-BEP,10,17,Services aux entreprises,Employé,Temps complet,40.5,1,2914.0
3249,Homme,25,Bac+3/4,15,4,Santé - action sociale,Profession intermédiaire,Temps complet,36.7,4,3277.0
4511,Femme,34,Baccalauréat,12,16,Services aux entreprises,Employé,Temps complet,37.4,15,1892.0
2227,Homme,23,Baccalauréat,12,5,Santé - action sociale,Employé,Temps partiel,23.6,5,791.0
1018,Homme,45,Bac+3/4,15,24,Services aux particuliers,Profession intermédiaire,Temps complet,39.2,6,2892.0
3211,Femme,34,Baccalauréat,12,16,Enseignement,Employé,Temps complet,34.0,3,1751.0
1203,Homme,43,CAP-BEP,10,27,Industrie,Employé,Temps complet,38.5,5,2599.0
486,Homme,39,Baccalauréat,12,21,Services aux entreprises,Employé,Temps complet,37.7,3,5124.0
516,Homme,40,CAP-BEP,10,24,Services aux entreprises,Employé,Temps complet,35.4,10,2378.0
2369,Homme,37,CAP-BEP,10,21,Commerce,Employé,Temps complet,37.2,9,2497.0
4940,Homme,40,Bac+5 ou plus,17,17,Administration publique,Employé,Temps complet,34.0,17,2262.0
2279,Homme,30,Bac+5 ou plus,17,7,Administration publique,Profession intermédiaire,Temps complet,34.8,7,2684.0
1517,Femme,41,CAP-BEP,10,25,Santé - action sociale,Ouvrier,Temps complet,38.6,8,1854.0
1704,Homme,27,Baccalauréat,12,9,Services aux entreprises,Employé,Temps complet,34.0,3,1856.0
3641,H,32,CAP-BEP,10,16,Services aux entreprises,Employé,Temps complet,35.8,6,2258.0
506,Femme,38,Bac+3/4,15,17,Industrie,Cadre,Temps complet,35.3,2,4016.0
1189,Homme,23,CAP-BEP,10,7,Services aux entreprises,Ouvrier,Temps complet,38.2,7,1626.0
4972,Femme,34,Bac+2,14,14,Santé - action sociale,Employé,Temps complet,34.0,6,2253.0
1623,Homme,35,Bac+2,14,15,Santé - action sociale,Profession intermédiaire,Temps complet,37.4,4,3623.0
3801,Femme,53,Bac+5 ou plus,17,30,Commerce,Cadre,Temps complet,39.6,3,3668.0
189,Femme,39,Bac+5 ou plus,17,16,Industrie,Cadre,Temps complet,36.0,7,3300.0
1549,F,19,CAP-BEP,10,3,Commerce,Ouvrier,Temps partiel,23.3,3,1279.0
3356,Homme,28,Aucun diplôme,7,15,Services aux particuliers,Ouvrier,Temps complet,36.4,4,1333.0
605,F,25,CAP-BEP,10,9,Services aux particuliers,Ouvrier,Temps complet,36.2,9,21444.0
826,Femme,32,CAP-BEP,10,16,Services aux entreprises,Employé,Temps complet,40.2,16,2660.0
4179,Femme,36,CAP-BEP,10,20,Construction,Ouvrier,Temps complet,34.0,5,1530.0
178,Femme,29,Baccalauréat,12,11,Commerce,Employé,Temps complet,39.4,5,1385.0
4921,Homme,22,Bac+3/4,15,1,Santé - action sociale,Employé,Temps complet,37.6,1,1977.0
4858,Femme,33,Bac+2,14,13,Administration publique,Profession intermédiaire,Temps complet,34.5,6,2523.0
3408,Homme,54,Bac+3/4,15,33,Industrie,Profession intermédiaire,Temps complet,38.7,2,3007.0
3538,Homme,37,Bac+2,14,17,Services aux particuliers,Employé,Temps complet,37.6,8,2305.0
3521,Homme,44,Bac+5 ou plus,17,21,Industrie,Cadre,Temps complet,34.0,10,3607.0
518,Femme,23,Baccalauréat,12,5,Services aux particuliers,Employé,Temps complet,37.3,5,1292.0
4841,Femme,33,Aucun diplôme,7,20,Commerce,Ouvrier,Temps complet,37.0,16,1619.0
4434,Homme,39,Bac+2,14,19,Administration publique,Profession intermédiaire,Temps complet,37.1,3,4893.0
3032,Homme,21,CAP-BEP,10,5,Industrie,Ouvrier,Temps complet,36.8,5,1021.0
371,Homme,24,CAP-BEP,10,8,Administration publique,Ouvrier,Temps complet,34.0,6,1812.0
1137,Homme,26,Aucun diplôme,7,13,Enseignement,Ouvrier,Temps complet,35.7,6,1936.0
4478,Femme,30,Bac+5 ou plus,17,7,Santé - action sociale,Profession intermédiaire,Temps complet,34.0,2,2503.0
502,Femme,39,Bac+5 ou plus,17,16,Services aux entreprises,Profession intermédiaire,Temps complet,37.2,4,2703.0
221,Homme,25,Bac+3/4,15,4,Services aux entreprises,Employé,Temps complet,36.2,4,2439.0
1863,Femme,37,Bac+2,14,17,Commerce,Employé,Temps complet,34.0,4,1729.0
1366,Femme,24,CAP-BEP,10,8,Construction,Employé,Temps complet,34.0,3,2464.0
1027,Homme,22,Bac+3/4,15,1,Industrie,Profession intermédiaire,Temps complet,34.0,1,3091.0
3899,Femme,28,CAP-BEP,10,12,Administration publique,Ouvrier,Temps complet,38.2,4,1426.0
1812,H,31,CAP-BEP,10,15,Industrie,Employé,Temps partiel,18.6,8,1180.0
4561,Homme,16,Aucun diplôme,7,2,Santé - action sociale,Ouvrier,Temps complet,34.7,2,916.0
2737,Femme,28,CAP-BEP,10,12,Commerce,Ouvrier,Temps complet,37.4,10,1471.0
2700,Femme,27,Bac+2,14,7,Commerce,Profession intermédiaire,Temps complet,40.7,7,2917.0
1068,Homme,57,Bac+2,14,37,Santé - action sociale,Employé,Temps complet,34.0,4,2218.0
4526,Femme,35,Bac+5 ou plus,17,12,Industrie,Cadre,Temps complet,39.3,7,4184.0
3537,Homme,50,Bac+2,14,30,Services aux particuliers,Employé,Temps complet,38.3,4,2245.0
3813,Homme,34,Bac+5 ou plus,17,11,Santé - action sociale,Employé,Temps complet,36.8,5,2191.0
2414,Homme,36,CAP-BEP,10,20,Administration publique,Ouvrier,Temps complet,36.3,9,2027.0
1845,Homme,18,Aucun diplôme,7,5,Industrie,Ouvrier,Temps complet,34.5,5,1554.0
3637,Homme,19,Aucun diplôme,7,6,Services aux particuliers,Ouvrier,Temps complet,40.6,5,848.0
2898,Femme,28,Bac+3/4,15,7,Services aux entreprises,Employé,Temps complet,36.7,7,
3704,Femme,31,CAP-BEP,10,15,Industrie,Ouvrier,Temps complet,34.0,4,1493.0
1945,Femme,38,Bac+3/4,15,17,Industrie,Profession intermédiaire,Temps partiel,25.1,5,2014.0
2697,Homme,27,CAP-BEP,10,11,Administration publique,Ouvrier,Temps complet,35.0,9,1407.0
3366,Femme,24,Aucun diplôme,7,11,Industrie,Ouvrier,Temps complet,36.3,11,712.0
4180,Femme,26,Bac+3/4,15,5,Commerce,Employé,Temps complet,34.0,5,1487.0
2650,Homme,51,Bac+2,14,31,Administration publique,Profession intermédiaire,Temps complet,37.0,15,2631.0
3174,Femme,46,Baccalauréat,12,28,Enseignement,Employé,Temps partiel,23.4,9,1327.0
3212,Homme,33,Aucun diplôme,7,20,Services aux particuliers,Ouvrier,Temps partiel,13.9,2,768.0
2759,Homme,41,Bac+3/4,15,20,Commerce,Cadre,Temps complet,35.7,6,5676.0
179,Homme,30,CAP-BEP,10,14,Santé - action sociale,Ouvrier,Temps complet,37.5,4,1339.0
1414,Femme,50,Bac+2,14,30,Santé - action sociale,Employé,Temps complet,40.0,5,1439.0
4702,Femme,27,CAP-BEP,10,11,Santé - action sociale,Ouvrier,Temps complet,36.4,9,2144.0
1554,Homme,27,Aucun diplôme,7,14,Commerce,Employé,Temps complet,40.3,7,2837.0
4370,Femme,52,Bac+5 ou plus,17,29,Industrie,Cadre,Temps partiel,22.9,5,2540.0
3468,Femme,30,Bac+5 ou plus,17,7,Commerce,Cadre,Temps complet,34.0,5,3207.0
237,Homme,27,Bac+3/4,15,6,Services aux particuliers,Cadre,Temps complet,39.7,4,4181.0
3098,Femme,33,Baccalauréat,12,15,Administration publique,Employé,Temps complet,37.2,6,1052.0
3196,Homme,35,Bac+5 ou plus,17,12,Services aux entreprises,Cadre,Temps complet,36.0,2,3896.0
1743,Homme,25,CAP-BEP,10,9,Industrie,Ouvrier,Temps complet,34.0,4,1867.0
682,Femme,33,Aucun diplôme,7,20,Santé - action sociale,Ouvrier,Temps complet,38.9,3,1066.0
4425,Femme,25,Baccalauréat,12,7,Industrie,Employé,Temps complet,36.4,2,1426.0
2351,Femme,42,Bac+5 ou plus,17,19,Industrie,Employé,Temps complet,34.4,3,1969.0
439,Homme,33,Aucun diplôme,7,20,Administration publique,Ouvrier,Temps partiel,21.2,20,737.0
1582,Homme,22,CAP-BEP,10,6,Services aux entreprises,Ouvrier,Temps partiel,14.0,6,700.0
3724,Homme,47,Bac+2,14,27,Administration publique,Profession intermédiaire,Temps complet,35.2,4,2494.0
2296,Homme,29,Bac+5 ou plus,17,6,Industrie,Cadre,Temps complet,36.0,6,3461.0
1463,Femme,47,Aucun diplôme,7,34,Services aux entreprises,Ouvrier,Temps complet,34.0,8,1951.0
1607,Homme,25,CAP-BEP,10,9,Services aux particuliers,Ouvrier,Temps complet,34.0,4,1861.0
4342,Homme,29,CAP-BEP,10,13,Commerce,Ouvrier,Temps partiel,24.3,12,979.0
2561,Homme,32,CAP-BEP,10,16,Services aux entreprises,Ouvrier,Temps complet,41.3,1,1716.0
66,Femme,45,Aucun diplôme,7,32,Commerce,Ouvrier,Temps complet,36.1,2,991.0
2084,Femme,40,Baccalauréat,12,22,Construction,Employé,Temps complet,40.4,6,
2902,Femme,42,Aucun diplôme,7,29,Enseignement,Ouvrier,Temps partiel,15.4,11,700.0
4045,Femme,38,Bac+2,14,18,Commerce,Employé,Temps complet,37.4,18,2482.0
2221,Homme,27,CAP-BEP,10,11,Construction,Ouvrier,Temps complet,38.2,7,1872.0
39,Femme,49,Baccalauréat,12,31,Administration publique,Employé,Temps partiel,26.1,8,2303.0
4043,Femme,50,Bac+2,14,30,Services aux particuliers,Employé,Temps complet,38.7,6,1565.0
4357,Femme,33,Aucun diplôme,7,20,Services aux entreprises,Ouvrier,Temps complet,34.0,7,1807.0
85,Homme,43,Bac+2,14,23,Administration publique,Employé,Temps complet,34.0,23,2313.0
3066,Homme,27,Bac+2,14,7,Administration publique,Profession intermédiaire,Temps complet,37.8,7,3508.0
4766,Homme,26,Bac+3/4,15,5,Administration publique,Employé,Temps partiel,21.3,5,1021.0
1621,Femme,20,Aucun diplôme,7,7,Industrie,Ouvrier,Temps complet,34.1,5,710.0
106,Femme,34,Bac+3/4,15,13,Santé - action sociale,Profession intermédiaire,Temps partiel,17.1,10,1327.0
4191,Femme,33,Bac+5 ou plus,17,10,Commerce,Profession intermédiaire,Temps complet,36.0,2,2698.0
4646,Femme,20,CAP-BEP,10,4,Industrie,Ouvrier,Temps partiel,18.2,4,700.0
3183,Homme,39,Baccalauréat,12,21,Enseignement,Employé,Temps complet,39.3,11,1432.0
3220,Homme,20,Aucun diplôme,7,7,Services aux entreprises,Ouvrier,Temps complet,36.1,7,1387.0
93,Homme,32,Baccalauréat,12,14,Santé - action sociale,Employé,Temps complet,34.0,5,2228.0
2967,Homme,25,CAP-BEP,10,9,Santé - action sociale,Ouvrier,Temps complet,36.0,1,1206.0
2264,Femme,31,CAP-BEP,10,15,Santé - action sociale,Ouvrier,Temps partiel,21.6,13,879.0
1147,Homme,41,Bac+2,14,21,Services aux entreprises,Profession intermédiaire,Temps complet,36.2,8,2640.0
3602,Homme,43,Bac+2,14,23,Industrie,Employé,Temps complet,40.3,8,2594.0
4432,Femme,30,Bac+5 ou plus,17,7,Services aux entreprises,Cadre,Temps complet,34.0,7,3780.0
4667,Homme,55,CAP-BEP,10,39,Enseignement,Ouvrier,Temps complet,34.0,7,1948.0
4894,Femme,23,Baccalauréat,12,5,Industrie,Employé,Temps complet,34.1,4,2372.0
4779,Femme,33,CAP-BEP,10,17,Santé - action sociale,Ouvrier,Temps complet,34.0,9,1989.0
1295,F,28,CAP-BEP,10,12,Santé - action sociale,Ouvrier,Temps partiel,20.6,12,1083.0
3283,Femme,19,Aucun diplôme,7,6,Administration publique,Ouvrier,Temps complet,34.0,6,868.0
2186,Homme,36,Baccalauréat,12,18,Commerce,Employé,Temps complet,34.4,2,1884.0
2830,Femme,33,Aucun diplôme,7,20,Administration publique,Ouvrier,Temps complet,36.5,3,1471.0
2102,Femme,50,CAP-BEP,10,34,Enseignement,Ouvrier,Temps complet,37.0,4,1837.0
1703,Femme,29,Baccalauréat,12,11,Industrie,Employé,Temps complet,34.0,4,1694.0
3234,Homme,25,Baccalauréat,12,7,Services aux particuliers,Employé,Temps partiel,25.4,6,2064.0
2827,Femme,22,CAP-BEP,10,6,Industrie,Ouvrier,Temps complet,36.5,5,1277.0
1308,Homme,25,Baccalauréat,12,7,Administration publique,Employé,Temps complet,36.7,3,1687.0
528,Femme,32,CAP-BEP,10,16,Santé - action sociale,Ouvrier,Temps complet,40.4,3,1435.0
3169,F,30,CAP-BEP,10,14,Santé - action sociale,Ouvrier,Temps complet,34.4,9,1131.0
3216,Femme,32,Bac+5 ou plus,17,9,Santé - action sociale,Cadre,Temps complet,40.4,9,3738.0
894,Femme,25,CAP-BEP,10,9,Commerce,Ouvrier,Temps partiel,21.0,4,1096.0
2272,Homme,37,Bac+5 ou plus,17,14,Santé - action sociale,Cadre,Temps complet,34.8,6,3440.0
4128,Homme,24,Aucun diplôme,7,11,Administration publique,Ouvrier,Temps complet,36.5,3,
1894,Femme,43,Bac+5 ou plus,17,20,Commerce,Cadre,Temps complet,35.8,18,4121.0
2089,Homme,23,Aucun diplôme,7,10,Administration publique,Ouvrier,Temps complet,39.2,10,2381.0
4669,Homme,38,Aucun diplôme,7,25,Commerce,Employé,Temps partiel,23.3,3,2336.0
3646,Homme,37,Bac+5 ou plus,17,14,Services aux entreprises,Profession intermédiaire,Temps complet,34.7,6,2635.0
1741,Femme,40,Baccalauréat,12,22,Industrie,Employé,Temps complet,34.0,7,2123.0
282,H,34,Bac+2,14,14,Commerce,Profession intermédiaire,Temps complet,35.1,4,2450.0
1603,Homme,33,Bac+2,14,13,Services aux entreprises,Profession intermédiaire,Temps partiel,23.6,6,2936.0
1843,H,53,Bac+5 ou plus,17,30,Construction,Profession intermédiaire,Temps complet,34.0,16,3042.0
1064,Femme,36,CAP-BEP,10,20,Commerce,Ouvrier,Temps complet,36.9,9,1544.0
876,Femme,30,Bac+2,14,10,Commerce,Employé,Temps complet,36.8,10,2004.0
4335,Homme,26,CAP-BEP,10,10,Services aux entreprises,Employé,Temps complet,36.2,2,2315.0
4581,Femme,42,Bac+2,14,22,Services aux entreprises,Employé,Temps complet,38.4,6,2038.0
4596,Homme,31,Bac+3/4,15,10,Santé - action sociale,Employé,Temps complet,37.5,4,1969.0
320,Femme,43,Bac+5 ou plus,17,20,Santé - action sociale,Profession intermédiaire,Temps complet,37.6,20,3151.0
673,Femme,34,Bac+5 ou plus,17,11,Commerce,Profession intermédiaire,Temps complet,38.1,11,2924.0
4550,Homme,36,CAP-BEP,10,20,Santé - action sociale,Ouvrier,Temps complet,36.5,17,1663.0
3844,F,33,Bac+3/4,15,12,Administration publique,Employé,Temps partiel,22.6,2,1355.0
3938,Homme,24,CAP-BEP,10,8,Santé - action sociale,Ouvrier,Temps complet,34.0,7,1061.0
813,Homme,45,Bac+3/4,15,24,Construction,Employé,Temps complet,36.9,6,1893.0
706,Homme,32,Aucun diplôme,7,19,Services aux entreprises,Ouvrier,Temps complet,39.3,12,2156.0
4985,Homme,41,Bac+5 ou plus,17,18,Enseignement,Cadre,Temps complet,36.8,9,4367.0
4476,Femme,39,Bac+2,14,19,Services aux particuliers,Profession intermédiaire,Temps partiel,19.4,6,1756.0
1678,Femme,56,Aucun diplôme,7,43,Industrie,Ouvrier,Temps complet,35.8,8,1393.0
3620,Femme,37,Baccalauréat,12,19,Commerce,Employé,Temps partiel,24.2,9,1620.0
4950,Homme,36,Bac+2,14,16,Industrie,Profession intermédiaire,Temps partiel,19.2,14,1550.0
304,Homme,42,Bac+3/4,15,21,Services aux particuliers,Profession intermédiaire,Temps complet,37.4,2,
45,Femme,27,Bac+3/4,15,6,Industrie,Profession intermédiaire,Temps complet,34.2,2,2558.0
1178,H,28,CAP-BEP,10,12,Santé - action sociale,Ouvrier,Temps complet,36.3,12,2242.0
737,Homme,32,CAP-BEP,10,16,Commerce,Ouvrier,Temps complet,38.3,6,987.0
526,H,26,CAP-BEP,10,10,Commerce,Ouvrier,Temps complet,40.3,10,2353.0
4699,Femme,31,Bac+2,14,11,Industrie,Profession intermédiaire,Temps complet,34.0,3,2517.0
3041,Homme,25,Bac+2,14,5,Administration publique,Employé,Temps complet,35.8,4,1372.0
417,Homme,31,Aucun diplôme,7,18,Services aux entreprises,Ouvrier,Temps complet,35.6,5,1698.0
2196,Homme,42,Baccalauréat,12,24,Enseignement,Employé,Temps complet,38.1,10,3342.0
1857,Homme,30,Bac+3/4,15,9,Enseignement,Employé,Temps complet,35.7,2,1334.0
426,Femme,28,Baccalauréat,12,10,Santé - action sociale,Employé,Temps partiel,23.9,6,1294.0
3248,Homme,61,Bac+3/4,15,40,Industrie,Cadre,Temps complet,37.6,5,4497.0
2055,Femme,43,Bac+3/4,15,22,Services aux particuliers,Cadre,Temps complet,34.0,13,4746.0
4203,Homme,20,Baccalauréat,12,2,Commerce,Employé,Temps complet,34.2,2,1330.0
4104,Homme,20,Baccalauréat,12,2,Construction,Employé,Temps complet,40.2,2,1627.0
515,Homme,53,Bac+5 ou plus,17,30,Santé - action sociale,Employé,Temps complet,37.2,16,2457.0
4593,Femme,29,CAP-BEP,10,13,Services aux particuliers,Ouvrier,Temps complet,38.3,13,1479.0
1307,Homme,28,Bac+2,14,8,Services aux entreprises,Employé,Temps complet,37.7,0,1559.0
2787,Femme,29,Bac+5 ou plus,17,6,Santé - action sociale,Cadre,Temps complet,35.7,6,3775.0
2771,Femme,34,CAP-BEP,10,18,Commerce,Ouvrier,Temps complet,37.1,6,1240.0
2910,Femme,22,Aucun diplôme,7,9,Construction,Ouvrier,Temps complet,37.6,7,1089.0
1115,F,55,Bac+5 ou plus,17,32,Services aux entreprises,Cadre,Temps complet,34.0,3,4597.0
2624,Homme,17,Aucun diplôme,7,4,Commerce,Ouvrier,Temps complet,35.7,4,1188.0
1304,Homme,29,Bac+2,14,9,Industrie,Employé,Temps complet,35.1,2,2047.0
2575,Homme,30,Bac+2,14,10,Enseignement,Profession intermédiaire,Temps complet,39.2,5,2800.0
539,Homme,27,Bac+5 ou plus,17,4,Santé - action sociale,Employé,Temps complet,37.3,4,1720.0
2815,Femme,31,CAP-BEP,10,15,Santé - action sociale,Employé,Temps partiel,23.8,7,1819.0
2825,Femme,30,Bac+2,14,10,Administration publique,Employé,Temps complet,35.4,6,2078.0
102,Homme,51,Bac+2,14,31,Commerce,Employé,Temps complet,39.0,2,2380.0
484,Femme,50,CAP-BEP,10,34,Services aux entreprises,Employé,Temps complet,34.5,1,2320.0
387,Femme,30,Bac+3/4,15,9,Enseignement,Employé,Temps partiel,22.3,4,
4406,Femme,20,CAP-BEP,10,4,Administration publique,Ouvrier,Temps complet,34.8,4,700.0
2358,Homme,28,CAP-BEP,10,12,Services aux particuliers,Ouvrier,Temps complet,36.0,12,1612.0
2363,Femme,199,Bac+3/4,15,14,Construction,Employé,Temps partiel,18.2,14,831.0
4329,Femme,30,Baccalauréat,12,12,Santé - action sociale,Employé,Temps complet,37.3,9,3170.0
3445,Femme,43,Bac+5 ou plus,17,20,Enseignement,Employé,Temps partiel,22.6,5,1449.0
4424,Homme,48,Bac+5 ou plus,17,25,Industrie,Cadre,Temps complet,37.1,6,3558.0
1600,Femme,40,Baccalauréat,12,22,Services aux particuliers,Employé,Temps partiel,19.5,6,1228.0
3315,Femme,43,Bac+2,14,23,Santé - action sociale,Profession intermédiaire,Temps complet,35.2,3,4226.0
1965,Homme,31,Baccalauréat,12,13,Services aux entreprises,Employé,Temps complet,36.4,13,1426.0
720,Homme,28,Bac+2,14,8,Services aux entreprises,Profession intermédiaire,Temps complet,41.8,8,3125.0
3322,Homme,33,Baccalauréat,12,15,Administration publique,Employé,Temps complet,34.0,10,1682.0
1532,Femme,20,Aucun diplôme,7,7,Construction,Ouvrier,Temps complet,39.2,5,1017.0
105,Homme,27,Aucun diplôme,7,14,Services aux entreprises,Ouvrier,Temps complet,39.5,5,751.0
4850,Femme,36,Bac+3/4,15,15,Construction,Profession intermédiaire,Temps complet,39.5,11,3438.0
874,Homme,37,Baccalauréat,12,19,Industrie,Employé,Temps complet,36.6,5,3160.0
3612,Femme,38,Bac+3/4,15,17,Industrie,Employé,Temps partiel,26.5,6,1633.0
3146,Homme,53,Baccalauréat,12,35,Santé - action sociale,Employé,Temps complet,37.6,12,1482.0
1800,H,28,Bac+2,14,8,Administration publique,Employé,Temps complet,34.7,8,1055.0
3775,Femme,37,Baccalauréat,12,19,Enseignement,Employé,Temps complet,34.9,12,1654.0
1747,Femme,35,Bac+3/4,15,14,Industrie,Employé,Temps partiel,25.0,1,1619.0
4515,Homme,34,Bac+5 ou plus,17,11,Enseignement,Profession intermédiaire,Temps complet,40.9,8,3577.0
265,Homme,46,Bac+5 ou plus,17,23,Construction,Cadre,Temps complet,40.8,8,4689.0
4960,Femme,33,Bac+5 ou plus,17,10,Administration publique,Cadre,Temps complet,38.6,6,4629.0
905,Homme,35,CAP-BEP,10,19,Industrie,Ouvrier,Temps complet,40.1,1,2495.0
921,Homme,47,Bac+5 ou plus,17,24,Industrie,Profession intermédiaire,Temps complet,34.2,8,
3271,Homme,40,Baccalauréat,12,22,Administration publique,Employé,Temps complet,36.4,14,
909,Femme,31,Bac+3/4,15,10,Administration publique,Employé,Temps complet,39.9,6,2235.0
1615,Homme,32,Bac+5 ou plus,17,9,Administration publique,Profession intermédiaire,Temps complet,36.1,2,3214.0
2646,Femme,25,CAP-BEP,10,9,Enseignement,Ouvrier,Temps partiel,30.6,9,1603.0
1200,Homme,33,Baccalauréat,12,15,Commerce,Employé,Temps complet,38.6,14,2812.0
4321,Homme,20,Aucun diplôme,7,7,Administration publique,Ouvrier,Temps complet,37.0,5,892.0
3173,H,41,CAP-BEP,10,25,Commerce,Ouvrier,Temps partiel,10.7,24,700.0
3036,Femme,30,Bac+3/4,15,9,Services aux particuliers,Employé,Temps complet,38.8,7,1458.0
1815,Femme,33,Baccalauréat,12,15,Santé - action sociale,Employé,Temps partiel,26.8,7,2234.0
564,Femme,28,Baccalauréat,12,10,Administration publique,Employé,Temps partiel,19.8,8,1785.0
3833,Femme,26,Baccalauréat,12,8,Commerce,Employé,Temps complet,34.1,8,1157.0
3752,Homme,28,Baccalauréat,12,10,Enseignement,Employé,Temps complet,36.0,10,
1418,Femme,31,Baccalauréat,12,13,Services aux particuliers,Employé,Temps partiel,21.4,8,
4427,Homme,40,Baccalauréat,12,22,Santé - action sociale,Employé,Temps complet,35.5,4,1965.0
4474,Femme,49,Bac+5 ou plus,17,26,Administration publique,Profession intermédiaire,Temps complet,37.3,1,3324.0
1558,Homme,34,Bac+3/4,15,13,Santé - action sociale,Profession intermédiaire,Temps complet,36.1,9,3156.0
2757,Homme,25,CAP-BEP,10,9,Services aux particuliers,Ouvrier,Temps complet,40.4,9,1739.0
3441,Homme,28,Baccalauréat,12,10,Industrie,Employé,Temps complet,35.4,10,3822.0
523,Homme,37,Bac+5 ou plus,17,14,Administration publique,Employé,Temps complet,36.9,8,2398.0
3107,Femme,30,Baccalauréat,12,12,Santé - action sociale,Employé,Temps complet,34.7,5,2166.0
4070,Femme,27,CAP-BEP,10,11,Services aux entreprises,Ouvrier,Temps complet,39.0,0,1620.0
3655,Femme,31,Bac+2,14,11,Commerce,Employé,Temps complet,36.5,11,916.0
3049,Homme,21,Aucun diplôme,7,8,Services aux particuliers,Ouvrier,Temps complet,40.4,4,1547.0
2219,F,27,Bac+3/4,15,6,Santé - action sociale,Cadre,Temps complet,36.7,6,3706.0
1331,Femme,36,Bac+2,14,16,Industrie,Profession intermédiaire,Temps partiel,17.6,4,1328.0
1008,Homme,46,Bac+2,14,26,Construction,Profession intermédiaire,Temps complet,35.7,1,3008.0
1948,Femme,66,Bac+3/4,15,45,Enseignement,Employé,Temps complet,37.2,3,2061.0
800,Homme,35,Aucun diplôme,7,22,Services aux entreprises,Ouvrier,Temps complet,35.5,8,1487.0
2270,Homme,39,Baccalauréat,12,21,Services aux particuliers,Employé,Temps partiel,18.9,1,996.0
1132,Femme,34,Bac+3/4,15,13,Services aux particuliers,Profession intermédiaire,Temps complet,35.1,3,2925.0
367,Femme,29,CAP-BEP,10,13,Services aux entreprises,Ouvrier,Temps complet,35.8,6,1609.0
2968,Femme,38,Bac+3/4,15,17,Industrie,Employé,Temps complet,34.9,14,1948.0
2918,Homme,32,Bac+2,14,12,Services aux entreprises,Profession intermédiaire,Temps complet,34.0,10,3178.0
3861,Femme,20,Aucun diplôme,7,7,Santé - action sociale,Ouvrier,Temps partiel,23.9,5,700.0
120,Femme,30,Baccalauréat,12,12,Services aux particuliers,Employé,Temps complet,40.9,11,1621.0
1434,Homme,38,Bac+5 ou plus,17,15,Construction,Cadre,Temps complet,34.9,3,4119.0
2389,Femme,45,Bac+5 ou plus,17,22,Administration publique,Cadre,Temps complet,34.8,2,4651.0
1426,Femme,30,Bac+2,14,10,Services aux particuliers,Employé,Temps complet,38.8,9,2250.0
3860,Femme,42,Bac+5 ou plus,17,19,Enseignement,Cadre,Temps complet,37.5,9,4457.0
1320,Homme,39,CAP-BEP,10,23,Services aux entreprises,Employé,Temps complet,38.2,9,2758.0
130,Homme,16,Aucun diplôme,7,1,Administration publique,Ouvrier,Temps complet,37.4,1,700.0
2859,Homme,38,CAP-BEP,10,22,Services aux entreprises,Ouvrier,Temps partiel,20.3,22,974.0
3611,Homme,49,Bac+2,14,29,Commerce,Profession intermédiaire,Temps complet,34.0,17,3163.0
2516,Homme,29,CAP-BEP,10,13,Construction,Employé,Temps complet,34.6,1,3215.0
2791,Homme,36,Baccalauréat,12,18,Enseignement,Employé,Temps complet,35.8,18,3308.0
375,Homme,28,Baccalauréat,12,10,Administration publique,Employé,Temps complet,36.0,7,1918.0
3088,F,22,CAP-BEP,10,6,Santé - action sociale,Ouvrier,Temps complet,36.1,4,1133.0
76,Homme,41,Baccalauréat,12,23,Administration publique,Employé,Temps complet,34.0,6,2297.0
1946,Homme,22,Baccalauréat,12,4,Industrie,Employé,Temps complet,40.7,4,2073.0
4444,Homme,25,CAP-BEP,10,9,Industrie,Ouvrier,Temps complet,36.3,5,1542.0
1685,Homme,31,CAP-BEP,10,15,Administration publique,Ouvrier,Temps complet,34.0,2,1532.0
244,Femme,44,CAP-BEP,10,28,Commerce,Ouvrier,Temps complet,38.1,3,1435.0
798,F,43,Baccalauréat,12,25,Services aux entreprises,Employé,Temps complet,39.0,4,2318.0
1921,Homme,26,CAP-BEP,10,10,Administration publique,Ouvrier,Temps complet,34.1,5,1736.0
4749,Femme,45,Baccalauréat,12,27,Commerce,Employé,Temps partiel,13.6,11,1018.0
2261,Femme,24,CAP-BEP,10,8,Santé - action sociale,Employé,Temps partiel,17.8,8,1220.0
59,Homme,43,Bac+5 ou plus,17,20,Industrie,Cadre,Temps complet,38.5,9,4310.0
2220,Homme,34,Bac+2,14,14,Services aux entreprises,Profession intermédiaire,Temps complet,39.3,9,4929.0
380,Homme,30,CAP-BEP,10,14,Services aux entreprises,Employé,Temps complet,36.4,6,2709.0
4456,Femme,38,Bac+2,14,18,Services aux entreprises,Profession intermédiaire,Temps partiel,28.2,10,2358.0
1384,Femme,25,CAP-BEP,10,9,Administration publique,Ouvrier,Temps complet,35.4,9,2026.0
4211,Homme,18,Aucun diplôme,7,5,Services aux entreprises,Ouvrier,Temps complet,37.7,5,1206.0
4098,Femme,26,Aucun diplôme,7,13,Industrie,Ouvrier,Temps partiel,24.5,4,700.0
574,Homme,35,CAP-BEP,10,19,Commerce,Ouvrier,Temps complet,39.7,4,1367.0
4044,Femme,44,Bac+3/4,15,23,Administration publique,Profession intermédiaire,Temps complet,37.1,17,2678.0
946,Femme,32,CAP-BEP,10,16,Industrie,Ouvrier,Temps complet,35.1,3,1338.0
4083,Femme,25,Bac+2,14,5,Services aux particuliers,Employé,Temps complet,41.1,4,1387.0
511,Femme,26,Bac+2,14,6,Commerce,Employé,Temps complet,36.9,6,2163.0
3378,Homme,22,Aucun diplôme,7,9,Santé - action sociale,Ouvrier,Temps complet,37.5,1,1060.0
2236,Homme,21,CAP-BEP,10,5,Industrie,Employé,Temps complet,41.3,5,3344.0
2263,Homme,37,Bac+3/4,15,16,Commerce,Profession intermédiaire,Temps partiel,29.6,5,2261.0
2486,Homme,39,Baccalauréat,12,21,Santé - action sociale,Employé,Temps complet,37.2,12,1702.0
728,Femme,44,Bac+5 ou plus,17,21,Industrie,Cadre,Temps complet,35.7,12,3960.0
1536,Homme,42,Bac+5 ou plus,17,19,Industrie,Profession intermédiaire,Temps complet,36.8,11,3130.0
1346,Femme,38,CAP-BEP,10,22,Services aux entreprises,Ouvrier,Temps complet,34.0,14,2070.0
240,Homme,26,CAP-BEP,10,10,Commerce,Employé,Temps partiel,24.4,9,
121,Homme,34,CAP-BEP,10,18,Santé - action sociale,Ouvrier,Temps complet,36.7,2,2223.0
3012,Femme,30,Bac+2,14,10,Services aux particuliers,Employé,Temps complet,34.4,4,1545.0
3064,Homme,20,Baccalauréat,12,2,Administration publique,Employé,Temps complet,34.9,2,1505.0
4957,Femme,30,Baccalauréat,12,12,Enseignement,Employé,Temps complet,38.7,3,1921.0
1324,H,23,CAP-BEP,10,7,Administration publique,Ouvrier,Temps complet,38.6,7,915.0
3202,Femme,23,Bac+2,14,3,Services aux entreprises,Employé,Temps complet,36.4,3,1773.0
3126,Femme,36,Bac+5 ou plus,17,13,Commerce,Employé,Temps partiel,25.3,11,1708.0
3682,Femme,36,Bac+3/4,15,15,Services aux entreprises,Cadre,Temps complet,34.5,10,3706.0
3576,Femme,31,CAP-BEP,10,15,Services aux entreprises,Employé,Temps partiel,20.6,8,1402.0
1745,Femme,25,Bac+2,14,5,Santé - action sociale,Employé,Temps complet,39.3,5,1426.0
1664,Homme,46,Bac+5 ou plus,17,23,Santé - action sociale,Cadre,Temps complet,35.9,3,3559.0
3053,Homme,28,Baccalauréat,12,10,Administration publique,Employé,Temps complet,41.2,9,2099.0
2312,Homme,32,Bac+5 ou plus,17,9,Services aux particuliers,Cadre,Temps complet,37.2,5,3960.0
2046,Femme,40,Aucun diplôme,7,27,Administration publique,Ouvrier,Temps complet,35.8,4,1409.0
1145,Femme,42,Aucun diplôme,7,29,Commerce,Ouvrier,Temps complet,35.5,1,
4516,H,19,CAP-BEP,10,3,Industrie,Employé,Temps complet,38.7,3,2833.0
1376,H,26,CAP-BEP,10,10,Services aux entreprises,Employé,Temps complet,36.5,5,2386.0
1511,Homme,47,Bac+5 ou plus,17,24,Santé - action sociale,Cadre,Temps complet,35.7,11,5084.0
198,Femme,22,Bac+2,14,2,Enseignement,Employé,Temps complet,34.0,2,2035.0
1991,Homme,37,Baccalauréat,12,19,Construction,Employé,Temps complet,37.3,12,3861.0
363,Homme,41,Bac+5 ou plus,17,18,Santé - action sociale,Profession intermédiaire,Temps complet,35.5,1,2514.0
1326,Femme,65,Bac+5 ou plus,17,42,Services aux entreprises,Employé,Temps partiel,20.7,1,
808,Homme,33,CAP-BEP,10,17,Services aux entreprises,Ouvrier,Temps complet,36.5,11,1724.0
533,Femme,52,Bac+5 ou plus,17,29,Services aux particuliers,Employé,Temps partiel,18.2,3,1099.0
2557,F,20,Aucun diplôme,7,7,Santé - action sociale,Ouvrier,Temps complet,38.2,4,700.0
4899,Femme,39,Baccalauréat,12,21,Commerce,Employé,Temps partiel,29.5,13,2155.0
4530,Femme,36,Aucun diplôme,7,23,Administration publique,Ouvrier,Temps complet,36.6,5,1823.0
4880,Femme,42,CAP-BEP,10,26,Industrie,Ouvrier,Temps partiel,21.2,6,1217.0
508,H,31,Aucun diplôme,7,18,Commerce,Ouvrier,Temps complet,38.6,6,2137.0
2613,Homme,27,CAP-BEP,10,11,Commerce,Ouvrier,Temps complet,39.7,10,1720.0
956,Homme,24,Aucun diplôme,7,11,Administration publique,Ouvrier,Temps complet,38.7,8,1998.0
2308,Femme,24,Bac+3/4,15,3,Enseignement,Employé,Temps complet,37.8,3,2431.0
2284,Homme,27,Baccalauréat,12,9,Commerce,Employé,Temps complet,37.6,8,3287.0
4876,Femme,22,Baccalauréat,12,4,Construction,Employé,Temps partiel,17.3,4,700.0
3669,Femme,26,Bac+2,14,6,Administration publique,Profession intermédiaire,Temps complet,35.8,3,2793.0
65,Femme,36,Bac+2,14,16,Construction,Employé,Temps complet,34.4,6,2065.0
3337,Femme,30,Baccalauréat,12,12,Commerce,Employé,Temps complet,38.1,9,2334.0
924,Homme,27,Bac+2,14,7,Construction,Profession intermédiaire,Temps complet,34.0,7,2555.0
4941,Femme,16,Aucun diplôme,7,3,Services aux entreprises,Ouvrier,Temps complet,37.7,3,1342.0
3691,Femme,36,Bac+3/4,15,15,Services aux particuliers,Employé,Temps complet,37.1,15,2250.0
3868,Femme,39,Bac+2,14,19,Commerce,Profession intermédiaire,Temps complet,39.0,5,2957.0
2668,Femme,37,Bac+3/4,15,16,Administration publique,Employé,Temps complet,35.1,7,1934.0
984,H,24,CAP-BEP,10,8,Enseignement,Ouvrier,Temps complet,34.1,8,
4928,Homme,30,Baccalauréat,12,12,Services aux particuliers,Employé,Temps complet,39.0,6,2252.0
1562,Femme,25,Bac+3/4,15,4,Industrie,Employé,Temps complet,35.8,4,2013.0
3210,Femme,27,Aucun diplôme,7,14,Enseignement,Ouvrier,Temps complet,36.1,1,1806.0
3085,Homme,28,Bac+5 ou plus,17,5,Services aux entreprises,Cadre,Temps complet,35.8,5,4399.0
4760,Homme,40,CAP-BEP,10,24,Santé - action sociale,Ouvrier,Temps complet,39.4,3,1474.0
1256,Femme,39,Bac+3/4,15,18,Services aux entreprises,Cadre,Temps partiel,27.0,4,2723.0
1807,Femme,37,Bac+5 ou plus,17,14,Commerce,Profession intermédiaire,Temps complet,41.7,10,3253.0
4488,Femme,29,Bac+5 ou plus,17,6,Industrie,Profession intermédiaire,Temps complet,35.7,1,2768.0
2158,Homme,35,CAP-BEP,10,19,Enseignement,Ouvrier,Temps complet,34.0,3,1559.0
1465,Homme,23,Aucun diplôme,7,10,Commerce,Ouvrier,Temps complet,34.1,10,1177.0
1656,Homme,26,Baccalauréat,12,8,Commerce,Employé,Temps complet,35.7,5,1523.0
4230,Homme,35,Baccalauréat,12,17,Services aux entreprises,Employé,Temps complet,38.9,6,3754.0
3632,Homme,23,Aucun diplôme,7,10,Commerce,Ouvrier,Temps complet,36.5,10,1242.0
1056,Femme,40,Bac+3/4,15,19,Services aux particuliers,Employé,Temps partiel,16.1,1,772.0
1387,Homme,51,Bac+5 ou plus,17,28,Services aux entreprises,Cadre,Temps complet,35.4,16,3411.0
1157,Homme,42,Bac+5 ou plus,17,19,Services aux entreprises,Profession intermédiaire,Temps complet,37.3,3,2942.0
2307,F,34,CAP-BEP,10,18,Administration publique,Ouvrier,Temps complet,34.0,3,909.0
2090,Homme,35,Bac+2,14,15,Services aux particuliers,Profession intermédiaire,Temps partiel,14.9,4,1698.0
2432,Homme,30,Bac+3/4,15,9,Services aux entreprises,Cadre,Temps complet,39.9,9,4504.0
2873,Femme,34,Bac+3/4,15,13,Construction,Cadre,Temps complet,35.0,3,4557.0
529,Femme,29,CAP-BEP,10,13,Industrie,Ouvrier,Temps partiel,16.2,7,700.0
2952,Femme,21,Aucun diplôme,7,8,Industrie,Ouvrier,Temps complet,35.4,8,982.0
412,Homme,38,Baccalauréat,12,20,Services aux entreprises,Employé,Temps complet,34.0,2,2500.0
340,Homme,22,Aucun diplôme,7,9,Industrie,Ouvrier,Temps partiel,18.9,3,807.0
345,Femme,24,Bac+2,14,4,Construction,Employé,Temps complet,35.3,4,1486.0
4493,Femme,34,CAP-BEP,10,18,Commerce,Ouvrier,Temps complet,34.9,3,2008.0
666,Femme,49,Bac+5 ou plus,17,26,Administration publique,Profession intermédiaire,Temps partiel,21.7,5,1912.0
1779,F,21,CAP-BEP,10,5,Administration publique,Ouvrier,Temps complet,38.2,5,1570.0
669,Homme,41,CAP-BEP,10,25,Santé - action sociale,Employé,Temps complet,36.8,3,2720.0
2644,F,26,Bac+5 ou plus,17,3,Services aux entreprises,Employé,Temps partiel,23.7,3,1409.0
1916,Femme,39,Bac+2,14,19,Santé - action sociale,Employé,Temps complet,36.8,1,2438.0
3890,Femme,41,Bac+2,14,21,Industrie,Employé,Temps complet,34.0,4,2027.0
97,Femme,31,Aucun diplôme,7,18,Services aux entreprises,Ouvrier,Temps complet,38.9,2,1775.0
3795,Homme,26,Bac+2,14,6,Services aux particuliers,Employé,Temps complet,37.8,5,2130.0
1282,Femme,29,Bac+3/4,15,8,Administration publique,Employé,Temps partiel,28.3,6,1071.0
4929,Homme,29,CAP-BEP,10,13,Services aux entreprises,Employé,Temps complet,36.0,3,2504.0
941,F,27,Baccalauréat,12,9,Administration publique,Employé,Temps complet,38.1,7,2494.0
3847,Femme,39,Bac+2,14,19,Services aux entreprises,Employé,Temps complet,34.0,12,1759.0
4910,H,27,CAP-BEP,10,11,Services aux entreprises,Ouvrier,Temps complet,35.0,8,2024.0
4159,Femme,50,Bac+5 ou plus,17,27,Industrie,Profession intermédiaire,Temps partiel,25.5,2,2217.0
3586,Femme,34,Bac+5 ou plus,17,11,Services aux entreprises,Cadre,Temps complet,34.5,10,4123.0
888,Femme,20,CAP-BEP,10,4,Santé - action sociale,Ouvrier,Temps partiel,21.7,2,813.0
1609,Homme,25,Bac+2,14,5,Services aux entreprises,Profession intermédiaire,Temps complet,41.4,5,3714.0
1891,Homme,23,Bac+3/4,15,2,Commerce,Employé,Temps complet,37.3,2,1275.0
845,Femme,39,CAP-BEP,10,23,Santé - action sociale,Ouvrier,Temps complet,34.0,2,1412.0
3814,Homme,37,CAP-BEP,10,21,Industrie,Employé,Temps complet,34.9,9,2918.0
2712,Homme,28,CAP-BEP,10,12,Santé - action sociale,Ouvrier,Temps complet,34.0,5,1325.0
972,Homme,39,Bac+2,14,19,Santé - action sociale,Employé,Temps complet,38.5,14,
3703,Femme,33,Bac+2,14,13,Services aux entreprises,Profession intermédiaire,Temps complet,34.0,12,3506.0
3640,Homme,37,Aucun diplôme,7,24,Administration publique,Ouvrier,Temps complet,38.0,14,2192.0
2666,Femme,35,CAP-BEP,10,19,Services aux particuliers,Employé,Temps partiel,29.7,6,1911.0
714,Homme,35,CAP-BEP,10,19,Enseignement,Ouvrier,Temps complet,37.5,19,2218.0
2520,Homme,46,Baccalauréat,12,28,Services aux entreprises,Employé,Temps complet,41.2,5,2485.0
290,Homme,24,Aucun diplôme,7,11,Santé - action sociale,Ouvrier,Temps complet,36.1,8,1187.0
649,Femme,24,Aucun diplôme,7,11,Construction,Ouvrier,Temps partiel,21.1,11,1108.0
3266,Femme,30,Bac+2,14,10,Services aux particuliers,Profession intermédiaire,Temps partiel,20.7,4,1705.0
4685,Homme,24,CAP-BEP,10,8,Services aux entreprises,Ouvrier,Temps complet,40.7,8,1901.0
660,Femme,21,CAP-BEP,10,5,Santé - action sociale,Ouvrier,Temps partiel,26.2,4,910.0
3569,Homme,31,CAP-BEP,10,15,Services aux entreprises,Ouvrier,Temps complet,34.0,6,1785.0
3307,Homme,39,CAP-BEP,10,23,Administration publique,Employé,Temps complet,34.0,11,2652.0
3355,Homme,24,CAP-BEP,10,8,Commerce,Ouvrier,Temps complet,35.1,8,1872.0
4776,Femme,33,Bac+3/4,15,12,Services aux entreprises,Employé,Temps complet,34.6,7,1692.0
917,Homme,30,Baccalauréat,12,12,Administration publique,Employé,Temps complet,39.1,12,1295.0
28,Femme,28,Bac+5 ou plus,17,5,Enseignement,Employé,Temps partiel,16.5,5,939.0
1053,Femme,27,Bac+2,14,7,Santé - action sociale,Employé,Temps complet,37.7,7,2303.0
1758,Femme,26,Bac+3/4,15,5,Commerce,Employé,Temps complet,35.3,5,
4818,F,50,Aucun diplôme,7,37,Services aux entreprises,Ouvrier,Temps partiel,21.5,8,1160.0
4330,Homme,24,CAP-BEP,10,8,Santé - action sociale,Ouvrier,Temps complet,37.8,7,
4925,Homme,34,Baccalauréat,12,16,Enseignement,Employé,Temps complet,37.1,12,2878.0
2151,Homme,31,Bac+5 ou plus,17,8,Enseignement,Employé,Temps complet,38.9,8,1845.0
18,Homme,20,CAP-BEP,10,4,Services aux entreprises,Ouvrier,Temps complet,38.6,3,2086.0
4021,Femme,33,CAP-BEP,10,17,Santé - action sociale,Ouvrier,Temps complet,35.2,1,1838.0
1486,Homme,47,Bac+2,14,27,Construction,Employé,Temps complet,34.0,13,1451.0
2766,Homme,32,Bac+2,14,12,Santé - action sociale,Profession intermédiaire,Temps complet,36.0,6,2701.0
4774,Femme,33,Bac+3/4,15,12,Industrie,Employé,Temps complet,38.9,4,1783.0
2112,Femme,37,Bac+3/4,15,16,Santé - action sociale,Profession intermédiaire,Temps partiel,26.1,6,2172.0
2183,Homme,41,Bac+5 ou plus,17,18,Commerce,Profession intermédiaire,Temps complet,35.4,5,3181.0
1931,Femme,31,CAP-BEP,10,15,Santé - action sociale,Ouvrier,Temps complet,37.4,7,
1567,Homme,42,Bac+2,14,22,Santé - action sociale,Employé,Temps complet,36.8,7,2521.0
1825,Homme,46,Baccalauréat,12,28,Santé - action sociale,Employé,Temps complet,35.8,6,4662.0
2870,Homme,41,Bac+3/4,15,20,Industrie,Cadre,Temps complet,37.0,18,4023.0
1351,Femme,29,Baccalauréat,12,11,Services aux entreprises,Employé,Temps complet,34.0,9,2195.0
2401,Homme,46,CAP-BEP,10,30,Services aux particuliers,Ouvrier,Temps complet,40.0,14,1664.0
1826,Femme,33,Bac+5 ou plus,17,10,Commerce,Profession intermédiaire,Temps partiel,21.7,6,1629.0
496,Homme,40,Aucun diplôme,7,27,Industrie,Ouvrier,Temps complet,34.0,4,1259.0
1281,Homme,41,Bac+3/4,15,20,Santé - action sociale,Employé,Temps complet,34.6,10,2336.0
2744,Homme,22,Aucun diplôme,7,9,Administration publique,Ouvrier,Temps complet,40.1,5,1156.0
2979,Homme,31,Bac+2,14,11,Services aux entreprises,Profession intermédiaire,Temps complet,39.9,11,4676.0
4745,Homme,27,Baccalauréat,12,9,Enseignement,Employé,Temps complet,36.1,9,2109.0
4442,Femme,41,Baccalauréat,12,23,Services aux entreprises,Employé,Temps complet,37.5,8,
3777,Homme,32,Bac+2,14,12,Services aux particuliers,Employé,Temps complet,34.1,12,1949.0
489,Femme,29,Baccalauréat,12,11,Industrie,Employé,Temps complet,38.1,10,1590.0
2822,Homme,22,CAP-BEP,10,6,Construction,Ouvrier,Temps complet,35.8,6,1510.0
487,Femme,42,Bac+2,14,22,Administration publique,Profession intermédiaire,Temps complet,36.3,3,2604.0
1579,Femme,32,Baccalauréat,12,14,Services aux particuliers,Employé,Temps partiel,30.9,14,
3375,Femme,36,Bac+2,14,16,Santé - action sociale,Profession intermédiaire,Temps complet,35.3,3,3563.0
1191,Femme,37,CAP-BEP,10,21,Industrie,Ouvrier,Temps partiel,27.8,4,1707.0
4548,Femme,26,Baccalauréat,12,8,Commerce,Employé,Temps complet,34.7,4,1410.0
1093,Femme,35,Bac+2,14,15,Services aux entreprises,Employé,Temps complet,38.8,12,
1088,Homme,39,Bac+5 ou plus,17,16,Services aux particuliers,Cadre,Temps complet,36.8,3,4192.0
4117,Homme,42,CAP-BEP,10,26,Commerce,Ouvrier,Temps complet,34.0,7,2105.0
1787,Femme,33,Bac+2,14,13,Santé - action sociale,Profession intermédiaire,Temps complet,34.8,5,2785.0
2730,Homme,35,Bac+2,14,15,Administration publique,Profession intermédiaire,Temps complet,36.3,14,3382.0
2327,Homme,29,Bac+3/4,15,8,Administration publique,Employé,Temps complet,37.1,3,2329.0
762,Homme,33,Bac+3/4,15,12,Commerce,Cadre,Temps partiel,17.0,10,1603.0
154,Homme,24,Aucun diplôme,7,11,Industrie,Ouvrier,Temps complet,37.3,5,2018.0
4141,Femme,26,CAP-BEP,10,10,Services aux entreprises,Ouvrier,Temps complet,36.2,10,1322.0
2380,Homme,35,Bac+3/4,15,14,Industrie,Profession intermédiaire,Temps complet,36.5,3,2692.0
3360,Homme,27,Bac+5 ou plus,17,4,Services aux entreprises,Employé,Temps complet,34.0,4,2331.0
2594,Homme,35,CAP-BEP,10,19,Administration publique,Employé,Temps complet,34.0,1,2633.0
4187,Homme,38,Bac+2,14,18,Services aux entreprises,Employé,Temps complet,37.1,5,1829.0
4578,Homme,30,Baccalauréat,12,12,Santé - action sociale,Employé,Temps complet,35.9,5,2421.0
2881,Homme,29,CAP-BEP,10,13,Construction,Ouvrier,Temps complet,34.0,1,1758.0
2629,Femme,32,Baccalauréat,12,14,Santé - action sociale,Employé,Temps complet,34.0,14,
3316,Homme,33,Bac+5 ou plus,17,10,Services aux entreprises,Employé,Temps complet,38.6,2,2496.0
1854,Homme,39,Baccalauréat,12,21,Services aux entreprises,Employé,Temps complet,35.3,6,2789.0
1716,Homme,20,CAP-BEP,10,4,Commerce,Ouvrier,Temps complet,34.0,4,1766.0
1487,Femme,36,Bac+2,14,16,Services aux entreprises,Employé,Temps complet,36.4,16,1799.0
987,Homme,41,Bac+3/4,15,20,Services aux entreprises,Employé,Temps complet,35.8,9,2156.0
2266,Homme,26,Bac+3/4,15,5,Enseignement,Employé,Temps complet,36.1,5,1579.0
1665,Femme,34,Bac+5 ou plus,17,11,Services aux entreprises,Cadre,Temps complet,38.9,2,3875.0
3236,Homme,30,Baccalauréat,12,12,Commerce,Employé,Temps complet,37.7,12,1604.0
279,Homme,40,Bac+5 ou plus,17,17,Commerce,Cadre,Temps complet,35.9,9,6343.0
4120,Femme,31,Bac+5 ou plus,17,8,Services aux entreprises,Employé,Temps partiel,23.2,1,1122.0
2605,F,45,Aucun diplôme,7,32,Services aux particuliers,Ouvrier,Temps complet,39.0,26,1372.0
438,Homme,32,Baccalauréat,12,14,Santé - action sociale,Employé,Temps complet,35.5,9,3505.0
2660,F,26,Baccalauréat,12,8,Enseignement,Employé,Temps complet,37.3,2,1646.0
543,Homme,30,Baccalauréat,12,12,Santé - action sociale,Employé,Temps complet,34.0,9,1714.0
2655,Homme,30,Baccalauréat,12,12,Services aux particuliers,Employé,Temps complet,40.4,9,2402.0
645,Femme,47,Bac+5 ou plus,17,24,Services aux entreprises,Cadre,Temps complet,34.7,19,4112.0
2349,Homme,24,Baccalauréat,12,6,Services aux entreprises,Employé,Temps complet,37.0,4,2686.0
545,Homme,33,Baccalauréat,12,15,Commerce,Employé,Temps complet,38.1,6,2196.0
3424,Homme,36,Bac+2,14,16,Services aux entreprises,Profession intermédiaire,Temps complet,35.5,7,2610.0
734,Homme,27,Baccalauréat,12,9,Enseignement,Employé,Temps complet,34.0,3,2203.0
2423,Femme,33,Bac+2,14,13,Commerce,Employé,Temps complet,38.2,10,2226.0
3439,Homme,39,Baccalauréat,12,21,Services aux entreprises,Employé,Temps complet,38.6,4,3133.0
285,Homme,25,Baccalauréat,12,7,Services aux particuliers,Employé,Temps complet,36.1,7,1668.0
4817,Femme,43,Bac+2,14,23,Services aux entreprises,Profession intermédiaire,Temps complet,36.8,3,3167.0
4223,Homme,999,Aucun diplôme,7,7,Santé - action sociale,Ouvrier,Temps partiel,22.0,7,700.0
3947,Homme,46,Bac+3/4,15,25,Commerce,Cadre,Temps complet,41.6,5,4834.0
4665,Homme,41,Bac+5 ou plus,17,18,Commerce,Employé,Temps complet,34.0,16,1612.0
4871,Femme,25,Bac+5 ou plus,17,2,Administration publique,Employé,Temps complet,37.6,2,1472.0
1076,Homme,23,Bac+2,14,3,Services aux particuliers,Employé,Temps complet,35.3,3,1547.0
2094,Homme,32,Bac+2,14,12,Construction,Employé,Temps complet,35.1,12,2375.0
1774,Homme,23,Baccalauréat,12,5,Commerce,Employé,Temps complet,35.3,5,1678.0
1450,Homme,47,Bac+5 ou plus,17,24,Enseignement,Employé,Temps partiel,29.1,8,1884.0
3975,H,40,Bac+2,14,20,Commerce,Profession intermédiaire,Temps complet,37.4,8,3235.0
4422,Homme,25,CAP-BEP,10,9,Services aux particuliers,Ouvrier,Temps complet,38.6,5,1965.0
1050,Homme,42,Bac+2,14,22,Enseignement,Employé,Temps complet,34.0,6,2005.0
4677,F,34,Baccalauréat,12,16,Services aux entreprises,Employé,Temps complet,40.0,4,1958.0
4147,F,34,CAP-BEP,10,18,Services aux entreprises,Employé,Temps complet,39.2,13,3597.0
1806,Homme,35,Aucun diplôme,7,22,Administration publique,Ouvrier,Temps complet,36.0,8,1573.0
2352,Homme,37,Baccalauréat,12,19,Santé - action sociale,Employé,Temps complet,37.0,9,2071.0
2036,Femme,34,Aucun diplôme,7,21,Santé - action sociale,Ouvrier,Temps complet,38.7,8,833.0
4173,Femme,18,Aucun diplôme,7,5,Commerce,Ouvrier,Temps partiel,16.4,3,700.0
3793,Homme,32,Baccalauréat,12,14,Commerce,Employé,Temps complet,38.0,6,2966.0
820,Homme,30,Bac+2,14,10,Enseignement,Employé,Temps complet,35.6,10,2315.0
693,Homme,31,Baccalauréat,12,13,Commerce,Employé,Temps complet,35.8,2,1932.0
4785,Femme,39,Bac+2,14,19,Industrie,Employé,Temps partiel,22.1,11,1138.0
1512,Homme,32,Baccalauréat,12,14,Administration publique,Employé,Temps complet,37.6,8,2649.0
43,H,32,Bac+3/4,15,11,Administration publique,Cadre,Temps complet,34.0,11,3379.0
2316,Femme,26,Bac+2,14,6,Services aux entreprises,Employé,Temps partiel,19.4,6,1229.0
3247,Homme,29,Bac+2,14,9,Industrie,Employé,Temps complet,40.3,9,1795.0
3697,Femme,26,Baccalauréat,12,8,Services aux entreprises,Employé,Temps complet,39.2,6,
1455,Homme,27,Baccalauréat,12,9,Services aux entreprises,Employé,Temps complet,37.0,9,4193.0
4943,Homme,28,CAP-BEP,10,12,Administration publique,Ouvrier,Temps complet,35.5,9,2100.0
1950,Femme,39,CAP-BEP,10,23,Commerce,Ouvrier,Temps complet,34.0,10,1763.0
1127,Homme,37,CAP-BEP,10,21,Commerce,Ouvrier,Temps complet,35.0,3,2033.0
2004,Femme,35,Baccalauréat,12,17,Services aux entreprises,Employé,Temps complet,36.4,5,1135.0
4367,Homme,37,CAP-BEP,10,21,Commerce,Ouvrier,Temps complet,37.0,3,1392.0
5,Femme,35,Bac+2,14,15,Industrie,Employé,Temps complet,36.9,5,
862,Homme,30,Baccalauréat,12,12,Enseignement,Employé,Temps complet,41.1,3,1889.0
3785,Homme,37,Bac+5 ou plus,17,14,Commerce,Employé,Temps complet,36.9,7,1963.0
2409,Homme,36,Bac+3/4,15,15,Services aux entreprises,Cadre,Temps complet,34.0,3,3148.0
2329,Femme,22,Baccalauréat,12,4,Santé - action sociale,Employé,Temps complet,35.9,4,2442.0
4385,Homme,24,CAP-BEP,10,8,Santé - action sociale,Employé,Temps complet,36.7,2,2522.0
3670,Femme,31,Baccalauréat,12,13,Industrie,Employé,Temps complet,37.2,4,2378.0
2970,Femme,24,Baccalauréat,12,6,Administration publique,Employé,Temps complet,34.0,6,1504.0
2716,Femme,30,Bac+2,14,10,Construction,Employé,Temps complet,34.2,7,2192.0
1860,Homme,36,Baccalauréat,12,18,Commerce,Employé,Temps complet,36.1,8,1984.0
2341,Femme,29,Bac+2,14,9,Commerce,Employé,Temps partiel,30.6,9,1297.0
3619,Homme,34,Baccalauréat,12,16,Santé - action sociale,Employé,Temps complet,35.8,4,1940.0
3350,Femme,34,Bac+5 ou plus,17,11,Administration publique,Employé,Temps complet,35.0,7,1742.0
1405,Femme,27,Baccalauréat,12,9,Santé - action sociale,Employé,Temps complet,34.0,4,1546.0
4398,Femme,32,CAP-BEP,10,16,Services aux entreprises,Ouvrier,Temps complet,35.2,1,1917.0
4404,Femme,44,CAP-BEP,10,28,Administration publique,Ouvrier,Temps partiel,24.1,4,828.0
3034,Femme,31,Baccalauréat,12,13,Administration publique,Employé,Temps complet,34.2,6,3072.0
2512,Femme,33,CAP-BEP,10,17,Services aux entreprises,Ouvrier,Temps complet,41.9,6,1698.0
1302,Femme,23,CAP-BEP,10,7,Administration publique,Ouvrier,Temps complet,41.7,4,1317.0
872,Femme,31,Baccalauréat,12,13,Services aux entreprises,Employé,Temps complet,38.4,0,1873.0
3541,Femme,45,Bac+3/4,15,24,Administration publique,Employé,Temps complet,35.1,2,1798.0
2965,Femme,34,Baccalauréat,12,16,Santé - action sociale,Employé,Temps partiel,18.6,7,2296.0
284,Homme,24,Bac+2,14,4,Industrie,Employé,Temps complet,36.8,4,1479.0
1095,Femme,33,Bac+2,14,13,Santé - action sociale,Employé,Temps partiel,19.6,11,869.0
784,Homme,39,Bac+5 ou plus,17,16,Commerce,Cadre,Temps complet,36.6,8,
3563,F,40,Bac+5 ou plus,17,17,Industrie,Cadre,Temps complet,34.5,3,3816.0
4264,Homme,26,Baccalauréat,12,8,Services aux particuliers,Employé,Temps complet,34.7,8,
2618,Femme,36,CAP-BEP,10,20,Services aux particuliers,Employé,Temps partiel,20.8,4,1462.0
3112,Homme,43,Bac+3/4,15,22,Services aux entreprises,Profession intermédiaire,Temps complet,38.1,5,2800.0
1643,Femme,32,Bac+3/4,15,11,Services aux particuliers,Profession intermédiaire,Temps partiel,17.4,5,1316.0
1581,Femme,50,Bac+5 ou plus,17,27,Commerce,Employé,Temps complet,34.5,11,2032.0
4893,Homme,37,Bac+3/4,15,16,Services aux entreprises,Cadre,Temps complet,37.1,10,3899.0
3076,Femme,37,Bac+5 ou plus,17,14,Industrie,Cadre,Temps complet,36.7,8,4415.0
1782,H,38,Aucun diplôme,7,25,Santé - action sociale,Ouvrier,Temps complet,36.4,8,2164.0
3067,Femme,28,Aucun diplôme,7,15,Santé - action sociale,Ouvrier,Temps complet,38.0,2,
1190,Homme,36,Baccalauréat,12,18,Santé - action sociale,Employé,Temps complet,35.6,7,2246.0
1118,Femme,46,Bac+3/4,15,25,Industrie,Cadre,Temps complet,36.9,6,3406.0
4709,Femme,33,Bac+5 ou plus,17,10,Services aux entreprises,Profession intermédiaire,Temps complet,36.8,4,2945.0
404,Femme,28,Bac+3/4,15,7,Santé - action sociale,Employé,Temps partiel,19.8,7,700.0
1575,Femme,60,Baccalauréat,12,42,Commerce,Employé,Temps complet,36.9,4,2189.0
4299,Homme,25,Aucun diplôme,7,12,Commerce,Ouvrier,Temps complet,36.5,7,1237.0
3639,Femme,24,Aucun diplôme,7,11,Santé - action sociale,Ouvrier,Temps complet,37.2,4,2029.0
103,Femme,33,CAP-BEP,10,17,Santé - action sociale,Ouvrier,Temps partiel,23.2,5,1046.0
1924,H,33,Baccalauréat,12,15,Santé - action sociale,Employé,Temps complet,39.4,12,1884.0
4598,Femme,30,Bac+2,14,10,Industrie,Employé,Temps partiel,16.8,5,1106.0
1726,Femme,33,Bac+5 ou plus,17,10,Construction,Employé,Temps complet,36.4,8,1658.0
3019,Femme,37,Bac+5 ou plus,17,14,Industrie,Employé,Temps complet,34.0,14,2315.0
228,Homme,35,Baccalauréat,12,17,Santé - action sociale,Employé,Temps complet,37.6,3,1845.0
3194,Femme,39,CAP-BEP,10,23,Industrie,Ouvrier,Temps complet,37.6,5,1727.0
4934,Femme,28,Aucun diplôme,7,15,Commerce,Ouvrier,Temps partiel,17.5,4,778.0
436,Homme,28,CAP-BEP,10,12,Administration publique,Ouvrier,Temps complet,37.6,11,1953.0
2222,Homme,37,Bac+2,14,17,Commerce,Employé,Temps complet,36.7,8,2340.0
3960,Homme,45,CAP-BEP,10,29,Construction,Employé,Temps complet,34.0,3,2489.0
3787,Homme,31,Bac+3/4,15,10,Services aux entreprises,Profession intermédiaire,Temps complet,36.5,10,2971.0
453,Homme,32,CAP-BEP,10,16,Services aux entreprises,Ouvrier,Temps complet,34.0,6,1920.0
4237,Homme,28,Bac+5 ou plus,17,5,Industrie,Cadre,Temps complet,36.9,5,3507.0
1221,Femme,23,CAP-BEP,10,7,Enseignement,Ouvrier,Temps partiel,29.6,2,1161.0
4134,Femme,25,Baccalauréat,12,7,Commerce,Employé,Temps complet,41.3,5,2793.0
4653,Femme,27,Baccalauréat,12,9,Commerce,Employé,Temps complet,35.7,1,1801.0
4172,Femme,39,Bac+3/4,15,18,Administration publique,Profession intermédiaire,Temps complet,37.4,2,2881.0
395,Femme,25,Baccalauréat,12,7,Enseignement,Employé,Temps complet,34.0,7,2154.0
3311,Homme,26,Bac+5 ou plus,17,3,Services aux particuliers,Profession intermédiaire,Temps complet,36.5,3,2988.0
1103,Homme,26,CAP-BEP,10,10,Administration publique,Employé,Temps complet,34.0,10,2664.0
3973,Femme,28,Aucun diplôme,7,15,Industrie,Ouvrier,Temps partiel,26.1,3,720.0
4905,Femme,63,Baccalauréat,12,45,Industrie,Employé,Temps complet,38.1,9,2829.0
3753,Homme,17,Aucun diplôme,7,4,Services aux particuliers,Ouvrier,Temps partiel,15.9,4,700.0
361,Femme,35,CAP-BEP,10,19,Enseignement,Ouvrier,Temps complet,34.7,3,1887.0
3604,Femme,16,Aucun diplôme,7,3,Administration publique,Ouvrier,Temps complet,36.2,3,770.0
2795,Femme,30,CAP-BEP,10,14,Industrie,Ouvrier,Temps complet,35.1,6,1804.0
3003,Femme,33,Bac+5 ou plus,17,10,Santé - action sociale,Employé,Temps partiel,24.4,8,1507.0
3167,Femme,26,Baccalauréat,12,8,Santé - action sociale,Employé,Temps complet,34.0,1,1273.0
368,Homme,25,CAP-BEP,10,9,Industrie,Employé,Temps complet,36.2,5,2463.0
491,Femme,34,CAP-BEP,10,18,Enseignement,Ouvrier,Temps complet,35.2,6,893.0
1212,Femme,44,Bac+5 ou plus,17,21,Santé - action sociale,Employé,Temps partiel,31.5,1,1690.0
377,Femme,38,Bac+3/4,15,17,Industrie,Employé,Temps complet,40.5,11,2402.0
2190,Homme,29,Bac+3/4,15,8,Administration publique,Employé,Temps complet,39.7,1,2251.0
3226,Homme,20,Aucun diplôme,7,7,Industrie,Ouvrier,Temps complet,35.1,3,827.0
576,Femme,21,Baccalauréat,12,3,Commerce,Employé,Temps complet,34.0,3,2370.0
3903,Homme,29,Bac+3/4,15,8,Administration publique,Profession intermédiaire,Temps complet,39.1,8,2964.0
3968,Homme,24,Baccalauréat,12,6,Industrie,Employé,Temps complet,34.6,3,1400.0
2929,Femme,36,Baccalauréat,12,18,Industrie,Employé,Temps complet,37.4,2,1349.0
1413,Femme,51,Bac+3/4,15,30,Services aux particuliers,Profession intermédiaire,Temps complet,34.9,7,2962.0
2527,Homme,30,Baccalauréat,12,12,Enseignement,Employé,Temps complet,34.0,2,2592.0
2476,Femme,32,CAP-BEP,10,16,Administration publique,Ouvrier,Temps complet,36.4,9,1333.0
1176,Homme,34,Baccalauréat,12,16,Enseignement,Employé,Temps complet,37.4,9,2910.0
2498,Femme,34,CAP-BEP,10,18,Santé - action sociale,Ouvrier,Temps complet,35.1,9,1964.0
2435,Homme,31,Aucun diplôme,7,18,Services aux particuliers,Ouvrier,Temps complet,37.9,1,2015.0
310,Homme,34,Baccalauréat,12,16,Services aux particuliers,Employé,Temps complet,37.9,2,1630.0
4954,Homme,26,Aucun diplôme,7,13,Administration publique,Ouvrier,Temps complet,36.5,3,1757.0
2197,Homme,37,Baccalauréat,12,19,Administration publique,Employé,Temps complet,39.1,4,3262.0
3566,Femme,24,Baccalauréat,12,6,Commerce,Employé,Temps complet,35.7,4,
118,Homme,27,Baccalauréat,12,9,Commerce,Employé,Temps complet,36.3,2,1464.0
332,Femme,18,Aucun diplôme,7,5,Santé - action sociale,Ouvrier,Temps complet,34.4,5,1428.0
4241,Homme,34,Bac+5 ou plus,17,11,Services aux particuliers,Cadre,Temps complet,36.3,11,3481.0
3525,Femme,23,Baccalauréat,12,5,Santé - action sociale,Employé,Temps partiel,20.5,4,1326.0
2287,Femme,26,CAP-BEP,10,10,Commerce,Ouvrier,Temps complet,38.8,8,1758.0
551,Homme,19,CAP-BEP,10,3,Services aux entreprises,Ouvrier,Temps partiel,19.5,3,956.0
893,Homme,25,Baccalauréat,12,7,Industrie,Employé,Temps complet,36.0,4,2019.0
4182,Femme,26,Bac+2,14,6,Enseignement,Employé,Temps partiel,25.5,3,899.0
3906,Homme,23,CAP-BEP,10,7,Santé - action sociale,Ouvrier,Temps complet,36.4,7,1340.0
4509,Femme,38,CAP-BEP,10,22,Services aux entreprises,Ouvrier,Temps partiel,11.8,4,700.0
4470,Homme,26,Baccalauréat,12,8,Santé - action sociale,Employé,Temps complet,34.0,8,824.0
868,Femme,23,Baccalauréat,12,5,Commerce,Employé,Temps complet,34.0,5,873.0
3662,Femme,29,Bac+2,14,9,Administration publique,Employé,Temps complet,37.4,3,1073.0
1526,H,33,Baccalauréat,12,15,Administration publique,Employé,Temps complet,40.0,5,26688.0
4085,Femme,22,Aucun diplôme,7,9,Services aux particuliers,Ouvrier,Temps complet,38.9,9,1684.0
272,Homme,29,Bac+3/4,15,8,Commerce,Profession intermédiaire,Temps complet,38.6,8,2849.0
446,Homme,30,CAP-BEP,10,14,Services aux particuliers,Ouvrier,Temps complet,34.0,7,
3553,H,38,Bac+2,14,18,Services aux entreprises,Profession intermédiaire,Temps complet,39.9,2,3454.0
745,Homme,32,Aucun diplôme,7,19,Commerce,Ouvrier,Temps complet,39.3,8,1691.0
1899,Femme,24,CAP-BEP,10,8,Commerce,Ouvrier,Temps complet,37.7,4,1195.0
1224,Homme,33,CAP-BEP,10,17,Commerce,Ouvrier,Temps complet,36.8,4,2044.0
4270,Femme,26,Aucun diplôme,7,13,Construction,Ouvrier,Temps complet,36.0,9,963.0
4635,Femme,32,Aucun diplôme,7,19,Services aux particuliers,Ouvrier,Temps partiel,21.0,9,
3788,Homme,21,Aucun diplôme,7,8,Commerce,Ouvrier,Temps complet,37.5,8,754.0
4296,Homme,34,Baccalauréat,12,16,Services aux particuliers,Employé,Temps complet,36.9,16,1638.0
2584,Homme,29,CAP-BEP,10,13,Construction,Ouvrier,Temps complet,36.6,4,2194.0
4679,Femme,55,Bac+3/4,15,34,Santé - action sociale,Cadre,Temps complet,35.5,8,3363.0
2206,Homme,33,Bac+5 ou plus,17,10,Services aux particuliers,Profession intermédiaire,Temps complet,36.1,8,2763.0
4365,F,26,Baccalauréat,12,8,Santé - action sociale,Employé,Temps complet,35.2,3,1677.0
1905,H,35,Bac+5 ou plus,17,12,Services aux entreprises,Profession intermédiaire,Temps complet,35.5,9,2501.0
1804,Femme,33,CAP-BEP,10,17,Commerce,Ouvrier,Temps complet,37.1,7,1880.0
2136,Homme,30,Bac+5 ou plus,17,7,Services aux entreprises,Cadre,Temps complet,35.2,4,3812.0
4577,Femme,39,Baccalauréat,12,21,Administration publique,Employé,Temps complet,35.2,4,1577.0
4916,Homme,32,Bac+5 ou plus,17,9,Industrie,Profession intermédiaire,Temps complet,37.3,9,2907.0
1676,Homme,44,Bac+2,14,24,Construction,Employé,Temps complet,40.4,7,2505.0
1833,Homme,38,Bac+3/4,15,17,Industrie,Employé,Temps complet,37.7,7,2241.0
1572,Femme,42,Bac+3/4,15,21,Santé - action sociale,Employé,Temps partiel,27.7,7,1311.0
1299,Femme,25,CAP-BEP,10,9,Industrie,Ouvrier,Temps complet,36.9,9,1027.0
2415,Homme,35,Bac+3/4,15,14,Services aux entreprises,Employé,Temps complet,42.3,14,2872.0
63,H,32,CAP-BEP,10,16,Construction,Ouvrier,Temps complet,35.4,3,1589.0
3429,Homme,32,Bac+3/4,15,11,Administration publique,Employé,Temps complet,36.2,11,1884.0
1737,Femme,47,Bac+2,14,27,Commerce,Employé,Temps complet,36.0,3,1459.0
1010,Homme,37,Baccalauréat,12,19,Industrie,Employé,Temps complet,36.1,9,4093.0
4963,Homme,48,Bac+3/4,15,27,Industrie,Employé,Temps complet,36.6,2,2031.0
3208,Femme,43,Baccalauréat,12,25,Administration publique,Employé,Temps partiel,15.6,5,1841.0
3305,Femme,31,Bac+3/4,15,10,Administration publique,Employé,Temps complet,36.5,0,1707.0
2783,Homme,29,Bac+3/4,15,8,Santé - action sociale,Profession intermédiaire,Temps complet,34.0,3,3083.0
4142,Homme,46,CAP-BEP,10,30,Enseignement,Employé,Temps complet,36.2,14,3710.0
3193,Femme,48,Bac+5 ou plus,17,25,Administration publique,Cadre,Temps complet,40.3,6,3795.0
123,Homme,38,Bac+2,14,18,Construction,Profession intermédiaire,Temps complet,43.6,16,5342.0
9,Femme,39,CAP-BEP,10,23,Services aux entreprises,Employé,Temps partiel,21.5,6,1372.0
833,Homme,28,Bac+2,14,8,Santé - action sociale,Profession intermédiaire,Temps complet,34.0,8,3404.0
2515,Homme,30,Bac+2,14,10,Services aux entreprises,Employé,Temps complet,37.3,9,2007.0
1454,Femme,34,Bac+2,14,14,Administration publique,Employé,Temps partiel,20.5,5,1370.0
4186,Homme,30,Bac+2,14,10,Industrie,Profession intermédiaire,Temps partiel,19.9,1,1796.0
3300,Homme,38,CAP-BEP,10,22,Commerce,Employé,Temps complet,34.0,22,2180.0
2772,Femme,42,Bac+2,14,22,Commerce,Profession intermédiaire,Temps complet,34.8,8,3584.0
3318,Femme,30,CAP-BEP,10,14,Services aux entreprises,Ouvrier,Temps complet,37.1,8,1532.0
308,Homme,47,Bac+3/4,15,26,Administration publique,Employé,Temps complet,36.9,2,2145.0
3957,Femme,41,Bac+5 ou plus,17,18,Services aux particuliers,Employé,Temps complet,39.0,11,2220.0
4245,Homme,31,Bac+5 ou plus,17,8,Santé - action sociale,Cadre,Temps complet,34.0,2,5839.0
925,Femme,23,Baccalauréat,12,5,Administration publique,Employé,Temps complet,38.3,5,1773.0
4953,F,29,Bac+2,14,9,Administration publique,Employé,Temps partiel,17.5,9,867.0
1134,Homme,30,Baccalauréat,12,12,Santé - action sociale,Employé,Temps complet,39.5,4,
2529,Femme,24,Aucun diplôme,7,11,Construction,Ouvrier,Temps complet,34.9,11,951.0
1065,F,48,Baccalauréat,12,30,Construction,Employé,Temps partiel,24.9,12,1002.0
4063,Femme,63,Baccalauréat,12,45,Santé - action sociale,Employé,Temps complet,34.0,6,28932.0
4654,Homme,23,Aucun diplôme,7,10,Enseignement,Ouvrier,Temps complet,36.3,8,876.0
1900,Homme,33,CAP-BEP,10,17,Commerce,Employé,Temps partiel,24.0,6,1943.0
4769,Femme,22,CAP-BEP,10,6,Services aux entreprises,Ouvrier,Temps complet,39.3,6,2049.0
4284,Homme,34,Baccalauréat,12,16,Services aux particuliers,Employé,Temps complet,34.0,4,1172.0
108,Homme,32,Baccalauréat,12,14,Commerce,Employé,Temps complet,36.7,4,1927.0
1125,Homme,28,Baccalauréat,12,10,Services aux particuliers,Employé,Temps complet,36.2,8,2062.0
1241,Homme,34,CAP-BEP,10,18,Industrie,Ouvrier,Temps complet,35.5,5,1377.0
2097,Femme,35,CAP-BEP,10,19,Santé - action sociale,Ouvrier,Temps complet,34.0,19,1611.0
3428,Femme,37,Bac+2,14,17,Enseignement,Profession intermédiaire,Temps complet,34.0,16,
2176,Homme,31,Baccalauréat,12,13,Construction,Employé,Temps complet,37.9,5,1665.0
3972,Homme,31,Bac+5 ou plus,17,8,Industrie,Profession intermédiaire,Temps complet,34.0,8,2447.0
3496,Homme,33,Bac+2,14,13,Industrie,Profession intermédiaire,Temps partiel,23.6,13,3065.0
2441,Femme,41,CAP-BEP,10,25,Administration publique,Ouvrier,Temps complet,35.1,2,1531.0
1680,Femme,24,Bac+3/4,15,3,Enseignement,Employé,Temps complet,34.0,3,1440.0
3943,Femme,35,CAP-BEP,10,19,Enseignement,Ouvrier,Temps partiel,27.0,6,1209.0
2664,Homme,28,Bac+3/4,15,7,Santé - action sociale,Employé,Temps complet,38.4,4,
4660,Homme,38,Bac+3/4,15,17,Santé - action sociale,Cadre,Temps complet,36.2,6,
2742,Femme,36,CAP-BEP,10,20,Services aux particuliers,Ouvrier,Temps partiel,24.0,10,1284.0
1563,Homme,16,Aucun diplôme,7,3,Santé - action sociale,Ouvrier,Temps partiel,21.9,3,1166.0
3791,Homme,20,Aucun diplôme,7,7,Industrie,Ouvrier,Temps complet,37.1,7,1915.0
3446,Femme,34,Bac+2,14,14,Enseignement,Profession intermédiaire,Temps partiel,15.4,3,1096.0
2793,Homme,19,CAP-BEP,10,3,Santé - action sociale,Ouvrier,Temps complet,37.8,3,1411.0
4181,H,40,Baccalauréat,12,22,Santé - action sociale,Employé,Temps partiel,22.4,8,1642.0
4535,H,34,Bac+2,14,14,Enseignement,Employé,Temps complet,34.0,5,2189.0
1906,Homme,24,CAP-BEP,10,8,Construction,Ouvrier,Temps complet,34.1,8,1959.0
4955,Homme,30,Bac+2,14,10,Commerce,Profession intermédiaire,Temps complet,36.5,9,3469.0
764,Femme,30,Bac+3/4,15,9,Services aux entreprises,Cadre,Temps complet,35.6,3,3276.0
1823,Homme,24,CAP-BEP,10,8,Santé - action sociale,Ouvrier,Temps complet,39.9,8,1932.0
497,Femme,29,Baccalauréat,12,11,Administration publique,Employé,Temps complet,35.1,4,
3373,Femme,39,Aucun diplôme,7,26,Commerce,Ouvrier,Temps partiel,21.5,9,826.0
1332,Femme,43,Baccalauréat,12,25,Services aux entreprises,Employé,Temps complet,34.7,7,2400.0
4605,Homme,23,Aucun diplôme,7,10,Construction,Ouvrier,Temps complet,35.0,10,2070.0
1411,Homme,38,Bac+5 ou plus,17,15,Commerce,Cadre,Temps complet,34.0,15,4134.0
3459,Homme,32,CAP-BEP,10,16,Santé - action sociale,Employé,Temps partiel,17.3,6,1697.0
967,H,21,CAP-BEP,10,5,Commerce,Ouvrier,Temps complet,39.1,5,1323.0
3179,Femme,39,Bac+5 ou plus,17,16,Services aux particuliers,Profession intermédiaire,Temps partiel,15.6,5,1094.0
2155,Homme,27,CAP-BEP,10,11,Santé - action sociale,Ouvrier,Temps complet,39.3,4,2148.0
4064,Femme,19,Aucun diplôme,7,6,Services aux particuliers,Ouvrier,Temps partiel,19.6,6,700.0
1718,Femme,27,CAP-BEP,10,11,Enseignement,Employé,Temps partiel,22.0,7,1554.0
4735,Femme,42,CAP-BEP,10,26,Services aux particuliers,Ouvrier,Temps partiel,23.7,4,1361.0
3575,Femme,26,Baccalauréat,12,8,Santé - action sociale,Employé,Temps complet,39.4,8,1930.0
2943,Femme,46,Bac+3/4,15,25,Construction,Employé,Temps partiel,16.8,9,1111.0
3396,Femme,18,Aucun diplôme,7,5,Services aux particuliers,Ouvrier,Temps complet,34.4,5,762.0
2558,Homme,33,Bac+3/4,15,12,Santé - action sociale,Profession intermédiaire,Temps complet,38.4,12,2632.0
1035,Homme,50,CAP-BEP,10,34,Industrie,Employé,Temps complet,37.3,29,2773.0
3828,Homme,44,Bac+2,14,24,Administration publique,Profession intermédiaire,Temps complet,36.5,5,2833.0
3381,Femme,30,Aucun diplôme,7,17,Administration publique,Ouvrier,Temps complet,39.0,10,2097.0
3812,Femme,51,Bac+2,14,31,Industrie,Profession intermédiaire,Temps partiel,24.6,3,2505.0
3834,Homme,35,Baccalauréat,12,17,Santé - action sociale,Employé,Temps complet,37.7,8,2417.0
1336,Homme,31,Bac+5 ou plus,17,8,Services aux particuliers,Profession intermédiaire,Temps complet,38.6,8,3353.0
1389,Femme,42,Bac+5 ou plus,17,19,Industrie,Cadre,Temps complet,34.4,10,
1851,Femme,29,CAP-BEP,10,13,Santé - action sociale,Ouvrier,Temps complet,35.5,6,1280.0
2014,Homme,33,Bac+3/4,15,12,Commerce,Employé,Temps complet,36.2,8,1669.0
1318,Homme,30,Bac+3/4,15,9,Commerce,Profession intermédiaire,Temps complet,37.3,1,2675.0
3805,Homme,30,CAP-BEP,10,14,Santé - action sociale,Ouvrier,Temps complet,37.1,7,1058.0
1652,Femme,31,Bac+2,14,11,Services aux entreprises,Profession intermédiaire,Temps complet,34.0,9,4343.0
765,Homme,54,CAP-BEP,10,38,Services aux entreprises,Employé,Temps partiel,23.6,11,2932.0
1687,H,31,Baccalauréat,12,13,Construction,Employé,Temps complet,39.0,9,1351.0
3855,Femme,28,Bac+2,14,8,Enseignement,Employé,Temps partiel,11.6,8,700.0
2428,Homme,48,Bac+5 ou plus,17,25,Santé - action sociale,Cadre,Temps complet,39.0,5,4177.0
273,Femme,49,Aucun diplôme,7,36,Commerce,Ouvrier,Temps complet,34.0,12,
2150,Homme,58,Bac+5 ou plus,17,35,Services aux particuliers,Profession intermédiaire,Temps complet,40.2,3,3240.0
1227,Femme,37,Bac+3/4,15,16,Santé - action sociale,Employé,Temps complet,34.4,8,2026.0
4020,Femme,37,Aucun diplôme,7,24,Santé - action sociale,Ouvrier,Temps partiel,19.8,3,700.0
2962,H,52,Bac+2,14,32,Commerce,Profession intermédiaire,Temps complet,37.2,3,3975.0
3572,F,32,Baccalauréat,12,14,Santé - action sociale,Employé,Temps complet,36.3,2,1429.0
3709,Homme,19,Aucun diplôme,7,6,Services aux particuliers,Ouvrier,Temps complet,35.3,6,1502.0
3361,Femme,24,Baccalauréat,12,6,Services aux entreprises,Employé,Temps partiel,24.0,6,1335.0
732,Homme,42,Baccalauréat,12,24,Services aux particuliers,Employé,Temps complet,36.7,11,1614.0
2806,Homme,25,CAP-BEP,10,9,Industrie,Employé,Temps complet,36.2,9,3806.0
2911,Femme,27,Aucun diplôme,7,14,Commerce,Ouvrier,Temps partiel,17.5,6,700.0
1543,Homme,36,CAP-BEP,10,20,Services aux particuliers,Ouvrier,Temps partiel,27.3,8,915.0
3846,Homme,40,Bac+3/4,15,19,Administration publique,Profession intermédiaire,Temps partiel,17.2,18,1271.0
2479,F,37,Bac+5 ou plus,17,14,Administration publique,Employé,Temps partiel,28.0,8,1492.0
326,Femme,22,CAP-BEP,10,6,Services aux particuliers,Ouvrier,Temps partiel,22.3,3,700.0
3530,Homme,34,Bac+2,14,14,Santé - action sociale,Profession intermédiaire,Temps complet,41.9,2,3369.0
2041,Femme,52,Bac+3/4,15,31,Services aux entreprises,Profession intermédiaire,Temps complet,34.0,5,2817.0
4580,Homme,38,Bac+5 ou plus,17,15,Services aux entreprises,Cadre,Temps complet,34.0,4,3540.0
1580,Homme,35,Bac+3/4,15,14,Santé - action sociale,Profession intermédiaire,Temps complet,35.9,7,2523.0
3663,F,30,CAP-BEP,10,14,Services aux particuliers,Ouvrier,Temps complet,34.0,5,1507.0
4309,Homme,25,Bac+3/4,15,4,Commerce,Profession intermédiaire,Temps complet,35.6,4,2706.0
86,Homme,34,Bac+3/4,15,13,Administration publique,Employé,Temps complet,38.6,4,1371.0
4812,Femme,29,Bac+5 ou plus,17,6,Industrie,Profession intermédiaire,Temps complet,38.4,3,2833.0
376,Homme,29,CAP-BEP,10,13,Santé - action sociale,Ouvrier,Temps complet,34.2,11,700.0
4446,Femme,19,Baccalauréat,12,1,Enseignement,Employé,Temps complet,41.3,1,3542.0
1310,Femme,21,CAP-BEP,10,5,Commerce,Ouvrier,Temps complet,34.8,5,1736.0
2579,Femme,38,Bac+5 ou plus,17,15,Administration publique,Cadre,Temps complet,34.0,2,3649.0
3615,Femme,27,Baccalauréat,12,9,Services aux entreprises,Employé,Temps partiel,11.8,6,860.0
4233,Femme,28,Bac+2,14,8,Administration publique,Employé,Temps partiel,19.1,8,954.0
4408,Femme,24,Aucun diplôme,7,11,Commerce,Ouvrier,Temps complet,35.8,8,1215.0
1682,Homme,27,Baccalauréat,12,9,Commerce,Employé,Temps complet,38.2,5,
4713,Femme,23,Aucun diplôme,7,10,Construction,Ouvrier,Temps complet,35.7,10,1284.0
4567,Homme,39,Bac+2,14,19,Industrie,Profession intermédiaire,Temps complet,35.6,14,3861.0
3524,Homme,26,Bac+2,14,6,Commerce,Employé,Temps complet,37.8,6,1945.0
2256,Femme,33,Bac+3/4,15,12,Enseignement,Profession intermédiaire,Temps complet,34.5,3,2462.0
1458,Homme,37,Bac+2,14,17,Administration publique,Profession intermédiaire,Temps partiel,25.4,3,3835.0
3628,Femme,25,Bac+2,14,5,Services aux particuliers,Employé,Temps complet,36.0,4,1633.0
3585,Femme,48,Aucun diplôme,7,35,Services aux particuliers,Ouvrier,Temps partiel,19.1,8,1051.0
3425,Femme,27,Baccalauréat,12,9,Commerce,Employé,Temps complet,35.6,3,1317.0
2597,Femme,45,Baccalauréat,12,27,Santé - action sociale,Employé,Temps complet,34.0,21,2401.0
584,H,30,CAP-BEP,10,14,Commerce,Employé,Temps complet,36.9,14,3413.0
1661,H,43,CAP-BEP,10,27,Industrie,Employé,Temps complet,34.0,6,2373.0
4498,Femme,50,Bac+2,14,30,Construction,Profession intermédiaire,Temps complet,37.7,18,2909.0
1913,Homme,28,Baccalauréat,12,10,Santé - action sociale,Employé,Temps complet,36.4,4,2536.0
3580,Femme,30,Bac+5 ou plus,17,7,Commerce,Employé,Temps complet,38.1,7,2277.0
3794,Femme,20,CAP-BEP,10,4,Administration publique,Ouvrier,Temps complet,37.9,4,1447.0
2845,Femme,37,Bac+3/4,15,16,Services aux particuliers,Employé,Temps complet,38.6,1,2540.0
4437,Femme,35,Bac+5 ou plus,17,12,Services aux particuliers,Cadre,Temps partiel,15.8,2,1983.0
2703,Femme,25,CAP-BEP,10,9,Industrie,Ouvrier,Temps partiel,25.4,1,955.0
4747,Homme,20,CAP-BEP,10,4,Services aux particuliers,Ouvrier,Temps complet,36.2,4,1472.0
420,Femme,24,Bac+2,14,4,Services aux particuliers,Employé,Temps complet,34.0,4,1510.0
3676,Homme,55,Bac+2,14,35,Services aux entreprises,Profession intermédiaire,Temps complet,38.1,4,3951.0
2517,Homme,34,Bac+2,14,14,Services aux entreprises,Employé,Temps complet,34.0,14,1809.0
3739,Homme,28,CAP-BEP,10,12,Industrie,Employé,Temps complet,36.0,11,2808.0
1932,Homme,30,CAP-BEP,10,14,Administration publique,Ouvrier,Temps complet,35.2,14,1570.0
4846,Homme,60,Bac+5 ou plus,17,37,Enseignement,Profession intermédiaire,Temps complet,37.0,2,3148.0
2042,Femme,33,Bac+2,14,13,Santé - action sociale,Employé,Temps complet,36.7,6,1694.0
4399,Femme,43,Bac+5 ou plus,17,20,Enseignement,Profession intermédiaire,Temps complet,34.4,10,2859.0
2846,Homme,33,Baccalauréat,12,15,Construction,Employé,Temps complet,38.8,15,2355.0
789,Homme,44,Bac+3/4,15,23,Enseignement,Employé,Temps complet,37.2,7,1842.0
2685,H,30,Bac+2,14,10,Industrie,Profession intermédiaire,Temps complet,36.2,0,2886.0
4209,Femme,25,Baccalauréat,12,7,Administration publique,Employé,Temps partiel,14.3,4,
1339,Femme,22,Aucun diplôme,7,9,Services aux particuliers,Ouvrier,Temps complet,34.0,5,1328.0
2760,Homme,25,Baccalauréat,12,7,Services aux entreprises,Employé,Temps complet,36.4,7,2104.0
336,F,39,Baccalauréat,12,21,Commerce,Employé,Temps complet,37.5,7,2351.0
4418,Femme,27,Bac+3/4,15,6,Services aux entreprises,Profession intermédiaire,Temps complet,34.9,6,2952.0
4793,Femme,52,Bac+5 ou plus,17,29,Services aux particuliers,Profession intermédiaire,Temps complet,39.1,3,2879.0
1692,Homme,61,CAP-BEP,10,45,Commerce,Ouvrier,Temps complet,37.8,8,2159.0
3455,Homme,29,Baccalauréat,12,11,Commerce,Employé,Temps complet,37.1,11,2075.0
4078,Femme,39,Bac+3/4,15,18,Industrie,Cadre,Temps complet,34.0,2,5451.0
4486,Homme,45,Bac+5 ou plus,17,22,Enseignement,Cadre,Temps complet,41.0,4,3867.0
2257,Homme,53,Bac+3/4,15,32,Santé - action sociale,Profession intermédiaire,Temps complet,35.9,12,2648.0
3426,Femme,31,CAP-BEP,10,15,Services aux entreprises,Employé,Temps partiel,22.2,7,
759,Femme,24,Bac+3/4,15,3,Enseignement,Employé,Temps complet,44.4,3,1385.0
4480,Homme,42,Bac+5 ou plus,17,19,Industrie,Cadre,Temps complet,39.3,2,3625.0
4116,Femme,44,CAP-BEP,10,28,Services aux entreprises,Ouvrier,Temps complet,34.0,4,1604.0
4025,Femme,30,Bac+5 ou plus,17,7,Industrie,Employé,Temps partiel,15.6,6,920.0
3029,Femme,26,CAP-BEP,10,10,Commerce,Ouvrier,Temps partiel,17.7,8,1006.0
1058,Homme,35,CAP-BEP,10,19,Industrie,Employé,Temps complet,40.2,15,4452.0
4225,Femme,24,Bac+2,14,4,Industrie,Employé,Temps complet,36.0,2,1319.0
1497,Femme,39,Bac+3/4,15,18,Commerce,Profession intermédiaire,Temps complet,34.0,18,
966,F,52,Baccalauréat,12,34,Santé - action sociale,Employé,Temps complet,34.5,4,1738.0
3925,Homme,24,CAP-BEP,10,8,Administration publique,Ouvrier,Temps complet,34.1,4,923.0
891,Homme,20,Aucun diplôme,7,7,Enseignement,Ouvrier,Temps complet,34.0,2,700.0
4216,Homme,40,CAP-BEP,10,24,Commerce,Ouvrier,Temps complet,34.0,7,1928.0
3610,Femme,28,Baccalauréat,12,10,Santé - action sociale,Employé,Temps complet,37.8,10,2099.0
4889,Homme,29,Bac+2,14,9,Santé - action sociale,Profession intermédiaire,Temps complet,34.0,9,2488.0
217,H,32,CAP-BEP,10,16,Administration publique,Ouvrier,Temps complet,35.0,1,1959.0
2927,F,34,Bac+3/4,15,13,Construction,Profession intermédiaire,Temps complet,40.2,2,2980.0
3045,Homme,24,CAP-BEP,10,8,Santé - action sociale,Ouvrier,Temps complet,36.4,8,1572.0
4198,Femme,26,CAP-BEP,10,10,Industrie,Employé,Temps partiel,15.0,8,1100.0
1040,Femme,44,Bac+5 ou plus,17,21,Administration publique,Employé,Temps complet,38.7,8,2530.0
2652,F,21,Aucun diplôme,7,8,Industrie,Ouvrier,Temps complet,36.3,5,1411.0
3582,F,21,CAP-BEP,10,5,Services aux entreprises,Ouvrier,Temps complet,36.9,3,1396.0
4864,Homme,26,Aucun diplôme,7,13,Santé - action sociale,Employé,Temps complet,39.3,2,
4382,Femme,45,Bac+2,14,25,Services aux entreprises,Profession intermédiaire,Temps partiel,27.6,1,2999.0
315,Homme,38,Baccalauréat,12,20,Enseignement,Employé,Temps complet,38.2,2,2140.0
3097,Homme,31,Bac+2,14,11,Industrie,Profession intermédiaire,Temps complet,37.3,3,2817.0
2634,F,30,Baccalauréat,12,12,Administration publique,Employé,Temps complet,37.2,4,2228.0
4924,Femme,28,Bac+3/4,15,7,Santé - action sociale,Employé,Temps complet,37.5,7,1485.0
383,H,38,CAP-BEP,10,22,Santé - action sociale,Ouvrier,Temps complet,34.0,15,1869.0
4705,Femme,36,Bac+3/4,15,15,Santé - action sociale,Profession intermédiaire,Temps partiel,15.5,13,1229.0
2497,Femme,26,Bac+3/4,15,5,Services aux particuliers,Employé,Temps partiel,20.9,5,889.0
2837,Homme,57,Bac+5 ou plus,17,34,Industrie,Cadre,Temps complet,37.2,10,6143.0
1495,H,17,Aucun diplôme,7,4,Administration publique,Ouvrier,Temps complet,37.7,4,1694.0
1711,Femme,26,Baccalauréat,12,8,Enseignement,Employé,Temps complet,37.9,4,1642.0
148,Femme,38,Bac+2,14,18,Services aux entreprises,Profession intermédiaire,Temps partiel,12.7,4,1103.0
4176,Femme,23,CAP-BEP,10,7,Commerce,Ouvrier,Temps complet,35.8,2,2049.0
236,Homme,27,Bac+5 ou plus,17,4,Enseignement,Cadre,Temps complet,38.0,1,5003.0
2160,Homme,29,Aucun diplôme,7,16,Enseignement,Ouvrier,Temps partiel,21.5,14,1191.0
4969,F,34,Aucun diplôme,7,21,Enseignement,Ouvrier,Temps complet,40.5,4,1508.0
3410,Femme,25,CAP-BEP,10,9,Services aux entreprises,Ouvrier,Temps partiel,22.0,5,1192.0
903,Homme,46,Bac+2,14,26,Enseignement,Profession intermédiaire,Temps partiel,30.9,18,2288.0
993,Homme,37,Baccalauréat,12,19,Services aux entreprises,Employé,Temps complet,34.0,2,1992.0
209,Femme,32,Bac+3/4,15,11,Services aux entreprises,Employé,Temps complet,36.3,11,1565.0
2034,Femme,24,Bac+2,14,4,Services aux entreprises,Employé,Temps complet,36.8,4,1705.0
3405,Femme,45,Bac+5 ou plus,17,22,Administration publique,Employé,Temps partiel,9.4,12,700.0
1865,Femme,21,Aucun diplôme,7,8,Commerce,Ouvrier,Temps complet,36.0,8,1230.0
2989,Homme,47,Bac+3/4,15,26,Administration publique,Profession intermédiaire,Temps complet,37.3,13,3028.0
2109,Femme,28,CAP-BEP,10,12,Industrie,Ouvrier,Temps complet,38.2,12,2096.0
2430,Femme,31,Aucun diplôme,7,18,Santé - action sociale,Ouvrier,Temps complet,37.9,6,1965.0
1276,Femme,27,Aucun diplôme,7,14,Enseignement,Ouvrier,Temps complet,34.3,14,700.0
195,H,44,Bac+2,14,24,Services aux particuliers,Profession intermédiaire,Temps complet,34.0,8,2596.0
3921,Homme,62,Baccalauréat,12,44,Santé - action sociale,Employé,Temps complet,36.6,6,2847.0
3432,Femme,53,CAP-BEP,10,37,Services aux particuliers,Ouvrier,Temps partiel,21.4,5,968.0
1158,Homme,47,Bac+3/4,15,26,Services aux entreprises,Profession intermédiaire,Temps complet,37.3,17,2755.0
1699,Homme,28,CAP-BEP,10,12,Services aux entreprises,Employé,Temps complet,36.1,5,3225.0
1305,Femme,40,CAP-BEP,10,24,Santé - action sociale,Ouvrier,Temps complet,37.3,5,1058.0
4215,Homme,29,Aucun diplôme,7,16,Construction,Ouvrier,Temps complet,34.0,5,1677.0
3608,Homme,27,CAP-BEP,10,11,Administration publique,Employé,Temps complet,36.6,11,3124.0
1153,H,24,CAP-BEP,10,8,Santé - action sociale,Ouvrier,Temps complet,39.7,8,1628.0
2693,Homme,24,CAP-BEP,10,8,Enseignement,Ouvrier,Temps complet,34.0,8,1447.0
4375,Femme,23,Bac+3/4,15,2,Administration publique,Profession intermédiaire,Temps complet,34.5,2,2369.0
3093,Homme,30,Bac+5 ou plus,17,7,Commerce,Employé,Temps complet,40.4,7,2000.0
2781,Femme,20,CAP-BEP,10,4,Construction,Ouvrier,Temps complet,36.7,4,1934.0
2674,Homme,32,Bac+5 ou plus,17,9,Commerce,Profession intermédiaire,Temps complet,36.0,9,2563.0
1021,Homme,45,Baccalauréat,12,27,Industrie,Employé,Temps complet,38.9,8,2437.0
1378,Homme,28,Bac+2,14,8,Industrie,Profession intermédiaire,Temps partiel,23.4,8,2048.0
3651,Femme,33,Baccalauréat,12,15,Services aux entreprises,Employé,Temps partiel,29.6,15,2290.0
1547,Femme,16,Aucun diplôme,7,3,Services aux entreprises,Ouvrier,Temps complet,39.0,3,1450.0
2831,Femme,33,Aucun diplôme,7,20,Services aux entreprises,Ouvrier,Temps complet,37.4,3,2131.0
4484,Homme,36,Baccalauréat,12,18,Enseignement,Employé,Temps complet,34.0,3,3141.0
1029,Homme,29,CAP-BEP,10,13,Construction,Ouvrier,Temps complet,35.7,13,1326.0
4730,Femme,47,Baccalauréat,12,29,Construction,Employé,Temps complet,36.5,16,2662.0
4798,Homme,28,CAP-BEP,10,12,Enseignement,Employé,Temps complet,38.9,7,3231.0
2104,Femme,32,Bac+3/4,15,11,Industrie,Profession intermédiaire,Temps complet,35.3,9,3136.0
2319,Femme,24,Bac+2,14,4,Enseignement,Employé,Temps complet,39.0,4,2074.0
4260,Homme,39,Bac+5 ou plus,17,16,Industrie,Profession intermédiaire,Temps complet,37.4,16,
3227,Homme,22,CAP-BEP,10,6,Services aux particuliers,Ouvrier,Temps complet,39.4,6,2277.0
1622,Femme,29,Aucun diplôme,7,16,Commerce,Ouvrier,Temps partiel,18.0,7,815.0
2258,Homme,28,Baccalauréat,12,10,Services aux entreprises,Employé,Temps complet,40.2,9,2761.0
2560,Femme,37,Bac+5 ou plus,17,14,Services aux entreprises,Cadre,Temps complet,37.0,4,3529.0
40,Femme,23,CAP-BEP,10,7,Services aux entreprises,Ouvrier,Temps complet,35.0,7,1872.0
2805,H,43,Bac+2,14,23,Commerce,Profession intermédiaire,Temps complet,34.0,2,2830.0
2383,Femme,38,Aucun diplôme,7,25,Services aux entreprises,Ouvrier,Temps complet,34.0,10,1993.0
4822,Homme,30,CAP-BEP,10,14,Industrie,Employé,Temps complet,40.7,5,3387.0
2792,Femme,20,Aucun diplôme,7,7,Construction,Ouvrier,Temps complet,37.7,7,1805.0
4882,Homme,32,Bac+2,14,12,Construction,Profession intermédiaire,Temps complet,35.4,2,2763.0
4272,Homme,45,Baccalauréat,12,27,Industrie,Employé,Temps complet,40.1,19,3020.0
1215,Femme,49,Bac+5 ou plus,17,26,Construction,Employé,Temps complet,38.3,21,2536.0
1809,Homme,30,Baccalauréat,12,12,Services aux entreprises,Employé,Temps complet,37.5,1,1510.0
3840,Femme,41,Bac+2,14,21,Services aux particuliers,Profession intermédiaire,Temps partiel,20.5,1,1722.0
1620,Femme,30,Bac+5 ou plus,17,7,Administration publique,Employé,Temps partiel,25.7,7,1393.0
3661,Femme,40,Bac+3/4,15,19,Services aux entreprises,Employé,Temps partiel,21.3,9,
1617,Femme,29,Bac+2,14,9,Industrie,Profession intermédiaire,Temps complet,36.8,4,5119.0
3782,Homme,36,Aucun diplôme,7,23,Administration publique,Ouvrier,Temps complet,40.2,1,2231.0
2811,Homme,31,Bac+3/4,15,10,Santé - action sociale,Employé,Temps complet,36.3,5,1907.0
2002,Femme,35,Baccalauréat,12,17,Services aux particuliers,Employé,Temps partiel,19.4,7,700.0
3282,Homme,43,Bac+2,14,23,Enseignement,Profession intermédiaire,Temps complet,38.8,2,2718.0
276,Homme,30,Bac+2,14,10,Enseignement,Employé,Temps complet,37.5,3,2128.0
1827,Femme,35,Bac+2,14,15,Administration publique,Profession intermédiaire,Temps complet,35.1,4,3505.0
1031,Femme,32,Aucun diplôme,7,19,Services aux particuliers,Ouvrier,Temps partiel,18.4,13,873.0
1143,Femme,36,Baccalauréat,12,18,Administration publique,Employé,Temps partiel,23.6,7,2301.0
3993,Homme,26,CAP-BEP,10,10,Enseignement,Ouvrier,Temps complet,39.6,4,2265.0
370,Homme,30,Bac+2,14,10,Construction,Employé,Temps complet,34.2,7,1657.0
3096,Femme,28,Bac+2,14,8,Commerce,Employé,Temps complet,36.2,8,1862.0
3674,H,23,Aucun diplôme,7,10,Santé - action sociale,Ouvrier,Temps complet,34.0,10,1098.0
3406,Femme,40,Bac+2,14,20,Services aux particuliers,Employé,Temps complet,37.9,0,2287.0
3930,Femme,24,CAP-BEP,10,8,Enseignement,Ouvrier,Temps complet,40.9,7,2258.0
2357,Homme,36,Bac+3/4,15,15,Services aux particuliers,Employé,Temps complet,35.8,11,2232.0
1764,Homme,37,Bac+5 ou plus,17,14,Santé - action sociale,Profession intermédiaire,Temps complet,36.3,4,3251.0
3985,Homme,36,Bac+5 ou plus,17,13,Santé - action sociale,Employé,Temps partiel,24.6,13,1388.0
1421,Femme,32,Bac+2,14,12,Santé - action sociale,Employé,Temps complet,37.8,12,2586.0
49,Femme,32,Bac+5 ou plus,17,9,Santé - action sociale,Cadre,Temps complet,35.7,9,3767.0
2794,Homme,27,Bac+2,14,7,Administration publique,Employé,Temps complet,38.1,3,2268.0
958,Femme,22,Baccalauréat,12,4,Commerce,Employé,Temps complet,35.8,4,1770.0
442,Femme,41,Bac+5 ou plus,17,18,Services aux particuliers,Cadre,Temps partiel,25.3,2,2588.0
4612,Femme,28,Bac+2,14,8,Services aux entreprises,Employé,Temps complet,34.0,8,1578.0
3268,Homme,29,CAP-BEP,10,13,Santé - action sociale,Ouvrier,Temps complet,36.4,12,1278.0
1697,Femme,34,Aucun diplôme,7,21,Administration publique,Ouvrier,Temps partiel,18.4,5,700.0
654,Homme,33,Baccalauréat,12,15,Commerce,Employé,Temps complet,37.3,15,1443.0
744,Femme,28,Baccalauréat,12,10,Commerce,Employé,Temps partiel,18.8,5,700.0
501,Femme,27,Aucun diplôme,7,14,Administration publique,Ouvrier,Temps complet,38.4,13,1520.0
1266,Homme,37,Bac+3/4,15,16,Services aux entreprises,Profession intermédiaire,Temps complet,34.4,2,2553.0
1822,Femme,29,Bac+3/4,15,8,Commerce,Employé,Temps complet,35.4,8,2426.0
2379,Homme,38,CAP-BEP,10,22,Services aux entreprises,Ouvrier,Temps complet,35.7,5,1370.0
2410,Femme,27,Aucun diplôme,7,14,Services aux entreprises,Ouvrier,Temps partiel,17.5,5,700.0
4457,Homme,31,Bac+2,14,11,Construction,Employé,Temps complet,35.9,11,2349.0
3320,H,48,Aucun diplôme,7,35,Services aux entreprises,Ouvrier,Temps complet,34.0,18,1613.0
773,Homme,33,Baccalauréat,12,15,Services aux entreprises,Employé,Temps complet,34.1,7,1100.0
2875,Femme,37,Baccalauréat,12,19,Enseignement,Employé,Temps complet,41.1,6,973.0
3056,Homme,27,Baccalauréat,12,9,Industrie,Employé,Temps complet,34.0,9,1478.0
25,Homme,43,Aucun diplôme,7,30,Santé - action sociale,Ouvrier,Temps complet,38.0,5,1954.0
561,Femme,24,CAP-BEP,10,8,Industrie,Employé,Temps complet,35.2,8,2339.0
114,Homme,35,Bac+5 ou plus,17,12,Commerce,Profession intermédiaire,Temps complet,40.5,6,2969.0
1527,Femme,44,Bac+5 ou plus,17,21,Commerce,Employé,Temps partiel,26.9,14,1691.0
1880,Femme,28,CAP-BEP,10,12,Commerce,Ouvrier,Temps complet,38.3,12,1502.0
4573,Homme,28,Bac+3/4,15,7,Santé - action sociale,Profession intermédiaire,Temps complet,34.3,7,3073.0
2985,Femme,45,Bac+2,14,25,Commerce,Employé,Temps complet,36.9,4,1544.0
2225,F,34,Aucun diplôme,7,21,Industrie,Employé,Temps partiel,18.8,12,1257.0
346,Homme,26,CAP-BEP,10,10,Administration publique,Ouvrier,Temps complet,37.8,10,1609.0
107,Femme,49,CAP-BEP,10,33,Commerce,Ouvrier,Temps complet,35.8,2,1773.0
2864,Femme,34,Baccalauréat,12,16,Santé - action sociale,Employé,Temps complet,34.0,8,1293.0
3203,Femme,36,CAP-BEP,10,20,Santé - action sociale,Ouvrier,Temps complet,36.7,3,2133.0
3451,Homme,30,Baccalauréat,12,12,Construction,Employé,Temps complet,34.2,3,1443.0
3165,Homme,26,Aucun diplôme,7,13,Santé - action sociale,Ouvrier,Temps complet,36.4,5,1229.0
3221,Femme,34,Bac+3/4,15,13,Construction,Employé,Temps complet,34.8,8,1628.0
3161,Homme,31,Bac+2,14,11,Industrie,Profession intermédiaire,Temps complet,35.5,2,4729.0
914,Homme,51,Baccalauréat,12,33,Commerce,Employé,Temps complet,38.6,6,1728.0
3560,Femme,29,Baccalauréat,12,11,Services aux particuliers,Employé,Temps partiel,27.5,2,2140.0
2146,Femme,27,CAP-BEP,10,11,Industrie,Ouvrier,Temps complet,37.5,10,1279.0
3040,Homme,40,Bac+3/4,15,19,Construction,Employé,Temps complet,38.5,13,2354.0
3887,Homme,48,Bac+5 ou plus,17,25,Services aux particuliers,Profession intermédiaire,Temps complet,41.1,11,3124.0
4551,Homme,27,CAP-BEP,10,11,Construction,Ouvrier,Temps complet,37.1,5,1399.0
3259,Femme,31,Baccalauréat,12,13,Services aux entreprises,Employé,Temps complet,34.0,6,1176.0
4095,Homme,45,Bac+5 ou plus,17,22,Administration publique,Cadre,Temps complet,37.6,8,3955.0
4421,Homme,24,Aucun diplôme,7,11,Commerce,Ouvrier,Temps complet,38.3,6,1326.0
3407,Femme,37,Bac+3/4,15,16,Industrie,Employé,Temps partiel,22.0,6,1205.0
1655,Homme,36,Baccalauréat,12,18,Santé - action sociale,Employé,Temps complet,35.4,15,2079.0
3166,Femme,28,CAP-BEP,10,12,Administration publique,Ouvrier,Temps complet,39.2,4,1643.0
235,Homme,28,Baccalauréat,12,10,Administration publique,Employé,Temps complet,40.0,6,1908.0
146,Homme,29,Bac+3/4,15,8,Enseignement,Profession intermédiaire,Temps complet,39.8,4,
1037,Homme,23,CAP-BEP,10,7,Administration publique,Ouvrier,Temps complet,35.4,7,875.0
275,Femme,24,CAP-BEP,10,8,Construction,Ouvrier,Temps complet,39.8,7,1193.0
1239,Homme,26,CAP-BEP,10,10,Administration publique,Ouvrier,Temps complet,39.2,10,2388.0
2314,Homme,31,CAP-BEP,10,15,Construction,Employé,Temps complet,36.2,13,2695.0
101,Femme,22,CAP-BEP,10,6,Administration publique,Ouvrier,Temps partiel,25.3,6,926.0
1274,Femme,37,Aucun diplôme,7,24,Industrie,Ouvrier,Temps partiel,20.7,6,700.0
3090,Homme,22,CAP-BEP,10,6,Enseignement,Ouvrier,Temps complet,36.8,5,943.0
379,Homme,41,Aucun diplôme,7,28,Services aux entreprises,Ouvrier,Temps partiel,33.0,6,1896.0
3874,Femme,18,Aucun diplôme,7,5,Industrie,Ouvrier,Temps complet,36.6,2,1370.0
47,Femme,29,Baccalauréat,12,11,Industrie,Employé,Temps complet,34.5,5,1662.0
2091,Homme,29,Bac+3/4,15,8,Santé - action sociale,Employé,Temps complet,40.1,2,1914.0
2958,Homme,23,CAP-BEP,10,7,Construction,Employé,Temps complet,36.6,7,2589.0
349,H,29,Baccalauréat,12,11,Services aux entreprises,Employé,Temps partiel,12.6,3,700.0
2547,Femme,30,Aucun diplôme,7,17,Services aux particuliers,Ouvrier,Temps complet,35.2,10,1294.0
2940,Homme,31,Bac+5 ou plus,17,8,Enseignement,Profession intermédiaire,Temps complet,36.5,4,3153.0
2628,Homme,44,Baccalauréat,12,26,Services aux particuliers,Employé,Temps complet,36.1,2,
3816,Homme,34,Baccalauréat,12,16,Santé - action sociale,Employé,Temps complet,36.5,1,1807.0
1701,Homme,35,CAP-BEP,10,19,Enseignement,Ouvrier,Temps complet,35.3,7,1949.0
166,Homme,39,Baccalauréat,12,21,Santé - action sociale,Employé,Temps complet,39.0,7,1979.0
1596,Homme,48,Baccalauréat,12,30,Santé - action sociale,Employé,Temps complet,36.1,11,2240.0
1396,Femme,22,Aucun diplôme,7,9,Services aux entreprises,Ouvrier,Temps complet,34.0,5,1400.0
4122,Homme,30,Bac+3/4,15,9,Construction,Profession intermédiaire,Temps complet,35.6,8,2851.0
4062,Femme,23,Bac+3/4,15,2,Commerce,Employé,Temps complet,35.0,2,1824.0
1358,Femme,28,CAP-BEP,10,12,Santé - action sociale,Ouvrier,Temps complet,40.4,3,1883.0
2328,Homme,43,Bac+3/4,15,22,Construction,Cadre,Temps complet,37.6,8,3490.0
4594,Homme,40,Bac+5 ou plus,17,17,Services aux particuliers,Profession intermédiaire,Temps complet,34.0,7,2683.0
2926,Homme,30,CAP-BEP,10,14,Commerce,Ouvrier,Temps partiel,24.1,4,1489.0
3557,Femme,40,Bac+2,14,20,Industrie,Employé,Temps complet,38.7,20,2114.0
1094,Homme,26,Bac+5 ou plus,17,3,Santé - action sociale,Cadre,Temps complet,36.3,2,4467.0
1700,Homme,37,CAP-BEP,10,21,Administration publique,Ouvrier,Temps complet,35.3,6,1709.0
3877,Homme,38,Bac+5 ou plus,17,15,Santé - action sociale,Employé,Temps complet,38.0,15,2428.0
4553,Homme,49,CAP-BEP,10,33,Industrie,Employé,Temps partiel,15.8,5,1626.0
10,Homme,33,CAP-BEP,10,17,Commerce,Ouvrier,Temps complet,34.2,9,2056.0
4731,Homme,28,Baccalauréat,12,10,Santé - action sociale,Employé,Temps complet,34.0,1,892.0
4712,Homme,28,Baccalauréat,12,10,Commerce,Employé,Temps partiel,23.8,8,1617.0
1837,Femme,32,CAP-BEP,10,16,Services aux entreprises,Ouvrier,Temps complet,36.8,3,1429.0
942,Homme,26,Bac+5 ou plus,17,3,Industrie,Cadre,Temps complet,34.5,3,4365.0
4316,Homme,30,Bac+2,14,10,Santé - action sociale,Employé,Temps complet,36.1,6,2318.0
2609,F,30,Bac+3/4,15,9,Services aux entreprises,Employé,Temps complet,36.4,9,2205.0
207,Femme,29,Baccalauréat,12,11,Administration publique,Employé,Temps complet,35.3,9,980.0
4174,Homme,26,Baccalauréat,12,8,Santé - action sociale,Employé,Temps complet,38.1,8,1590.0
4708,Homme,29,Bac+2,14,9,Industrie,Employé,Temps partiel,25.6,7,1422.0
1228,Femme,31,Bac+3/4,15,10,Industrie,Employé,Temps complet,39.6,5,1579.0
3858,Femme,35,Bac+3/4,15,14,Services aux entreprises,Employé,Temps complet,36.0,8,1953.0
2495,Homme,24,CAP-BEP,10,8,Industrie,Ouvrier,Temps complet,40.3,6,2345.0
3237,Homme,21,Aucun diplôme,7,8,Santé - action sociale,Ouvrier,Temps complet,35.3,8,1595.0
4462,Femme,28,Bac+2,14,8,Enseignement,Employé,Temps complet,36.3,5,1530.0
4986,Homme,33,CAP-BEP,10,17,Enseignement,Employé,Temps complet,35.9,17,2396.0
4376,H,32,Baccalauréat,12,14,Enseignement,Employé,Temps complet,34.0,14,4027.0
2122,Femme,32,Bac+5 ou plus,17,9,Santé - action sociale,Profession intermédiaire,Temps complet,40.6,9,
3851,Homme,26,Bac+5 ou plus,17,3,Enseignement,Profession intermédiaire,Temps complet,40.8,3,
3564,F,31,Baccalauréat,12,13,Services aux entreprises,Employé,Temps complet,39.0,10,1678.0
1171,Homme,24,Bac+2,14,4,Enseignement,Employé,Temps complet,38.4,4,2328.0
513,Femme,25,CAP-BEP,10,9,Commerce,Ouvrier,Temps complet,36.4,6,1196.0
3372,Femme,44,CAP-BEP,10,28,Industrie,Employé,Temps complet,34.6,17,2869.0
3086,Homme,52,Bac+2,14,32,Services aux entreprises,Profession intermédiaire,Temps complet,34.0,14,3146.0
1938,Homme,30,Bac+2,14,10,Commerce,Profession intermédiaire,Temps complet,36.4,3,3135.0
366,Femme,37,Baccalauréat,12,19,Santé - action sociale,Employé,Temps complet,39.1,10,1542.0
4369,H,43,Baccalauréat,12,25,Services aux entreprises,Employé,Temps complet,36.8,5,
2931,Femme,31,Aucun diplôme,7,18,Commerce,Ouvrier,Temps complet,35.3,10,
786,Femme,29,CAP-BEP,10,13,Enseignement,Ouvrier,Temps complet,36.9,8,1095.0
58,Femme,37,CAP-BEP,10,21,Administration publique,Ouvrier,Temps complet,34.0,4,1026.0
3043,Femme,23,Bac+2,14,3,Commerce,Profession intermédiaire,Temps partiel,19.3,3,1448.0
4257,Homme,23,CAP-BEP,10,7,Services aux entreprises,Ouvrier,Temps complet,38.7,2,1261.0
2440,Femme,32,Bac+3/4,15,11,Santé - action sociale,Employé,Temps complet,34.2,6,1714.0
3059,Homme,42,Bac+3/4,15,21,Administration publique,Employé,Temps complet,34.0,1,1830.0
4463,Homme,47,Bac+2,14,27,Services aux entreprises,Profession intermédiaire,Temps complet,36.1,5,3104.0
3783,Homme,27,Bac+5 ou plus,17,4,Industrie,Cadre,Temps complet,36.8,4,3426.0
3487,Homme,33,Bac+2,14,13,Services aux particuliers,Employé,Temps partiel,27.1,6,
4870,Femme,34,Bac+2,14,14,Santé - action sociale,Profession intermédiaire,Temps complet,35.9,4,3809.0
104,Femme,30,Aucun diplôme,7,17,Enseignement,Ouvrier,Temps partiel,18.1,1,700.0
3313,Femme,37,CAP-BEP,10,21,Services aux particuliers,Ouvrier,Temps complet,36.9,16,1373.0
4161,Femme,22,CAP-BEP,10,6,Santé - action sociale,Employé,Temps partiel,14.7,4,1163.0
1673,Femme,41,Bac+2,14,21,Services aux entreprises,Employé,Temps complet,37.5,1,2329.0
307,Homme,22,CAP-BEP,10,6,Administration publique,Ouvrier,Temps complet,35.3,6,1830.0
4144,Femme,21,CAP-BEP,10,5,Services aux particuliers,Ouvrier,Temps partiel,23.0,5,1032.0
1437,Femme,27,CAP-BEP,10,11,Services aux particuliers,Ouvrier,Temps partiel,24.9,5,707.0
3143,Femme,30,Baccalauréat,12,12,Services aux entreprises,Employé,Temps complet,38.4,4,3016.0
3695,Femme,33,Baccalauréat,12,15,Services aux entreprises,Employé,Temps complet,35.8,14,2063.0
2487,Homme,21,CAP-BEP,10,5,Industrie,Ouvrier,Temps complet,37.5,2,1421.0
2619,H,29,CAP-BEP,10,13,Commerce,Ouvrier,Temps complet,35.8,3,2207.0
2381,Homme,29,Baccalauréat,12,11,Administration publique,Employé,Temps complet,41.5,2,1678.0
3274,Femme,33,Bac+3/4,15,12,Administration publique,Cadre,Temps partiel,21.5,8,2038.0
2915,Homme,27,CAP-BEP,10,11,Services aux particuliers,Ouvrier,Temps complet,40.1,5,1796.0
229,Femme,28,Aucun diplôme,7,15,Services aux particuliers,Ouvrier,Temps partiel,15.1,5,
263,Femme,30,Baccalauréat,12,12,Industrie,Employé,Temps partiel,20.4,5,774.0
77,Homme,56,Bac+3/4,15,35,Construction,Cadre,Temps complet,36.5,4,4179.0
4922,Femme,28,Baccalauréat,12,10,Administration publique,Employé,Temps complet,36.2,1,1093.0
3735,Homme,24,Baccalauréat,12,6,Administration publique,Employé,Temps complet,34.5,6,1458.0
4162,Homme,28,Bac+3/4,15,7,Construction,Employé,Temps complet,37.7,7,1832.0
3072,Femme,20,CAP-BEP,10,4,Services aux entreprises,Employé,Temps partiel,19.5,4,1477.0
4879,Homme,35,Baccalauréat,12,17,Services aux entreprises,Employé,Temps complet,41.0,3,3003.0
718,Femme,43,Bac+5 ou plus,17,20,Administration publique,Cadre,Temps complet,35.7,5,
2111,Femme,23,CAP-BEP,10,7,Enseignement,Ouvrier,Temps partiel,19.2,4,892.0
2549,Homme,29,Bac+3/4,15,8,Administration publique,Employé,Temps complet,35.4,7,1923.0
1872,H,23,Aucun diplôme,7,10,Services aux entreprises,Ouvrier,Temps complet,38.2,4,1208.0
4631,Femme,22,CAP-BEP,10,6,Services aux entreprises,Ouvrier,Temps complet,37.7,6,1668.0
2662,Homme,27,Bac+5 ou plus,17,4,Services aux particuliers,Employé,Temps complet,38.6,4,2248.0
2582,Femme,58,Bac+2,14,38,Construction,Profession intermédiaire,Temps complet,34.9,16,2865.0
752,Homme,25,Bac+2,14,5,Commerce,Employé,Temps complet,34.0,5,1922.0
3351,Homme,35,CAP-BEP,10,19,Santé - action sociale,Ouvrier,Temps complet,34.0,5,1467.0
4139,Femme,39,Bac+5 ou plus,17,16,Administration publique,Cadre,Temps complet,35.5,11,4242.0
1033,Homme,29,CAP-BEP,10,13,Santé - action sociale,Ouvrier,Temps complet,35.2,2,1677.0
3105,Femme,23,Aucun diplôme,7,10,Enseignement,Ouvrier,Temps complet,39.6,1,1139.0
2994,Femme,31,CAP-BEP,10,15,Administration publique,Ouvrier,Temps complet,37.1,7,1463.0
1933,Homme,54,Bac+3/4,15,33,Commerce,Cadre,Temps complet,41.3,4,6688.0
252,Femme,26,Baccalauréat,12,8,Services aux particuliers,Employé,Temps complet,37.4,8,1627.0
1996,Femme,33,CAP-BEP,10,17,Industrie,Ouvrier,Temps complet,35.4,3,1155.0
3718,Homme,33,CAP-BEP,10,17,Santé - action sociale,Ouvrier,Temps complet,41.1,9,1654.0
1598,Femme,32,Baccalauréat,12,14,Services aux particuliers,Employé,Temps partiel,16.2,1,700.0
1344,H,33,Bac+2,14,13,Services aux entreprises,Profession intermédiaire,Temps complet,36.7,2,3113.0
2058,Homme,34,Aucun diplôme,7,21,Construction,Ouvrier,Temps complet,36.4,7,1752.0
4557,Femme,28,CAP-BEP,10,12,Industrie,Employé,Temps complet,38.4,12,2446.0
2013,Homme,17,Aucun diplôme,7,4,Commerce,Ouvrier,Temps complet,39.4,4,1029.0
1386,Homme,32,Bac+3/4,15,11,Services aux entreprises,Profession intermédiaire,Temps complet,35.5,6,2749.0
2376,Femme,25,CAP-BEP,10,9,Industrie,Ouvrier,Temps complet,38.5,6,1482.0
1608,Homme,18,Aucun diplôme,7,5,Commerce,Ouvrier,Temps complet,34.0,5,1301.0
2604,Homme,32,Aucun diplôme,7,19,Santé - action sociale,Ouvrier,Temps complet,36.7,5,
3214,Femme,40,Bac+5 ou plus,17,17,Construction,Employé,Temps complet,39.8,5,1507.0
3767,Homme,31,Bac+3/4,15,10,Services aux entreprises,Cadre,Temps complet,42.3,10,4768.0
1589,Homme,33,Bac+5 ou plus,17,10,Santé - action sociale,Cadre,Temps complet,37.5,5,4395.0
2523,Homme,39,Baccalauréat,12,21,Commerce,Employé,Temps complet,38.4,9,2251.0
3345,Homme,30,CAP-BEP,10,14,Administration publique,Employé,Temps complet,35.6,11,2290.0
4891,Femme,45,Baccalauréat,12,27,Commerce,Employé,Temps partiel,22.5,1,1340.0
3182,Homme,18,CAP-BEP,10,2,Services aux entreprises,Ouvrier,Temps complet,35.0,2,743.0
3461,Homme,42,Baccalauréat,12,24,Administration publique,Employé,Temps partiel,21.5,5,1303.0
600,Femme,37,Baccalauréat,12,19,Commerce,Employé,Temps complet,34.6,1,2898.0
2896,Homme,44,Baccalauréat,12,26,Administration publique,Employé,Temps complet,37.0,10,2619.0
432,Femme,20,CAP-BEP,10,4,Administration publique,Ouvrier,Temps complet,36.4,4,1534.0
2568,Homme,22,Aucun diplôme,7,9,Santé - action sociale,Ouvrier,Temps complet,37.9,9,1701.0
4901,Homme,33,CAP-BEP,10,17,Services aux entreprises,Ouvrier,Temps complet,34.0,17,2005.0
54,Homme,25,Aucun diplôme,7,12,Services aux entreprises,Ouvrier,Temps complet,34.0,5,1903.0
3347,Femme,34,Baccalauréat,12,16,Construction,Employé,Temps partiel,13.1,16,733.0
743,Homme,40,Bac+5 ou plus,17,17,Commerce,Cadre,Temps complet,36.8,8,3647.0
1792,Homme,31,Bac+5 ou plus,17,8,Services aux entreprises,Cadre,Temps complet,36.9,8,7246.0
3119,Homme,36,Bac+3/4,15,15,Construction,Cadre,Temps complet,34.7,12,4524.0
3104,Femme,33,CAP-BEP,10,17,Santé - action sociale,Ouvrier,Temps complet,34.5,8,1800.0
433,Femme,20,Aucun diplôme,7,7,Services aux particuliers,Ouvrier,Temps partiel,26.2,7,890.0
4091,H,31,CAP-BEP,10,15,Industrie,Ouvrier,Temps complet,37.9,2,1738.0
2417,Femme,25,Baccalauréat,12,7,Administration publique,Employé,Temps complet,38.2,5,
306,Homme,39,Aucun diplôme,7,26,Services aux particuliers,Ouvrier,Temps complet,36.5,6,1694.0
873,Femme,23,CAP-BEP,10,7,Services aux entreprises,Ouvrier,Temps complet,39.4,3,2393.0
3393,Femme,40,Bac+5 ou plus,17,17,Services aux particuliers,Employé,Temps complet,37.6,1,2004.0
4808,Homme,28,Bac+3/4,15,7,Services aux particuliers,Employé,Temps complet,36.7,5,2321.0
823,F,30,Bac+2,14,10,Industrie,Profession intermédiaire,Temps partiel,27.4,4,3552.0
3348,Femme,22,Aucun diplôme,7,9,Enseignement,Ouvrier,Temps partiel,29.2,0,1414.0
1636,Femme,38,Bac+2,14,18,Commerce,Employé,Temps complet,37.1,9,1986.0
2298,F,39,Baccalauréat,12,21,Services aux particuliers,Employé,Temps partiel,23.9,18,980.0
702,Homme,62,Baccalauréat,12,44,Services aux particuliers,Employé,Temps complet,36.4,4,2031.0
4909,Homme,28,CAP-BEP,10,12,Enseignement,Employé,Temps complet,39.1,3,3352.0
4835,Homme,35,Bac+3/4,15,14,Administration publique,Employé,Temps complet,34.0,6,1886.0
3728,Femme,33,CAP-BEP,10,17,Services aux particuliers,Ouvrier,Temps partiel,32.4,10,1139.0
1504,Homme,17,Aucun diplôme,7,4,Administration publique,Ouvrier,Temps complet,35.0,2,944.0
4081,H,24,Bac+2,14,4,Services aux entreprises,Employé,Temps complet,35.1,4,
1117,Femme,28,CAP-BEP,10,12,Administration publique,Ouvrier,Temps partiel,24.7,3,987.0
2366,Femme,30,Bac+2,14,10,Services aux particuliers,Profession intermédiaire,Temps partiel,23.8,6,
3025,Femme,31,CAP-BEP,10,15,Administration publique,Ouvrier,Temps complet,36.7,11,1435.0
2894,Homme,48,Bac+2,14,28,Commerce,Employé,Temps complet,39.9,2,2098.0
2203,Femme,31,Aucun diplôme,7,18,Enseignement,Ouvrier,Temps complet,35.1,5,1248.0
2496,Femme,36,Bac+3/4,15,15,Construction,Employé,Temps partiel,24.6,7,1407.0
1139,Homme,44,Baccalauréat,12,26,Santé - action sociale,Employé,Temps complet,36.6,2,2471.0
1262,Femme,31,CAP-BEP,10,15,Construction,Ouvrier,Temps partiel,16.9,9,700.0
692,Femme,35,CAP-BEP,10,19,Santé - action sociale,Ouvrier,Temps partiel,26.5,19,996.0
2100,F,29,Baccalauréat,12,11,Santé - action sociale,Employé,Temps partiel,16.8,11,1907.0
2169,Homme,24,CAP-BEP,10,8,Administration publique,Employé,Temps complet,41.5,5,3664.0
204,Femme,47,CAP-BEP,10,31,Construction,Ouvrier,Temps complet,36.2,19,1723.0
2939,Femme,58,Aucun diplôme,7,45,Santé - action sociale,Ouvrier,Temps complet,40.5,8,1143.0
3470,Femme,38,Bac+5 ou plus,17,15,Construction,Profession intermédiaire,Temps partiel,20.1,7,1770.0
1537,Homme,34,Bac+5 ou plus,17,11,Santé - action sociale,Employé,Temps complet,39.2,9,2081.0
4292,Homme,24,Bac+2,14,4,Santé - action sociale,Employé,Temps complet,37.5,4,1402.0
3308,Homme,34,CAP-BEP,10,18,Santé - action sociale,Employé,Temps complet,37.8,4,2665.0
1372,Femme,29,Bac+5 ou plus,17,6,Administration publique,Employé,Temps complet,36.5,2,2100.0
3404,Femme,32,Bac+5 ou plus,17,9,Santé - action sociale,Cadre,Temps complet,35.0,7,3965.0
1876,F,37,Bac+2,14,17,Services aux particuliers,Employé,Temps partiel,24.2,9,1521.0
4393,Femme,48,Bac+5 ou plus,17,25,Santé - action sociale,Profession intermédiaire,Temps partiel,16.4,14,1382.0
425,Homme,30,Bac+3/4,15,9,Commerce,Employé,Temps complet,39.1,8,2019.0
1130,Femme,35,CAP-BEP,10,19,Industrie,Ouvrier,Temps partiel,17.4,4,753.0
1379,Homme,31,CAP-BEP,10,15,Services aux particuliers,Ouvrier,Temps complet,40.1,6,1115.0
795,Homme,46,Bac+5 ou plus,17,23,Construction,Cadre,Temps complet,34.0,2,4057.0
652,Femme,33,Bac+3/4,15,12,Services aux particuliers,Employé,Temps partiel,24.3,10,1487.0
2883,Homme,21,CAP-BEP,10,5,Services aux entreprises,Ouvrier,Temps complet,39.5,5,1720.0
3710,Homme,27,Bac+3/4,15,6,Enseignement,Employé,Temps complet,37.6,3,2357.0
1409,Homme,33,CAP-BEP,10,17,Santé - action sociale,Ouvrier,Temps complet,36.3,8,1791.0
3907,Femme,46,Baccalauréat,12,28,Industrie,Employé,Temps partiel,24.6,5,1431.0
3673,Homme,30,Baccalauréat,12,12,Services aux entreprises,Employé,Temps complet,38.0,5,2216.0
3536,Femme,22,Bac+3/4,15,1,Enseignement,Employé,Temps complet,41.5,1,2119.0
1980,Homme,20,CAP-BEP,10,4,Services aux entreprises,Ouvrier,Temps complet,34.0,4,1861.0
3766,Homme,53,Bac+3/4,15,32,Industrie,Cadre,Temps complet,35.0,3,3410.0
4242,Femme,34,Baccalauréat,12,16,Services aux particuliers,Employé,Temps complet,36.4,6,1766.0
3884,Homme,20,Baccalauréat,12,2,Industrie,Employé,Temps complet,34.9,2,2092.0
4333,Homme,20,Aucun diplôme,7,7,Services aux entreprises,Ouvrier,Temps complet,37.7,7,1438.0
1101,Homme,38,Bac+2,14,18,Services aux particuliers,Employé,Temps complet,35.1,6,1926.0
4154,Homme,34,CAP-BEP,10,18,Commerce,Employé,Temps complet,34.7,15,2211.0
1594,Homme,29,Bac+2,14,9,Enseignement,Profession intermédiaire,Temps partiel,22.6,3,2906.0
570,Femme,26,CAP-BEP,10,10,Services aux particuliers,Ouvrier,Temps partiel,26.1,4,942.0
1759,Femme,30,Baccalauréat,12,12,Services aux entreprises,Employé,Temps complet,34.0,6,2375.0
2336,H,33,Bac+3/4,15,12,Services aux particuliers,Employé,Temps complet,39.6,6,2174.0
2598,Homme,44,Baccalauréat,12,26,Industrie,Employé,Temps complet,36.8,6,3176.0
2566,Femme,29,Bac+3/4,15,8,Commerce,Employé,Temps complet,34.2,1,1994.0
2933,Femme,31,Bac+5 ou plus,17,8,Enseignement,Employé,Temps complet,37.8,8,2517.0
2439,Homme,23,CAP-BEP,10,7,Administration publique,Ouvrier,Temps complet,40.8,4,2108.0
2812,H,33,CAP-BEP,10,17,Santé - action sociale,Ouvrier,Temps complet,36.6,9,1686.0
277,Homme,32,Bac+2,14,12,Services aux particuliers,Employé,Temps complet,35.1,2,2044.0
2297,F,46,Bac+2,14,26,Commerce,Employé,Temps complet,41.5,14,1707.0
534,Homme,32,Baccalauréat,12,14,Services aux entreprises,Employé,Temps complet,38.8,12,2401.0
646,Homme,42,Bac+5 ou plus,17,19,Enseignement,Profession intermédiaire,Temps complet,39.7,3,43224.0
3809,Homme,37,Baccalauréat,12,19,Santé - action sociale,Employé,Temps complet,36.2,8,1652.0
4318,Homme,36,Bac+5 ou plus,17,13,Santé - action sociale,Cadre,Temps complet,34.0,4,4458.0
246,Homme,31,Bac+3/4,15,10,Construction,Profession intermédiaire,Temps complet,36.6,5,2704.0
802,Homme,35,Bac+2,14,15,Enseignement,Profession intermédiaire,Temps complet,40.3,10,3941.0
1017,Homme,30,Baccalauréat,12,12,Enseignement,Employé,Temps complet,37.6,6,2895.0
2446,Femme,36,CAP-BEP,10,20,Services aux entreprises,Ouvrier,Temps complet,36.7,5,850.0
1159,Femme,29,Aucun diplôme,7,16,Santé - action sociale,Ouvrier,Temps complet,34.0,4,1093.0
410,Femme,22,Aucun diplôme,7,9,Industrie,Ouvrier,Temps complet,34.0,4,1244.0
1963,Homme,51,Baccalauréat,12,33,Santé - action sociale,Employé,Temps complet,34.0,8,1643.0
4479,Homme,26,Bac+2,14,6,Administration publique,Employé,Temps complet,34.6,2,1975.0
3837,H,28,CAP-BEP,10,12,Santé - action sociale,Ouvrier,Temps complet,37.2,12,1830.0
455,Homme,28,CAP-BEP,10,12,Commerce,Ouvrier,Temps complet,34.1,5,1046.0
3298,Homme,39,CAP-BEP,10,23,Santé - action sociale,Ouvrier,Temps complet,34.0,23,
753,Femme,47,Aucun diplôme,7,34,Services aux entreprises,Ouvrier,Temps complet,41.1,4,1935.0
1016,Homme,26,Bac+2,14,6,Commerce,Employé,Temps complet,35.6,2,1305.0
3551,Femme,40,CAP-BEP,10,24,Commerce,Employé,Temps complet,36.6,7,2716.0
2626,Homme,42,Baccalauréat,12,24,Enseignement,Employé,Temps complet,34.9,21,1235.0
3420,Homme,35,Bac+3/4,15,14,Commerce,Profession intermédiaire,Temps complet,35.9,5,3161.0
3030,H,31,Baccalauréat,12,13,Services aux entreprises,Employé,Temps complet,34.0,2,2586.0
1402,Femme,37,CAP-BEP,10,21,Administration publique,Ouvrier,Temps complet,38.5,3,984.0
2774,Homme,38,Bac+3/4,15,17,Industrie,Cadre,Temps complet,36.8,17,
1206,Homme,32,Baccalauréat,12,14,Construction,Employé,Temps complet,34.0,6,1902.0
4915,Femme,33,Bac+2,14,13,Services aux entreprises,Profession intermédiaire,Temps complet,34.0,13,2375.0
4304,Homme,29,Baccalauréat,12,11,Santé - action sociale,Employé,Temps complet,35.1,6,2466.0
1253,Femme,30,CAP-BEP,10,14,Industrie,Ouvrier,Temps partiel,5.0,3,700.0
328,Femme,33,Baccalauréat,12,15,Services aux entreprises,Employé,Temps partiel,9.0,8,700.0
4105,H,29,Bac+3/4,15,8,Industrie,Employé,Temps complet,39.0,4,2373.0
247,Homme,28,Aucun diplôme,7,15,Construction,Ouvrier,Temps complet,38.8,9,1192.0
3402,Femme,25,Aucun diplôme,7,12,Services aux particuliers,Ouvrier,Temps partiel,28.2,12,891.0
810,Femme,29,Baccalauréat,12,11,Services aux entreprises,Employé,Temps partiel,22.0,10,1678.0
2145,Homme,31,Bac+2,14,11,Industrie,Employé,Temps complet,34.3,5,1746.0
2388,Homme,29,CAP-BEP,10,13,Commerce,Ouvrier,Temps complet,38.3,13,2294.0
2395,Femme,29,Bac+5 ou plus,17,6,Services aux entreprises,Profession intermédiaire,Temps complet,37.9,6,2719.0
1588,Femme,33,Bac+5 ou plus,17,10,Services aux entreprises,Employé,Temps complet,34.4,10,1428.0
3596,Homme,36,Bac+2,14,16,Administration publique,Profession intermédiaire,Temps complet,36.8,11,2995.0
4806,Homme,26,Bac+3/4,15,5,Services aux particuliers,Employé,Temps complet,40.8,3,
1755,Homme,22,Aucun diplôme,7,9,Commerce,Ouvrier,Temps complet,38.7,9,1079.0
3209,Femme,30,Aucun diplôme,7,17,Construction,Ouvrier,Temps complet,34.3,8,914.0
4236,Femme,39,Bac+5 ou plus,17,16,Services aux entreprises,Cadre,Temps complet,37.3,15,4521.0
3863,Homme,39,Bac+5 ou plus,17,16,Services aux entreprises,Profession intermédiaire,Temps complet,36.0,3,2863.0
129,Femme,36,Bac+2,14,16,Administration publique,Employé,Temps complet,36.2,3,2220.0
4337,Homme,19,Aucun diplôme,7,6,Administration publique,Ouvrier,Temps complet,34.6,6,1418.0
3386,Homme,34,CAP-BEP,10,18,Services aux entreprises,Employé,Temps complet,37.4,3,2436.0
787,Homme,33,Aucun diplôme,7,20,Services aux entreprises,Ouvrier,Temps complet,38.4,3,2404.0
4961,Homme,28,Bac+2,14,8,Commerce,Employé,Temps complet,36.2,8,2145.0
298,H,50,Bac+3/4,15,29,Administration publique,Profession intermédiaire,Temps complet,36.2,14,2874.0
4857,Femme,32,CAP-BEP,10,16,Commerce,Ouvrier,Temps partiel,24.1,5,1332.0
402,Femme,33,Aucun diplôme,7,20,Administration publique,Ouvrier,Temps partiel,27.4,6,1714.0
1925,Femme,45,Bac+2,14,25,Administration publique,Profession intermédiaire,Temps complet,36.7,0,3007.0
2750,Femme,46,Baccalauréat,12,28,Services aux particuliers,Employé,Temps complet,37.4,9,1579.0
1043,Homme,38,Bac+5 ou plus,17,15,Industrie,Cadre,Temps complet,37.8,10,7539.0
3021,Homme,28,Bac+2,14,8,Industrie,Employé,Temps partiel,21.0,6,1298.0
944,Homme,31,Bac+3/4,15,10,Commerce,Cadre,Temps complet,34.0,8,3374.0
3038,Homme,19,Aucun diplôme,7,6,Industrie,Ouvrier,Temps complet,35.6,3,817.0
3843,Femme,40,Baccalauréat,12,22,Enseignement,Employé,Temps complet,40.4,4,1406.0
992,Homme,26,CAP-BEP,10,10,Services aux entreprises,Ouvrier,Temps complet,34.0,3,1720.0
4320,Femme,45,Bac+5 ou plus,17,22,Construction,Profession intermédiaire,Temps partiel,21.8,17,1774.0
317,H,29,Baccalauréat,12,11,Commerce,Employé,Temps complet,36.7,11,2910.0
4054,Femme,50,Bac+5 ou plus,17,27,Industrie,Cadre,Temps partiel,25.2,25,2823.0
398,Homme,35,Bac+2,14,15,Construction,Employé,Temps complet,34.0,8,2173.0
435,Homme,29,CAP-BEP,10,13,Services aux entreprises,Employé,Temps complet,35.4,7,2604.0
4094,Femme,32,Baccalauréat,12,14,Services aux entreprises,Employé,Temps complet,36.7,6,2113.0
1648,Femme,44,Bac+3/4,15,23,Enseignement,Profession intermédiaire,Temps complet,36.6,16,3058.0
2431,Homme,45,Bac+3/4,15,24,Commerce,Profession intermédiaire,Temps complet,38.5,15,3341.0
200,Homme,34,Baccalauréat,12,16,Industrie,Employé,Temps complet,38.6,10,2237.0
1193,Femme,31,Aucun diplôme,7,18,Services aux particuliers,Ouvrier,Temps complet,35.5,16,1441.0
163,Femme,32,CAP-BEP,10,16,Administration publique,Ouvrier,Temps complet,34.0,4,1677.0
1461,Homme,22,Aucun diplôme,7,9,Services aux particuliers,Ouvrier,Temps complet,34.0,7,1346.0
1383,Homme,47,CAP-BEP,10,31,Services aux particuliers,Employé,Temps complet,38.7,5,2689.0
2334,Femme,34,Baccalauréat,12,16,Industrie,Employé,Temps complet,34.0,6,1130.0
2769,Homme,27,Aucun diplôme,7,14,Administration publique,Ouvrier,Temps complet,36.7,14,1830.0
2001,Homme,39,Aucun diplôme,7,26,Industrie,Ouvrier,Temps partiel,15.4,18,700.0
2202,Homme,26,CAP-BEP,10,10,Services aux entreprises,Ouvrier,Temps complet,34.0,10,2028.0
94,Homme,18,CAP-BEP,10,2,Construction,Ouvrier,Temps complet,37.4,2,1658.0
2689,Femme,30,Baccalauréat,12,12,Santé - action sociale,Employé,Temps partiel,22.3,2,928.0
3501,Homme,31,Baccalauréat,12,13,Services aux entreprises,Employé,Temps complet,36.4,3,1729.0
2573,Homme,22,Bac+2,14,2,Enseignement,Profession intermédiaire,Temps complet,35.0,1,2515.0
930,Femme,27,Baccalauréat,12,9,Industrie,Employé,Temps complet,37.1,1,3185.0
620,Femme,23,Aucun diplôme,7,10,Santé - action sociale,Ouvrier,Temps complet,38.9,5,1247.0
1440,Homme,44,Bac+2,14,24,Services aux particuliers,Profession intermédiaire,Temps complet,40.7,16,4154.0
1473,Femme,23,CAP-BEP,10,7,Services aux entreprises,Employé,Temps complet,34.2,7,2198.0
4815,Homme,34,Baccalauréat,12,16,Enseignement,Employé,Temps complet,34.0,13,2877.0
1298,Homme,20,CAP-BEP,10,4,Services aux entreprises,Ouvrier,Temps complet,37.9,4,2264.0
1735,Femme,29,Bac+3/4,15,8,Commerce,Employé,Temps partiel,20.0,7,724.0
343,Femme,30,Bac+5 ou plus,17,7,Services aux particuliers,Cadre,Temps partiel,26.6,7,2631.0
4079,F,32,CAP-BEP,10,16,Services aux particuliers,Ouvrier,Temps partiel,9.8,4,700.0
2761,Femme,25,CAP-BEP,10,9,Commerce,Ouvrier,Temps complet,34.9,8,1421.0
3950,Femme,31,Bac+3/4,15,10,Enseignement,Employé,Temps partiel,27.8,7,1374.0
842,Homme,21,Baccalauréat,12,3,Santé - action sociale,Employé,Temps complet,41.7,3,
1885,Femme,20,Aucun diplôme,7,7,Services aux particuliers,Ouvrier,Temps complet,37.6,2,744.0
2303,Femme,24,Baccalauréat,12,6,Commerce,Employé,Temps complet,35.1,2,
3690,F,32,Bac+5 ou plus,17,9,Construction,Employé,Temps complet,37.5,5,2131.0
1334,Homme,36,Bac+5 ou plus,17,13,Santé - action sociale,Profession intermédiaire,Temps complet,38.9,13,
2340,Femme,30,Bac+2,14,10,Commerce,Employé,Temps partiel,21.3,10,
2852,Homme,18,CAP-BEP,10,2,Services aux particuliers,Ouvrier,Temps complet,35.8,1,1483.0
4380,Homme,29,CAP-BEP,10,13,Construction,Ouvrier,Temps complet,36.2,13,1358.0
4124,Femme,31,CAP-BEP,10,15,Enseignement,Ouvrier,Temps complet,40.0,9,1564.0
238,Femme,50,Bac+2,14,30,Administration publique,Profession intermédiaire,Temps complet,36.0,24,3128.0
2275,H,27,Baccalauréat,12,9,Administration publique,Employé,Temps complet,37.5,2,1871.0
1548,Femme,32,Bac+2,14,12,Santé - action sociale,Employé,Temps complet,36.2,12,1595.0
2234,Homme,38,CAP-BEP,10,22,Commerce,Ouvrier,Temps partiel,18.5,2,874.0
3976,Homme,38,Bac+5 ou plus,17,15,Santé - action sociale,Cadre,Temps partiel,19.6,14,
4504,Femme,36,Bac+2,14,16,Services aux entreprises,Employé,Temps partiel,24.9,0,1301.0
4887,Homme,25,CAP-BEP,10,9,Enseignement,Ouvrier,Temps complet,38.4,7,1304.0
4877,Femme,24,Aucun diplôme,7,11,Administration publique,Ouvrier,Temps complet,34.0,2,1356.0
695,Homme,39,Bac+3/4,15,18,Industrie,Profession intermédiaire,Temps complet,35.4,8,3029.0
2872,Femme,24,Baccalauréat,12,6,Commerce,Employé,Temps complet,38.3,6,2824.0
476,H,30,Bac+2,14,10,Services aux particuliers,Employé,Temps partiel,23.8,3,1489.0
3692,Femme,28,CAP-BEP,10,12,Services aux entreprises,Ouvrier,Temps complet,39.0,1,1749.0
128,Homme,21,CAP-BEP,10,5,Construction,Ouvrier,Temps complet,40.5,5,1358.0
3331,F,48,Baccalauréat,12,30,Services aux entreprises,Employé,Temps partiel,23.6,16,1821.0
2404,Femme,18,Aucun diplôme,7,5,Services aux entreprises,Ouvrier,Temps complet,34.0,5,1246.0
735,Homme,27,Bac+5 ou plus,17,4,Services aux particuliers,Profession intermédiaire,Temps complet,34.0,1,2811.0
4300,Homme,33,Bac+2,14,13,Santé - action sociale,Profession intermédiaire,Temps complet,34.8,13,3407.0
67,Homme,20,Aucun diplôme,7,7,Commerce,Ouvrier,Temps complet,38.4,3,916.0
4706,Homme,36,Baccalauréat,12,18,Santé - action sociale,Employé,Temps partiel,30.2,5,1262.0
481,Femme,48,Bac+3/4,15,27,Services aux entreprises,Employé,Temps complet,36.4,6,1997.0
477,Homme,25,Bac+2,14,5,Construction,Profession intermédiaire,Temps complet,34.0,5,2506.0
3773,Homme,51,CAP-BEP,10,35,Commerce,Ouvrier,Temps complet,34.7,5,1287.0
4384,Homme,43,Baccalauréat,12,25,Services aux entreprises,Employé,Temps complet,38.4,6,2126.0
4757,H,27,Baccalauréat,12,9,Administration publique,Employé,Temps complet,36.9,2,1846.0
4453,Homme,37,Bac+3/4,15,16,Commerce,Profession intermédiaire,Temps complet,37.3,12,2977.0
1861,Homme,23,Aucun diplôme,7,10,Administration publique,Ouvrier,Temps complet,35.0,6,2095.0
1683,Homme,58,Bac+5 ou plus,17,35,Industrie,Profession intermédiaire,Temps partiel,21.4,16,1891.0
1982,Homme,35,Bac+2,14,15,Industrie,Employé,Temps complet,36.0,12,1696.0
216,Homme,41,Bac+2,14,21,Santé - action sociale,Employé,Temps complet,35.6,10,2360.0
3666,Homme,54,Bac+5 ou plus,17,31,Industrie,Cadre,Temps complet,35.7,4,5149.0
362,Homme,30,Bac+2,14,10,Commerce,Profession intermédiaire,Temps complet,36.0,8,3105.0
2436,Femme,32,Bac+2,14,12,Santé - action sociale,Employé,Temps complet,34.5,6,1761.0
3205,Homme,48,CAP-BEP,10,32,Administration publique,Employé,Temps complet,37.3,7,2346.0
3409,Homme,34,Bac+2,14,14,Construction,Profession intermédiaire,Temps complet,35.6,14,3612.0
3170,Homme,29,Baccalauréat,12,11,Services aux entreprises,Employé,Temps complet,35.3,4,1967.0
1973,Femme,30,Baccalauréat,12,12,Santé - action sociale,Employé,Temps complet,34.6,3,2415.0
3005,F,21,Baccalauréat,12,3,Services aux entreprises,Employé,Temps complet,38.3,3,2277.0
4640,Homme,31,Aucun diplôme,7,18,Administration publique,Ouvrier,Temps complet,41.0,2,2425.0
2988,Homme,22,Bac+2,14,2,Santé - action sociale,Employé,Temps complet,36.8,1,1894.0
1740,H,32,Bac+5 ou plus,17,9,Commerce,Cadre,Temps complet,37.9,5,4254.0
2398,Homme,31,CAP-BEP,10,15,Services aux entreprises,Ouvrier,Temps complet,35.1,15,2031.0
2179,Homme,30,Baccalauréat,12,12,Santé - action sociale,Employé,Temps complet,37.8,0,1988.0
2481,Homme,28,Bac+3/4,15,7,Services aux entreprises,Employé,Temps complet,34.9,2,2306.0
424,Homme,24,Aucun diplôme,7,11,Industrie,Ouvrier,Temps complet,34.8,9,1906.0
135,Femme,35,Aucun diplôme,7,22,Services aux particuliers,Ouvrier,Temps partiel,22.6,5,700.0
3374,Femme,42,Baccalauréat,12,24,Administration publique,Employé,Temps complet,35.3,5,1203.0
4199,Homme,57,Bac+5 ou plus,17,34,Industrie,Cadre,Temps complet,35.4,3,
1467,H,26,Bac+2,14,6,Santé - action sociale,Profession intermédiaire,Temps complet,35.0,6,2677.0
1649,Femme,26,Aucun diplôme,7,13,Services aux particuliers,Ouvrier,Temps complet,35.3,2,730.0
4082,F,37,Bac+2,14,17,Santé - action sociale,Profession intermédiaire,Temps complet,38.6,17,3800.0
896,Femme,48,Bac+2,14,28,Services aux particuliers,Employé,Temps complet,36.0,10,2033.0
579,Femme,60,Bac+5 ou plus,17,37,Services aux entreprises,Profession intermédiaire,Temps complet,39.4,16,3246.0
1119,Homme,29,CAP-BEP,10,13,Industrie,Ouvrier,Temps complet,36.2,13,1168.0
617,Femme,32,Bac+3/4,15,11,Services aux entreprises,Employé,Temps partiel,17.7,8,1212.0
3937,Femme,31,CAP-BEP,10,15,Industrie,Ouvrier,Temps complet,35.9,15,1868.0
3488,Femme,33,Baccalauréat,12,15,Services aux entreprises,Employé,Temps partiel,19.7,4,970.0
4775,Femme,33,CAP-BEP,10,17,Commerce,Ouvrier,Temps partiel,21.8,2,982.0
2506,F,23,Bac+3/4,15,2,Construction,Employé,Temps complet,37.4,2,2534.0
2048,Homme,65,Bac+5 ou plus,17,42,Commerce,Profession intermédiaire,Temps complet,37.5,6,3243.0
3127,Femme,44,Bac+2,14,24,Santé - action sociale,Employé,Temps complet,36.0,9,1567.0
4718,Homme,47,Baccalauréat,12,29,Construction,Employé,Temps complet,40.6,13,5035.0
1063,H,27,Aucun diplôme,7,14,Santé - action sociale,Ouvrier,Temps complet,38.8,9,1139.0
2550,Homme,32,Aucun diplôme,7,19,Services aux entreprises,Employé,Temps complet,37.5,6,
707,Homme,29,Baccalauréat,12,11,Santé - action sociale,Employé,Temps complet,34.4,7,1579.0
2602,Femme,21,CAP-BEP,10,5,Services aux entreprises,Ouvrier,Temps complet,35.0,5,1085.0
3503,Homme,21,Aucun diplôme,7,8,Services aux particuliers,Ouvrier,Temps complet,38.5,8,1227.0
4714,Femme,36,Bac+5 ou plus,17,13,Services aux particuliers,Profession intermédiaire,Temps partiel,14.5,3,1064.0
724,Homme,38,Baccalauréat,12,20,Administration publique,Employé,Temps partiel,17.2,3,859.0
2146,Femme,27,CAP-BEP,10,11,Industrie,Ouvrier,Temps complet,37.5,10,1279.0
4104,Homme,20,Baccalauréat,12,2,Construction,Employé,Temps complet,40.2,2,1627.0
3027,Femme,26,Bac+2,14,6,Commerce,Employé,Temps complet,36.5,6,1339.0
4626,Homme,34,CAP-BEP,10,18,Enseignement,Ouvrier,Temps complet,34.5,12,1210.0
4129,Femme,42,Bac+3/4,15,21,Commerce,Employé,Temps partiel,12.4,4,745.0
3945,Homme,30,Bac+5 ou plus,17,7,Administration publique,Employé,Temps complet,39.1,7,2418.0
3789,Femme,28,Bac+3/4,15,7,Administration publique,Employé,Temps complet,38.0,7,1467.0
3970,Femme,35,Baccalauréat,12,17,Services aux particuliers,Employé,Temps complet,34.3,4,2287.0
4490,Femme,26,Bac+3/4,15,5,Administration publique,Profession intermédiaire,Temps complet,37.9,5,2974.0
4000,Homme,32,CAP-BEP,10,16,Administration publique,Employé,Temps partiel,23.3,3,1480.0
2672,Femme,34,Bac+3/4,15,13,Enseignement,Employé,Temps complet,37.0,3,1643.0
465,Femme,32,Bac+2,14,12,Services aux entreprises,Employé,Temps partiel,18.2,11,1145.0
208,Homme,28,Bac+2,14,8,Administration publique,Profession intermédiaire,Temps complet,37.4,8,3803.0
2131,Femme,27,Aucun diplôme,7,14,Industrie,Ouvrier,Temps complet,36.7,3,1695.0
3910,Femme,23,Aucun diplôme,7,10,Industrie,Ouvrier,Temps complet,34.5,4,1094.0
1534,Homme,32,Baccalauréat,12,14,Commerce,Employé,Temps complet,34.0,2,3069.0
3997,Femme,40,Aucun diplôme,7,27,Services aux entreprises,Ouvrier,Temps partiel,23.6,1,700.0
4305,Homme,50,Bac+2,14,30,Santé - action sociale,Profession intermédiaire,Temps complet,39.3,1,3130.0
1651,Homme,31,Bac+5 ou plus,17,8,Industrie,Cadre,Temps complet,34.0,8,3112.0
2453,Femme,31,Bac+5 ou plus,17,8,Commerce,Employé,Temps complet,36.9,8,2417.0
1557,Homme,26,Aucun diplôme,7,13,Commerce,Ouvrier,Temps complet,37.1,3,1995.0
2021,Femme,22,Aucun diplôme,7,9,Administration publique,Ouvrier,Temps complet,35.3,9,1418.0
4958,Homme,23,Baccalauréat,12,5,Commerce,Employé,Temps complet,34.0,5,1541.0
3363,Homme,38,CAP-BEP,10,22,Services aux particuliers,Ouvrier,Temps complet,34.0,22,2104.0
1838,Femme,33,CAP-BEP,10,17,Commerce,Ouvrier,Temps complet,35.4,1,917.0
1146,Homme,37,Bac+2,14,17,Administration publique,Employé,Temps complet,41.7,4,2605.0
898,Homme,23,CAP-BEP,10,7,Services aux entreprises,Ouvrier,Temps complet,34.0,4,1704.0
223,Homme,28,Bac+5 ou plus,17,5,Enseignement,Employé,Temps complet,34.4,5,1178.0
3535,Femme,38,Bac+2,14,18,Commerce,Profession intermédiaire,Temps complet,34.2,16,2817.0
3484,Femme,25,CAP-BEP,10,9,Industrie,Ouvrier,Temps complet,38.8,1,2096.0
3109,Homme,23,Bac+2,14,3,Enseignement,Employé,Temps complet,42.6,3,2023.0
897,Femme,36,Bac+2,14,16,Enseignement,Employé,Temps complet,34.7,10,1726.0
4848,Femme,25,Bac+3/4,15,4,Services aux entreprises,Employé,Temps partiel,21.8,4,1170.0
4274,Homme,41,Baccalauréat,12,23,Construction,Employé,Temps complet,35.8,2,1500.0
1495,H,17,Aucun diplôme,7,4,Administration publique,Ouvrier,Temps complet,37.7,4,1694.0
1985,Homme,35,Bac+3/4,15,14,Commerce,Cadre,Temps complet,36.9,14,3706.0
994,Femme,66,Bac+3/4,15,45,Commerce,Cadre,Temps complet,37.4,10,3595.0
2885,Femme,34,Bac+5 ou plus,17,11,Santé - action sociale,Cadre,Temps complet,36.8,11,4373.0
532,Femme,36,Baccalauréat,12,18,Enseignement,Employé,Temps complet,36.1,18,1286.0
358,H,33,CAP-BEP,10,17,Santé - action sociale,Employé,Temps complet,34.0,6,2337.0
241,Femme,34,Bac+3/4,15,13,Services aux particuliers,Employé,Temps complet,35.9,4,2102.0
48,Femme,28,Bac+3/4,15,7,Services aux entreprises,Cadre,Temps complet,36.0,4,3384.0
3567,Femme,32,Bac+5 ou plus,17,9,Services aux entreprises,Profession intermédiaire,Temps complet,34.6,2,2547.0
1867,Homme,40,Bac+5 ou plus,17,17,Industrie,Employé,Temps partiel,24.2,12,
527,Homme,26,Baccalauréat,12,8,Services aux entreprises,Employé,Temps complet,40.0,8,2607.0
4175,Homme,35,Baccalauréat,12,17,Services aux particuliers,Employé,Temps partiel,13.1,7,700.0
2140,Homme,40,Baccalauréat,12,22,Industrie,Employé,Temps partiel,20.0,16,898.0
4645,Femme,27,CAP-BEP,10,11,Administration publique,Ouvrier,Temps complet,34.9,1,1228.0
231,Homme,57,Baccalauréat,12,39,Industrie,Employé,Temps complet,38.0,27,3005.0
1785,Homme,40,CAP-BEP,10,24,Industrie,Ouvrier,Temps partiel,15.5,1,704.0
4004,Homme,41,CAP-BEP,10,25,Services aux entreprises,Employé,Temps complet,36.5,7,2567.0
172,Homme,19,CAP-BEP,10,3,Industrie,Employé,Temps complet,41.5,3,3608.0
1618,Homme,32,Bac+2,14,12,Services aux entreprises,Profession intermédiaire,Temps partiel,24.9,6,1717.0
205,Homme,23,CAP-BEP,10,7,Santé - action sociale,Employé,Temps complet,36.5,4,3360.0
726,Homme,24,Baccalauréat,12,6,Construction,Employé,Temps complet,37.6,6,1862.0
965,Femme,25,Baccalauréat,12,7,Commerce,Employé,Temps complet,35.8,6,1584.0
3606,Femme,37,Bac+5 ou plus,17,14,Administration publique,Employé,Temps complet,40.1,2,2673.0
4460,Homme,37,Baccalauréat,12,19,Santé - action sociale,Employé,Temps complet,35.9,4,3473.0
2576,Femme,25,CAP-BEP,10,9,Industrie,Ouvrier,Temps complet,36.5,4,1795.0
1717,Homme,40,CAP-BEP,10,24,Services aux particuliers,Ouvrier,Temps complet,36.4,7,1359.0
1842,Homme,40,Bac+3/4,15,19,Industrie,Profession intermédiaire,Temps complet,39.4,1,3506.0
4726,Homme,34,Bac+5 ou plus,17,11,Commerce,Employé,Temps complet,39.9,11,
88,Homme,28,Baccalauréat,12,10,Administration publique,Employé,Temps complet,37.8,4,1758.0
400,Homme,21,Baccalauréat,12,3,Services aux entreprises,Employé,Temps partiel,24.0,2,1411.0
419,Homme,48,Baccalauréat,12,30,Santé - action sociale,Employé,Temps complet,35.8,5,1708.0
2210,Homme,25,Bac+2,14,5,Administration publique,Employé,Temps complet,34.5,3,2143.0
210,Homme,47,Bac+5 ou plus,17,24,Commerce,Cadre,Temps complet,36.7,4,3810.0
4163,Homme,24,CAP-BEP,10,8,Santé - action sociale,Ouvrier,Temps complet,37.5,8,1104.0
211,Homme,37,Aucun diplôme,7,24,Enseignement,Ouvrier,Temps complet,34.0,4,1405.0
864,Homme,39,Bac+2,14,19,Industrie,Employé,Temps complet,38.2,5,2544.0
2195,Homme,27,Aucun diplôme,7,14,Administration publique,Ouvrier,Temps partiel,17.8,10,700.0
2524,Homme,26,Bac+2,14,6,Enseignement,Profession intermédiaire,Temps complet,37.9,6,3150.0
4632,Femme,32,Bac+3/4,15,11,Enseignement,Profession intermédiaire,Temps complet,38.9,5,
1816,Femme,21,Baccalauréat,12,3,Services aux entreprises,Employé,Temps complet,39.2,3,
4920,Femme,33,CAP-BEP,10,17,Administration publique,Ouvrier,Temps partiel,23.4,9,1026.0
2370,Femme,20,CAP-BEP,10,4,Construction,Ouvrier,Temps complet,35.8,4,1967.0
2166,Femme,38,Bac+3/4,15,17,Services aux entreprises,Employé,Temps partiel,27.1,4,1769.0
722,Homme,32,Aucun diplôme,7,19,Santé - action sociale,Ouvrier,Temps complet,35.8,19,2053.0
1507,Femme,29,Aucun diplôme,7,16,Administration publique,Ouvrier,Temps complet,38.0,1,905.0
1663,Homme,30,Baccalauréat,12,12,Santé - action sociale,Employé,Temps complet,35.1,12,2232.0
4428,Homme,46,Bac+5 ou plus,17,23,Enseignement,Employé,Temps complet,34.7,3,2250.0
1550,Homme,27,CAP-BEP,10,11,Enseignement,Ouvrier,Temps complet,36.0,4,1275.0
1658,Femme,42,Bac+2,14,22,Construction,Employé,Temps complet,36.5,13,1702.0
4980,Femme,24,CAP-BEP,10,8,Industrie,Employé,Temps complet,38.2,8,2529.0
355,Homme,59,Bac+3/4,15,38,Commerce,Profession intermédiaire,Temps complet,34.3,6,2646.0
2488,Homme,44,Aucun diplôme,7,31,Commerce,Ouvrier,Temps complet,39.0,8,1913.0
1471,Homme,37,Baccalauréat,12,19,Industrie,Employé,Temps complet,34.9,5,1778.0
1811,Femme,36,Bac+2,14,16,Enseignement,Employé,Temps complet,36.2,3,1980.0
3113,Homme,31,Aucun diplôme,7,18,Administration publique,Ouvrier,Temps complet,35.7,3,1312.0
2675,Femme,39,Bac+3/4,15,18,Commerce,Profession intermédiaire,Temps partiel,28.6,13,2548.0
1746,Homme,41,Bac+5 ou plus,17,18,Industrie,Cadre,Temps complet,36.1,1,3602.0
1611,Femme,30,Bac+2,14,10,Santé - action sociale,Employé,Temps complet,37.2,10,2270.0
1590,Femme,37,Baccalauréat,12,19,Industrie,Employé,Temps partiel,33.0,4,1637.0
2841,Homme,35,Baccalauréat,12,17,Commerce,Employé,Temps complet,38.9,12,2029.0
1813,Femme,41,Bac+2,14,21,Santé - action sociale,Profession intermédiaire,Temps complet,35.7,6,2824.0
3213,Femme,28,CAP-BEP,10,12,Santé - action sociale,Ouvrier,Temps complet,36.1,10,1419.0
3923,Femme,34,Baccalauréat,12,16,Administration publique,Employé,Temps partiel,26.6,5,1424.0
4756,Homme,24,Aucun diplôme,7,11,Commerce,Ouvrier,Temps complet,37.1,3,1671.0
4451,Femme,29,Aucun diplôme,7,16,Commerce,Ouvrier,Temps complet,36.0,3,1248.0
2185,Homme,32,Bac+3/4,15,11,Services aux entreprises,Profession intermédiaire,Temps complet,37.7,11,2919.0
1947,Homme,27,CAP-BEP,10,11,Santé - action sociale,Ouvrier,Temps complet,38.5,11,
1363,F,26,Aucun diplôme,7,13,Commerce,Ouvrier,Temps partiel,25.7,7,700.0
4508,Femme,20,CAP-BEP,10,4,Services aux entreprises,Ouvrier,Temps complet,34.0,4,1442.0
3310,Femme,29,Baccalauréat,12,11,Services aux particuliers,Employé,Temps partiel,19.2,9,
1277,Femme,40,Baccalauréat,12,22,Santé - action sociale,Employé,Temps partiel,21.8,6,1416.0
3290,Femme,36,Baccalauréat,12,18,Services aux particuliers,Employé,Temps partiel,25.8,6,1627.0
1878,Femme,34,Aucun diplôme,7,21,Administration publique,Ouvrier,Temps partiel,25.5,4,888.0
3876,Femme,24,CAP-BEP,10,8,Industrie,Ouvrier,Temps complet,34.0,8,1367.0
1852,Homme,33,Aucun diplôme,7,20,Services aux entreprises,Ouvrier,Temps complet,37.8,6,2128.0
1254,Femme,28,Baccalauréat,12,10,Commerce,Employé,Temps partiel,16.5,10,903.0
1242,Femme,31,Aucun diplôme,7,18,Industrie,Ouvrier,Temps complet,34.3,11,1028.0
591,Homme,20,Baccalauréat,12,2,Santé - action sociale,Employé,Temps complet,34.0,2,1244.0
3829,Homme,48,Bac+2,14,28,Services aux particuliers,Profession intermédiaire,Temps complet,34.4,2,2995.0
3394,Homme,32,CAP-BEP,10,16,Industrie,Employé,Temps complet,41.6,5,2708.0
3711,Femme,55,Bac+5 ou plus,17,32,Services aux particuliers,Profession intermédiaire,Temps complet,36.8,19,
472,Homme,35,CAP-BEP,10,19,Commerce,Ouvrier,Temps complet,34.0,10,1413.0
3956,Homme,62,Bac+5 ou plus,17,39,Santé - action sociale,Employé,Temps complet,40.5,5,2428.0
4780,Femme,28,Baccalauréat,12,10,Services aux entreprises,Employé,Temps complet,40.8,3,2109.0
4802,Homme,27,Baccalauréat,12,9,Commerce,Employé,Temps partiel,27.5,5,2582.0
3412,Femme,49,Bac+3/4,15,28,Services aux entreprises,Cadre,Temps complet,39.6,18,
1570,Femme,25,CAP-BEP,10,9,Administration publique,Ouvrier,Temps complet,36.5,9,2022.0
3000,Homme,46,CAP-BEP,10,30,Administration publique,Employé,Temps complet,34.6,27,2815.0
2044,Homme,38,Baccalauréat,12,20,Administration publique,Employé,Temps complet,35.3,13,3134.0
3780,Femme,29,Bac+3/4,15,8,Industrie,Profession intermédiaire,Temps complet,36.5,8,2541.0
2707,Homme,37,Bac+5 ou plus,17,14,Construction,Cadre,Temps complet,39.5,7,7013.0
3879,Femme,24,CAP-BEP,10,8,Industrie,Ouvrier,Temps complet,35.5,8,1437.0
4552,Femme,32,Bac+3/4,15,11,Enseignement,Cadre,Temps partiel,19.1,5,1760.0
4696,Femme,37,CAP-BEP,10,21,Industrie,Ouvrier,Temps complet,34.0,11,2062.0
1979,Homme,24,CAP-BEP,10,8,Enseignement,Ouvrier,Temps complet,38.8,5,1728.0
4693,Homme,50,Bac+3/4,15,29,Industrie,Profession intermédiaire,Temps complet,36.0,8,2518.0
866,Femme,27,Bac+5 ou plus,17,4,Industrie,Employé,Temps complet,36.5,4,1700.0
3081,Homme,31,Aucun diplôme,7,18,Construction,Ouvrier,Temps complet,34.0,6,1469.0
4214,Femme,25,CAP-BEP,10,9,Enseignement,Ouvrier,Temps complet,39.0,1,1983.0
4987,Homme,36,Bac+3/4,15,15,Industrie,Cadre,Temps complet,36.9,5,4245.0
2878,Homme,34,CAP-BEP,10,18,Administration publique,Ouvrier,Temps complet,35.2,4,1862.0
2081,Femme,35,Bac+3/4,15,14,Services aux particuliers,Profession intermédiaire,Temps complet,34.5,0,2569.0
719,Femme,33,Baccalauréat,12,15,Industrie,Employé,Temps complet,39.2,2,3167.0
1330,Femme,43,Bac+2,14,23,Services aux entreprises,Employé,Temps complet,37.1,12,
260,Femme,48,Bac+5 ou plus,17,25,Services aux entreprises,Cadre,Temps complet,35.4,2,4069.0
4220,Femme,26,Bac+2,14,6,Commerce,Employé,Temps complet,37.4,2,1266.0
2456,Femme,27,Baccalauréat,12,9,Commerce,Employé,Temps complet,38.7,9,2018.0
2539,Femme,27,CAP-BEP,10,11,Santé - action sociale,Ouvrier,Temps complet,37.5,1,1688.0
3942,Homme,20,CAP-BEP,10,4,Commerce,Ouvrier,Temps complet,37.7,3,1116.0
3659,Homme,34,Bac+2,14,14,Construction,Profession intermédiaire,Temps complet,35.8,6,3032.0
3589,Homme,41,Bac+2,14,21,Santé - action sociale,Employé,Temps complet,38.8,10,1820.0
803,Homme,24,Aucun diplôme,7,11,Santé - action sociale,Ouvrier,Temps complet,35.9,4,997.0
1267,Femme,26,Bac+5 ou plus,17,3,Construction,Employé,Temps complet,38.7,3,2115.0
1112,Homme,44,Bac+2,14,24,Administration publique,Profession intermédiaire,Temps complet,40.9,3,4110.0
575,Femme,36,Baccalauréat,12,18,Industrie,Employé,Temps complet,39.1,10,2301.0
224,Homme,38,Bac+3/4,15,17,Santé - action sociale,Cadre,Temps complet,36.5,8,3803.0
2391,Femme,46,Baccalauréat,12,28,Santé - action sociale,Employé,Temps complet,36.3,5,3797.0
403,Homme,32,Bac+5 ou plus,17,9,Services aux entreprises,Employé,Temps complet,36.2,9,2366.0
3120,Homme,23,CAP-BEP,10,7,Administration publique,Employé,Temps complet,34.0,4,
4932,Homme,35,Bac+2,14,15,Santé - action sociale,Profession intermédiaire,Temps complet,35.5,15,3187.0
3987,Femme,38,CAP-BEP,10,22,Administration publique,Employé,Temps partiel,28.3,1,2243.0
1786,Femme,30,Aucun diplôme,7,17,Industrie,Ouvrier,Temps complet,35.1,8,983.0
473,Femme,26,Aucun diplôme,7,13,Construction,Ouvrier,Temps complet,40.3,5,
2816,H,40,Aucun diplôme,7,27,Administration publique,Ouvrier,Temps complet,34.0,1,1540.0
4206,Femme,43,Bac+3/4,15,22,Industrie,Cadre,Temps complet,38.9,1,4084.0
3927,Homme,27,Aucun diplôme,7,14,Industrie,Ouvrier,Temps complet,34.0,7,1203.0
3558,Femme,20,Aucun diplôme,7,7,Santé - action sociale,Ouvrier,Temps complet,35.9,7,1584.0
3936,Femme,44,CAP-BEP,10,28,Services aux entreprises,Ouvrier,Temps complet,35.6,19,1701.0
774,Homme,26,CAP-BEP,10,10,Administration publique,Ouvrier,Temps partiel,22.0,10,
1184,Femme,34,CAP-BEP,10,18,Commerce,Employé,Temps complet,34.0,4,2266.0
2020,Femme,30,Bac+2,14,10,Administration publique,Profession intermédiaire,Temps complet,34.8,2,2445.0
4473,Femme,43,Bac+2,14,23,Enseignement,Employé,Temps complet,36.9,5,2448.0
4564,H,29,Bac+5 ou plus,17,6,Commerce,Employé,Temps complet,34.5,6,1567.0
4387,Femme,21,Aucun diplôme,7,8,Construction,Ouvrier,Temps complet,37.0,8,1556.0
4055,Femme,27,Bac+5 ou plus,17,4,Services aux entreprises,Employé,Temps complet,37.8,2,1623.0
152,Homme,20,Baccalauréat,12,2,Construction,Employé,Temps complet,36.5,2,1022.0
3616,Homme,27,Baccalauréat,12,9,Enseignement,Employé,Temps complet,37.5,6,4857.0
41,Homme,199,Aucun diplôme,7,12,Industrie,Ouvrier,Temps complet,37.6,4,867.0
953,Homme,20,Aucun diplôme,7,7,Santé - action sociale,Ouvrier,Temps complet,38.9,7,965.0
4466,Femme,38,Bac+3/4,15,17,Construction,Employé,Temps complet,40.9,7,25488.0
2268,Femme,28,Bac+5 ou plus,17,5,Administration publique,Cadre,Temps partiel,27.5,5,2873.0
4743,Femme,24,CAP-BEP,10,8,Santé - action sociale,Employé,Temps complet,35.5,8,
431,Femme,23,Aucun diplôme,7,10,Santé - action sociale,Ouvrier,Temps complet,35.3,4,1286.0
2065,Homme,46,CAP-BEP,10,30,Services aux entreprises,Employé,Temps complet,34.4,3,2770.0
3339,Homme,48,Bac+3/4,15,27,Services aux particuliers,Profession intermédiaire,Temps partiel,14.6,3,1093.0
2289,H,22,CAP-BEP,10,6,Construction,Ouvrier,Temps complet,40.6,6,1623.0
3284,Femme,29,Aucun diplôme,7,16,Construction,Ouvrier,Temps complet,39.1,5,1402.0
4827,Femme,31,Bac+2,14,11,Commerce,Employé,Temps complet,38.5,8,1965.0
3493,Femme,25,Aucun diplôme,7,12,Santé - action sociale,Ouvrier,Temps complet,38.1,12,1922.0
1091,Femme,18,Aucun diplôme,7,5,Santé - action sociale,Ouvrier,Temps complet,37.4,5,863.0
4362,Homme,29,Bac+3/4,15,8,Services aux particuliers,Profession intermédiaire,Temps complet,35.9,8,2822.0
264,Femme,36,CAP-BEP,10,20,Santé - action sociale,Ouvrier,Temps complet,36.6,2,939.0
4620,Femme,19,Aucun diplôme,7,6,Commerce,Ouvrier,Temps complet,37.7,3,1251.0
2938,Homme,30,Bac+2,14,10,Services aux particuliers,Employé,Temps complet,34.0,6,1771.0
2426,Femme,46,Aucun diplôme,7,33,Santé - action sociale,Ouvrier,Temps complet,34.8,19,1738.0
2698,Homme,31,Baccalauréat,12,13,Commerce,Employé,Temps complet,35.2,4,1381.0
3781,Homme,41,Baccalauréat,12,23,Commerce,Employé,Temps complet,34.5,10,2518.0
2961,Homme,39,Bac+3/4,15,18,Services aux particuliers,Cadre,Temps complet,35.3,5,4210.0
2847,Homme,43,Baccalauréat,12,25,Services aux entreprises,Employé,Temps complet,37.2,7,1809.0
3866,Femme,29,Baccalauréat,12,11,Services aux entreprises,Employé,Temps complet,42.8,9,2133.0
3893,Femme,41,Bac+2,14,21,Construction,Profession intermédiaire,Temps complet,36.4,4,2496.0
2856,Femme,32,Bac+2,14,12,Administration publique,Employé,Temps complet,34.0,3,1648.0
3334,Femme,22,CAP-BEP,10,6,Services aux entreprises,Ouvrier,Temps partiel,11.0,6,
2368,Femme,35,Aucun diplôme,7,22,Services aux particuliers,Ouvrier,Temps partiel,26.8,7,700.0
1919,F,53,Bac+5 ou plus,17,30,Industrie,Cadre,Temps complet,41.5,5,3892.0
630,Homme,30,CAP-BEP,10,14,Enseignement,Ouvrier,Temps complet,34.0,10,1437.0
1028,Femme,40,Bac+5 ou plus,17,17,Santé - action sociale,Cadre,Temps partiel,27.4,9,3712.0
1708,Femme,21,Aucun diplôme,7,8,Services aux entreprises,Ouvrier,Temps complet,35.5,3,1967.0
1733,Femme,63,Baccalauréat,12,45,Industrie,Employé,Temps partiel,20.5,8,1102.0
53,Homme,29,Aucun diplôme,7,16,Santé - action sociale,Ouvrier,Temps complet,40.4,9,1912.0
2119,Homme,23,Aucun diplôme,7,10,Enseignement,Ouvrier,Temps complet,37.2,8,
1054,Femme,30,CAP-BEP,10,14,Commerce,Ouvrier,Temps complet,35.0,14,979.0
4584,Femme,34,Bac+3/4,15,13,Santé - action sociale,Employé,Temps partiel,15.8,13,767.0
239,Homme,50,Bac+5 ou plus,17,27,Services aux particuliers,Profession intermédiaire,Temps complet,39.0,12,2893.0
2842,H,34,CAP-BEP,10,18,Services aux particuliers,Employé,Temps complet,40.6,9,
434,Homme,41,Baccalauréat,12,23,Industrie,Employé,Temps complet,37.2,7,3576.0
3743,Femme,34,Bac+5 ou plus,17,11,Commerce,Employé,Temps partiel,23.4,3,1550.0
2050,Homme,24,Baccalauréat,12,6,Construction,Employé,Temps complet,34.3,6,1664.0
141,Homme,28,Baccalauréat,12,10,Commerce,Employé,Temps complet,37.0,10,
514,Femme,28,Bac+3/4,15,7,Services aux entreprises,Employé,Temps complet,37.0,2,
1263,Homme,36,Bac+3/4,15,15,Santé - action sociale,Employé,Temps complet,36.6,15,2056.0
1400,Femme,48,CAP-BEP,10,32,Services aux particuliers,Ouvrier,Temps partiel,14.6,3,700.0
4583,H,25,Bac+3/4,15,4,Santé - action sociale,Employé,Temps complet,38.4,4,2238.0
4396,Homme,33,Bac+3/4,15,12,Services aux particuliers,Profession intermédiaire,Temps partiel,19.3,3,1351.0
3771,Homme,17,Aucun diplôme,7,4,Services aux particuliers,Ouvrier,Temps complet,36.1,4,1343.0
2343,Homme,22,CAP-BEP,10,6,Santé - action sociale,Ouvrier,Temps complet,39.1,6,1883.0
3453,Homme,27,Baccalauréat,12,9,Services aux particuliers,Employé,Temps complet,36.3,9,
1216,Femme,26,Baccalauréat,12,8,Enseignement,Employé,Temps complet,35.6,4,1992.0
2731,Homme,28,Baccalauréat,12,10,Construction,Employé,Temps complet,38.6,10,1940.0
788,Homme,36,Bac+5 ou plus,17,13,Services aux particuliers,Cadre,Temps complet,36.4,6,3618.0
2390,Femme,19,CAP-BEP,10,3,Commerce,Ouvrier,Temps complet,39.4,3,987.0
1847,Homme,32,Bac+2,14,12,Enseignement,Employé,Temps complet,34.6,2,2062.0
4546,Femme,26,Aucun diplôme,7,13,Services aux particuliers,Ouvrier,Temps partiel,21.3,6,700.0
3240,H,40,Baccalauréat,12,22,Industrie,Employé,Temps complet,38.4,3,4752.0
1474,Femme,31,CAP-BEP,10,15,Services aux particuliers,Ouvrier,Temps partiel,17.8,15,700.0
2656,Homme,33,Baccalauréat,12,15,Services aux entreprises,Employé,Temps complet,39.2,6,4650.0
3433,Femme,35,Bac+3/4,15,14,Administration publique,Employé,Temps complet,37.3,11,2296.0
3622,Homme,32,Bac+5 ou plus,17,9,Industrie,Profession intermédiaire,Temps complet,38.8,1,3327.0
2503,Homme,25,Aucun diplôme,7,12,Services aux particuliers,Ouvrier,Temps complet,41.3,3,2194.0
4657,Homme,40,Bac+5 ou plus,17,17,Enseignement,Profession intermédiaire,Temps complet,37.1,3,2552.0
145,Femme,53,Bac+5 ou plus,17,30,Santé - action sociale,Profession intermédiaire,Temps partiel,25.2,11,2039.0
2059,Femme,42,Bac+2,14,22,Commerce,Employé,Temps partiel,20.6,19,1008.0
916,Femme,26,CAP-BEP,10,10,Santé - action sociale,Ouvrier,Temps complet,34.8,2,993.0
1444,Femme,45,CAP-BEP,10,29,Santé - action sociale,Ouvrier,Temps partiel,24.2,15,958.0
847,Femme,44,Bac+3/4,15,23,Services aux entreprises,Cadre,Temps complet,39.3,3,66024.0
4532,H,33,Bac+5 ou plus,17,10,Commerce,Cadre,Temps complet,39.0,10,4952.0
2923,H,38,CAP-BEP,10,22,Administration publique,Ouvrier,Temps complet,36.9,4,
4169,Femme,36,Bac+2,14,16,Services aux entreprises,Profession intermédiaire,Temps complet,35.3,7,3846.0
3897,Homme,41,Bac+3/4,15,20,Services aux particuliers,Employé,Temps complet,36.5,2,1355.0
1503,Homme,27,Bac+5 ou plus,17,4,Services aux entreprises,Profession intermédiaire,Temps complet,37.9,3,2956.0
341,Homme,24,CAP-BEP,10,8,Industrie,Ouvrier,Temps complet,35.0,4,1979.0
4019,Femme,25,Aucun diplôme,7,12,Commerce,Ouvrier,Temps partiel,23.8,1,807.0
983,Femme,44,CAP-BEP,10,28,Services aux entreprises,Employé,Temps partiel,22.5,7,1581.0
3137,F,21,Aucun diplôme,7,8,Services aux particuliers,Ouvrier,Temps partiel,28.3,8,756.0
480,Homme,30,CAP-BEP,10,14,Construction,Ouvrier,Temps complet,36.0,14,2124.0
4890,Femme,40,Bac+5 ou plus,17,17,Services aux particuliers,Profession intermédiaire,Temps complet,34.4,11,2870.0
4833,Femme,30,Aucun diplôme,7,17,Industrie,Ouvrier,Temps complet,37.2,13,1214.0
2977,Femme,20,Aucun diplôme,7,7,Enseignement,Ouvrier,Temps complet,40.9,2,
3228,Femme,21,CAP-BEP,10,5,Santé - action sociale,Ouvrier,Temps complet,37.6,3,
1067,F,38,Bac+5 ou plus,17,15,Administration publique,Profession intermédiaire,Temps complet,34.0,11,2934.0
3699,Homme,32,Bac+2,14,12,Enseignement,Employé,Temps complet,38.6,7,2343.0
4956,Homme,27,CAP-BEP,10,11,Services aux entreprises,Ouvrier,Temps complet,37.4,6,1895.0
4670,Homme,34,Baccalauréat,12,16,Commerce,Employé,Temps complet,34.8,8,3180.0
1020,Homme,36,Bac+5 ou plus,17,13,Services aux particuliers,Cadre,Temps complet,39.1,2,3980.0
1321,Homme,30,Bac+5 ou plus,17,7,Commerce,Profession intermédiaire,Temps complet,40.8,7,3024.0
538,Femme,33,Bac+5 ou plus,17,10,Administration publique,Employé,Temps complet,38.9,7,2517.0
2405,Femme,35,Bac+2,14,15,Services aux particuliers,Employé,Temps complet,34.4,12,1411.0
1617,Femme,29,Bac+2,14,9,Industrie,Profession intermédiaire,Temps complet,36.8,4,5119.0
329,Homme,35,Bac+3/4,15,14,Santé - action sociale,Profession intermédiaire,Temps complet,37.3,2,2705.0
3244,Homme,34,Aucun diplôme,7,21,Administration publique,Ouvrier,Temps complet,35.0,6,1257.0
3082,H,27,Baccalauréat,12,9,Services aux particuliers,Employé,Temps complet,36.3,1,1372.0
4383,Homme,18,CAP-BEP,10,2,Commerce,Ouvrier,Temps complet,37.0,2,1281.0
2932,Homme,26,Baccalauréat,12,8,Construction,Employé,Temps complet,39.5,5,2577.0
3141,Homme,36,Bac+2,14,16,Commerce,Employé,Temps complet,39.7,12,1967.0
4018,Homme,34,Aucun diplôme,7,21,Commerce,Ouvrier,Temps complet,34.7,9,1083.0
3250,Femme,37,Bac+2,14,17,Construction,Profession intermédiaire,Temps complet,35.2,4,5133.0
4528,F,28,Bac+2,14,8,Services aux particuliers,Employé,Temps complet,39.0,2,2479.0
3230,Homme,29,CAP-BEP,10,13,Santé - action sociale,Ouvrier,Temps partiel,23.5,13,973.0
3754,Homme,45,Aucun diplôme,7,32,Services aux entreprises,Ouvrier,Temps complet,34.0,3,1271.0
1654,Femme,46,Bac+3/4,15,25,Services aux particuliers,Profession intermédiaire,Temps complet,36.9,18,3284.0
2420,Homme,36,Baccalauréat,12,18,Santé - action sociale,Employé,Temps complet,39.4,1,2384.0
185,Femme,27,CAP-BEP,10,11,Santé - action sociale,Ouvrier,Temps complet,40.0,9,1373.0
3948,Homme,43,Baccalauréat,12,25,Construction,Employé,Temps complet,38.0,5,3708.0
1662,Homme,31,Bac+3/4,15,10,Administration publique,Profession intermédiaire,Temps complet,38.3,10,2718.0
4506,Femme,23,CAP-BEP,10,7,Services aux entreprises,Ouvrier,Temps complet,37.6,7,1639.0
1638,Homme,34,Bac+3/4,15,13,Services aux particuliers,Profession intermédiaire,Temps complet,35.3,5,3003.0
4601,Homme,26,CAP-BEP,10,10,Santé - action sociale,Ouvrier,Temps complet,38.2,10,1586.0
883,Homme,36,Aucun diplôme,7,23,Services aux entreprises,Ouvrier,Temps complet,34.0,11,1853.0
4126,Femme,28,CAP-BEP,10,12,Enseignement,Ouvrier,Temps partiel,16.8,4,864.0
4253,Femme,27,Bac+3/4,15,6,Santé - action sociale,Employé,Temps complet,38.2,6,1914.0
4851,Homme,16,Aucun diplôme,7,3,Services aux particuliers,Ouvrier,Temps complet,37.3,3,952.0
314,Femme,37,Bac+2,14,17,Administration publique,Employé,Temps complet,35.9,14,2324.0
2494,F,31,Bac+2,14,11,Construction,Employé,Temps complet,34.0,4,1636.0
3093,Homme,30,Bac+5 ou plus,17,7,Commerce,Employé,Temps complet,40.4,7,2000.0
1542,Femme,46,Bac+5 ou plus,17,23,Commerce,Profession intermédiaire,Temps complet,34.0,3,2977.0
2156,Femme,26,CAP-BEP,10,10,Santé - action sociale,Ouvrier,Temps complet,36.7,8,1258.0
3959,Homme,36,Baccalauréat,12,18,Services aux entreprises,Employé,Temps complet,35.9,7,2673.0
3677,Femme,22,Aucun diplôme,7,9,Santé - action sociale,Ouvrier,Temps complet,35.4,4,829.0
3485,Homme,36,Bac+3/4,15,15,Services aux entreprises,Employé,Temps complet,38.6,2,1542.0
3184,Homme,26,Aucun diplôme,7,13,Santé - action sociale,Ouvrier,Temps complet,34.0,8,1604.0
659,Homme,33,Bac+2,14,13,Santé - action sociale,Profession intermédiaire,Temps complet,36.2,6,3074.0
1626,Homme,40,CAP-BEP,10,24,Enseignement,Ouvrier,Temps complet,36.8,6,1586.0
2645,Femme,28,Bac+2,14,8,Industrie,Employé,Temps complet,39.7,8,2523.0
2483,Homme,22,CAP-BEP,10,6,Enseignement,Ouvrier,Temps complet,38.4,6,1364.0
1367,H,26,Bac+3/4,15,5,Construction,Profession intermédiaire,Temps complet,35.6,5,2477.0
674,Femme,24,CAP-BEP,10,8,Services aux particuliers,Ouvrier,Temps complet,35.4,3,915.0
4634,Femme,25,Baccalauréat,12,7,Services aux particuliers,Employé,Temps complet,39.2,7,2267.0
3514,Femme,24,CAP-BEP,10,8,Construction,Ouvrier,Temps complet,34.0,3,1696.0
2858,Homme,33,Baccalauréat,12,15,Services aux entreprises,Employé,Temps complet,37.3,6,2350.0
1289,Homme,30,CAP-BEP,10,14,Industrie,Ouvrier,Temps complet,39.6,6,1343.0
509,Femme,31,CAP-BEP,10,15,Santé - action sociale,Ouvrier,Temps complet,39.1,5,2320.0
3810,Homme,49,CAP-BEP,10,33,Commerce,Ouvrier,Temps complet,39.5,2,2237.0
1297,Femme,58,Aucun diplôme,7,45,Santé - action sociale,Ouvrier,Temps complet,37.1,8,1462.0
4103,Homme,38,Bac+2,14,18,Administration publique,Profession intermédiaire,Temps complet,35.9,1,3814.0
1505,Femme,18,Aucun diplôme,7,5,Commerce,Ouvrier,Temps complet,34.0,5,1652.0
556,H,33,CAP-BEP,10,17,Industrie,Employé,Temps complet,35.0,11,
827,Femme,32,CAP-BEP,10,16,Administration publique,Ouvrier,Temps partiel,23.1,9,1093.0
4017,Homme,31,Bac+5 ou plus,17,8,Enseignement,Cadre,Temps partiel,21.0,8,2308.0
360,Homme,25,Baccalauréat,12,7,Enseignement,Employé,Temps complet,35.5,4,4074.0
4244,Homme,56,Baccalauréat,12,38,Services aux particuliers,Employé,Temps complet,34.1,16,2856.0
3399,Femme,30,Baccalauréat,12,12,Administration publique,Employé,Temps complet,40.6,4,4165.0
1992,Homme,32,Bac+5 ou plus,17,9,Services aux entreprises,Profession intermédiaire,Temps complet,34.7,9,2629.0
710,Homme,39,Bac+5 ou plus,17,16,Services aux particuliers,Employé,Temps partiel,20.2,16,1253.0
1438,Femme,34,Baccalauréat,12,16,Construction,Employé,Temps complet,34.0,16,2326.0
3599,Homme,34,CAP-BEP,10,18,Administration publique,Ouvrier,Temps complet,35.8,11,2178.0
2553,Femme,27,CAP-BEP,10,11,Services aux entreprises,Ouvrier,Temps complet,34.1,3,1262.0
3540,Homme,32,Aucun diplôme,7,19,Enseignement,Ouvrier,Temps complet,37.7,11,1424.0
2953,Femme,54,CAP-BEP,10,38,Santé - action sociale,Ouvrier,Temps complet,37.6,3,2051.0
2083,Homme,30,CAP-BEP,10,14,Administration publique,Employé,Temps complet,34.0,8,2313.0
184,Homme,45,Bac+3/4,15,24,Enseignement,Cadre,Temps complet,36.6,2,5612.0
4074,Homme,26,Aucun diplôme,7,13,Industrie,Ouvrier,Temps complet,40.9,9,1714.0
3434,H,24,CAP-BEP,10,8,Construction,Ouvrier,Temps complet,34.0,2,1508.0
3727,Homme,30,Bac+5 ou plus,17,7,Santé - action sociale,Employé,Temps complet,34.8,7,1759.0
4494,Homme,46,Aucun diplôme,7,33,Services aux particuliers,Ouvrier,Temps complet,37.2,3,1723.0
3185,Femme,35,Bac+5 ou plus,17,12,Santé - action sociale,Employé,Temps partiel,17.4,2,1047.0
1232,Homme,21,CAP-BEP,10,5,Services aux particuliers,Ouvrier,Temps complet,37.7,4,1413.0
4254,Femme,35,Baccalauréat,12,17,Administration publique,Employé,Temps complet,36.0,8,2258.0
3033,Femme,26,CAP-BEP,10,10,Commerce,Ouvrier,Temps complet,41.1,3,1280.0
1135,Femme,32,Bac+2,14,12,Industrie,Employé,Temps partiel,22.5,12,1182.0
4999,Femme,21,Aucun diplôme,7,8,Commerce,Ouvrier,Temps complet,35.5,4,774.0
1046,Homme,31,Bac+3/4,15,10,Commerce,Cadre,Temps complet,37.5,1,
153,Femme,24,Bac+3/4,15,3,Santé - action sociale,Cadre,Temps complet,36.5,3,4174.0
3757,Homme,27,Aucun diplôme,7,14,Commerce,Ouvrier,Temps complet,40.0,5,1641.0
3130,Femme,27,Aucun diplôme,7,14,Services aux entreprises,Ouvrier,Temps complet,36.6,1,1992.0
401,Femme,29,Bac+2,14,9,Services aux entreprises,Employé,Temps complet,34.0,9,1287.0
1394,Homme,36,Bac+3/4,15,15,Commerce,Employé,Temps complet,36.4,4,2444.0
4829,Femme,31,Bac+5 ou plus,17,8,Administration publique,Employé,Temps complet,40.6,8,2219.0
1477,Femme,23,Bac+2,14,3,Industrie,Profession intermédiaire,Temps complet,34.0,3,2634.0
1533,Femme,21,Aucun diplôme,7,8,Administration publique,Ouvrier,Temps complet,35.4,8,958.0
747,Homme,34,Bac+5 ou plus,17,11,Services aux entreprises,Profession intermédiaire,Temps complet,42.4,10,3579.0
2680,Femme,30,Bac+3/4,15,9,Industrie,Employé,Temps complet,37.5,5,1542.0
2956,Femme,39,CAP-BEP,10,23,Industrie,Ouvrier,Temps complet,37.9,11,1675.0
4649,Homme,35,Bac+5 ou plus,17,12,Services aux particuliers,Cadre,Temps complet,34.3,3,3628.0
3074,Homme,21,CAP-BEP,10,5,Services aux particuliers,Ouvrier,Temps complet,36.8,5,992.0
4881,Femme,32,Bac+3/4,15,11,Santé - action sociale,Employé,Temps partiel,15.6,11,778.0
1874,Femme,23,CAP-BEP,10,7,Commerce,Employé,Temps complet,37.2,7,2351.0
3867,Femme,35,Bac+2,14,15,Services aux particuliers,Employé,Temps partiel,25.0,10,1268.0
4243,Femme,35,Bac+3/4,15,14,Industrie,Employé,Temps complet,38.1,9,2170.0
1107,H,19,CAP-BEP,10,3,Administration publique,Ouvrier,Temps complet,34.7,3,1297.0
2590,Homme,31,Baccalauréat,12,13,Administration publique,Employé,Temps complet,43.4,1,3314.0
2980,Femme,23,Bac+3/4,15,2,Services aux entreprises,Employé,Temps complet,36.5,2,2076.0
215,Homme,34,Bac+3/4,15,13,Industrie,Cadre,Temps complet,36.6,1,3381.0
3324,Femme,24,CAP-BEP,10,8,Services aux particuliers,Ouvrier,Temps complet,41.1,8,1874.0
3617,Femme,17,Aucun diplôme,7,4,Industrie,Ouvrier,Temps partiel,26.4,1,902.0
1797,H,21,Baccalauréat,12,3,Enseignement,Employé,Temps complet,38.8,3,1246.0
3499,H,28,Bac+3/4,15,7,Industrie,Employé,Temps complet,37.3,7,1994.0
2480,Homme,30,Baccalauréat,12,12,Services aux entreprises,Employé,Temps complet,38.4,12,3157.0
181,F,26,CAP-BEP,10,10,Services aux entreprises,Ouvrier,Temps complet,40.5,2,1561.0
2734,Femme,35,Bac+3/4,15,14,Industrie,Cadre,Temps complet,35.5,5,3644.0
1960,Homme,35,CAP-BEP,10,19,Commerce,Ouvrier,Temps complet,34.5,9,1696.0
3379,Femme,31,Bac+2,14,11,Santé - action sociale,Employé,Temps complet,35.1,6,2264.0
4022,Homme,32,CAP-BEP,10,16,Services aux particuliers,Ouvrier,Temps complet,35.3,16,1609.0
4983,Femme,32,Bac+2,14,12,Construction,Employé,Temps partiel,23.4,12,1369.0
3403,F,23,CAP-BEP,10,7,Industrie,Ouvrier,Temps complet,36.1,5,863.0
4791,Femme,34,Bac+5 ou plus,17,11,Industrie,Employé,Temps partiel,14.9,11,909.0
169,Homme,36,CAP-BEP,10,20,Industrie,Employé,Temps complet,37.8,1,2843.0
3321,H,33,Baccalauréat,12,15,Industrie,Employé,Temps complet,36.0,7,1544.0
3792,Homme,28,Bac+2,14,8,Services aux entreprises,Profession intermédiaire,Temps complet,37.3,6,
4976,Homme,29,CAP-BEP,10,13,Commerce,Ouvrier,Temps complet,35.2,1,2079.0
2706,Femme,24,Aucun diplôme,7,11,Industrie,Ouvrier,Temps complet,38.5,11,2157.0
2899,Femme,29,Bac+2,14,9,Administration publique,Profession intermédiaire,Temps complet,35.7,3,4088.0
3458,F,32,Aucun diplôme,7,19,Construction,Ouvrier,Temps complet,35.2,7,2119.0
2625,Femme,27,Baccalauréat,12,9,Commerce,Employé,Temps complet,34.0,9,1262.0
2661,F,25,Baccalauréat,12,7,Services aux particuliers,Employé,Temps partiel,20.8,5,1298.0
1388,Femme,29,Baccalauréat,12,11,Commerce,Employé,Temps complet,35.9,11,2220.0
2280,Homme,18,Aucun diplôme,7,5,Santé - action sociale,Ouvrier,Temps complet,40.7,5,1647.0
1616,Homme,27,CAP-BEP,10,11,Enseignement,Employé,Temps complet,34.0,9,2169.0
3807,Femme,35,Baccalauréat,12,17,Services aux entreprises,Employé,Temps complet,40.9,1,2416.0
4602,Femme,31,Bac+3/4,15,10,Santé - action sociale,Profession intermédiaire,Temps complet,39.6,10,
4192,Homme,28,Baccalauréat,12,10,Administration publique,Employé,Temps complet,41.0,4,
2433,H,31,Baccalauréat,12,13,Santé - action sociale,Employé,Temps complet,37.0,10,1528.0
4678,Homme,32,Baccalauréat,12,14,Construction,Employé,Temps complet,38.7,1,1666.0
616,F,22,CAP-BEP,10,6,Industrie,Ouvrier,Temps complet,35.8,6,1734.0
1949,Homme,27,Bac+3/4,15,6,Services aux entreprises,Profession intermédiaire,Temps complet,35.0,4,2593.0
3747,Homme,54,Bac+3/4,15,33,Administration publique,Employé,Temps complet,35.8,11,2145.0
321,Femme,31,Aucun diplôme,7,18,Services aux particuliers,Ouvrier,Temps complet,39.8,4,1345.0
3469,Homme,43,Baccalauréat,12,25,Industrie,Employé,Temps complet,34.0,7,1940.0
1340,Homme,27,Bac+5 ou plus,17,4,Services aux particuliers,Cadre,Temps complet,35.3,3,4285.0
31,Homme,39,CAP-BEP,10,23,Services aux entreprises,Ouvrier,Temps complet,38.9,7,2121.0
676,Femme,38,Bac+5 ou plus,17,15,Enseignement,Profession intermédiaire,Temps complet,35.5,7,2896.0
3914,Femme,40,Bac+3/4,15,19,Services aux entreprises,Employé,Temps complet,36.2,19,1908.0
3748,Homme,28,Baccalauréat,12,10,Services aux entreprises,Employé,Temps complet,38.6,10,3985.0
657,Femme,29,Baccalauréat,12,11,Construction,Employé,Temps partiel,18.5,11,858.0
4032,Femme,24,Bac+2,14,4,Santé - action sociale,Profession intermédiaire,Temps complet,37.3,4,3209.0
4614,Homme,25,Bac+3/4,15,4,Administration publique,Employé,Temps complet,36.9,4,1806.0
4111,H,31,Bac+5 ou plus,17,8,Administration publique,Profession intermédiaire,Temps complet,37.4,6,3220.0
978,Femme,21,Aucun diplôme,7,8,Services aux entreprises,Ouvrier,Temps complet,36.7,6,1931.0
364,Homme,26,CAP-BEP,10,10,Services aux entreprises,Ouvrier,Temps complet,35.2,10,1599.0
1681,Femme,21,CAP-BEP,10,5,Commerce,Ouvrier,Temps complet,40.7,5,2525.0
1541,Femme,27,Bac+3/4,15,6,Industrie,Profession intermédiaire,Temps complet,34.0,5,2891.0
3258,Femme,26,Baccalauréat,12,8,Santé - action sociale,Employé,Temps complet,39.6,8,2565.0
2701,Femme,55,Bac+2,14,35,Industrie,Profession intermédiaire,Temps complet,34.0,7,2738.0
1114,Homme,32,CAP-BEP,10,16,Services aux entreprises,Employé,Temps complet,35.7,2,2985.0
409,H,29,Bac+5 ou plus,17,6,Services aux entreprises,Cadre,Temps complet,40.1,1,4744.0
3047,Femme,35,Baccalauréat,12,17,Services aux entreprises,Employé,Temps partiel,20.1,7,1385.0
2699,Homme,28,Bac+3/4,15,7,Commerce,Cadre,Temps complet,37.1,7,3611.0
1283,Homme,29,Aucun diplôme,7,16,Services aux particuliers,Ouvrier,Temps complet,35.1,5,1356.0
536,Femme,24,CAP-BEP,10,8,Enseignement,Ouvrier,Temps complet,35.0,1,1265.0
3592,Femme,24,CAP-BEP,10,8,Construction,Ouvrier,Temps complet,34.2,2,1181.0
3242,Homme,25,CAP-BEP,10,9,Services aux entreprises,Employé,Temps partiel,20.7,2,2464.0
1873,Homme,30,CAP-BEP,10,14,Commerce,Ouvrier,Temps complet,34.0,5,1855.0
1452,H,27,Bac+2,14,7,Commerce,Profession intermédiaire,Temps partiel,11.5,3,869.0
4033,Homme,26,Bac+3/4,15,5,Santé - action sociale,Employé,Temps complet,34.3,5,1437.0
2077,Femme,41,Bac+2,14,21,Industrie,Profession intermédiaire,Temps partiel,15.1,4,1101.0
2205,Femme,46,Bac+5 ou plus,17,23,Enseignement,Cadre,Temps complet,37.2,2,3884.0
2291,Femme,27,Bac+2,14,7,Santé - action sociale,Employé,Temps complet,34.0,7,2107.0
4402,Homme,33,Bac+3/4,15,12,Services aux particuliers,Employé,Temps complet,41.0,5,2035.0
4366,F,50,Bac+2,14,30,Administration publique,Profession intermédiaire,Temps partiel,17.0,5,2568.0
4951,Femme,38,Aucun diplôme,7,25,Industrie,Ouvrier,Temps complet,39.0,14,1543.0
62,Homme,34,Bac+3/4,15,13,Services aux entreprises,Cadre,Temps complet,34.0,7,5063.0
1614,F,42,CAP-BEP,10,26,Enseignement,Ouvrier,Temps partiel,23.5,8,1100.0
256,Homme,31,Bac+2,14,11,Industrie,Profession intermédiaire,Temps complet,35.6,7,2658.0
3841,Homme,26,CAP-BEP,10,10,Services aux entreprises,Ouvrier,Temps complet,36.0,5,1986.0
1525,Homme,39,Bac+5 ou plus,17,16,Services aux entreprises,Profession intermédiaire,Temps complet,38.7,16,3271.0
4294,Homme,31,Aucun diplôme,7,18,Commerce,Ouvrier,Temps complet,34.6,8,2007.0
3865,H,38,Bac+5 ou plus,17,15,Santé - action sociale,Employé,Temps complet,34.0,9,2231.0
2233,Homme,40,Bac+5 ou plus,17,17,Services aux particuliers,Profession intermédiaire,Temps partiel,26.6,7,2054.0
226,Femme,40,Bac+2,14,20,Industrie,Employé,Temps complet,34.0,1,2152.0
2387,F,24,Aucun diplôme,7,11,Administration publique,Ouvrier,Temps complet,42.0,10,1601.0
2,Homme,35,Aucun diplôme,7,22,Services aux entreprises,Ouvrier,Temps complet,35.4,15,1191.0
3862,Femme,26,CAP-BEP,10,10,Services aux entreprises,Ouvrier,Temps complet,34.0,5,2133.0
344,Homme,29,Bac+2,14,9,Administration publique,Employé,Temps complet,36.9,9,2303.0
3158,Femme,30,CAP-BEP,10,14,Administration publique,Ouvrier,Temps partiel,17.5,11,700.0
4360,Homme,26,CAP-BEP,10,10,Administration publique,Ouvrier,Temps complet,41.1,3,2363.0
3916,Homme,45,Bac+5 ou plus,17,22,Santé - action sociale,Cadre,Temps complet,38.5,11,4014.0
1524,H,37,Bac+5 ou plus,17,14,Santé - action sociale,Profession intermédiaire,Temps complet,37.6,14,2676.0
4361,F,32,Bac+2,14,12,Santé - action sociale,Employé,Temps partiel,23.8,2,1630.0
1819,Femme,31,Bac+2,14,11,Santé - action sociale,Employé,Temps complet,35.0,1,1685.0
137,Femme,39,Bac+5 ou plus,17,16,Commerce,Profession intermédiaire,Temps complet,35.6,9,2441.0
4664,H,36,Bac+5 ou plus,17,13,Industrie,Profession intermédiaire,Temps complet,38.8,1,3367.0
3513,Femme,31,Bac+2,14,11,Commerce,Profession intermédiaire,Temps partiel,23.2,11,1907.0
4872,F,30,Baccalauréat,12,12,Construction,Employé,Temps complet,34.0,12,1223.0
1231,Homme,26,CAP-BEP,10,10,Construction,Ouvrier,Temps complet,38.0,3,1521.0
134,Femme,39,Baccalauréat,12,21,Commerce,Employé,Temps partiel,23.7,15,1293.0
8,Femme,30,Bac+2,14,10,Industrie,Employé,Temps complet,37.8,6,2286.0
4727,Femme,26,Bac+3/4,15,5,Santé - action sociale,Cadre,Temps complet,35.3,3,3697.0
2251,Homme,31,Bac+5 ou plus,17,8,Industrie,Cadre,Temps complet,34.7,8,7401.0
2216,Femme,18,Aucun diplôme,7,5,Services aux particuliers,Ouvrier,Temps complet,34.0,5,872.0
4544,Homme,30,Bac+5 ou plus,17,7,Enseignement,Employé,Temps complet,37.6,7,2270.0
4966,Femme,26,Aucun diplôme,7,13,Administration publique,Ouvrier,Temps complet,39.5,7,1415.0
4112,Femme,32,CAP-BEP,10,16,Industrie,Employé,Temps complet,40.0,15,2556.0
1102,Femme,37,Bac+5 ou plus,17,14,Construction,Employé,Temps partiel,27.0,3,1835.0
2384,Femme,56,Bac+5 ou plus,17,33,Services aux entreprises,Profession intermédiaire,Temps complet,36.8,14,3247.0
173,Femme,24,Baccalauréat,12,6,Commerce,Employé,Temps partiel,21.1,6,1337.0
3778,Femme,51,Bac+2,14,31,Services aux entreprises,Profession intermédiaire,Temps complet,39.0,2,
483,Homme,38,Bac+3/4,15,17,Administration publique,Profession intermédiaire,Temps partiel,17.8,6,1442.0
713,Femme,34,Baccalauréat,12,16,Administration publique,Employé,Temps partiel,15.5,16,872.0
1152,Femme,35,CAP-BEP,10,19,Enseignement,Ouvrier,Temps partiel,21.8,10,745.0
1839,Femme,25,Aucun diplôme,7,12,Santé - action sociale,Ouvrier,Temps partiel,22.7,6,993.0
359,Homme,40,Bac+3/4,15,19,Enseignement,Profession intermédiaire,Temps complet,37.4,5,3407.0
3609,Femme,23,Baccalauréat,12,5,Enseignement,Employé,Temps complet,40.5,5,1662.0
267,Femme,28,Bac+2,14,8,Services aux entreprises,Profession intermédiaire,Temps complet,35.2,8,
471,Femme,37,Bac+2,14,17,Industrie,Profession intermédiaire,Temps complet,34.9,3,3703.0
3163,Homme,31,Aucun diplôme,7,18,Services aux entreprises,Ouvrier,Temps complet,34.0,18,1700.0
13,Femme,41,Aucun diplôme,7,28,Industrie,Ouvrier,Temps complet,36.4,3,2096.0
4290,Homme,24,Aucun diplôme,7,11,Industrie,Ouvrier,Temps complet,34.0,5,937.0
797,Femme,31,CAP-BEP,10,15,Administration publique,Employé,Temps complet,34.0,3,2334.0
4788,Femme,38,Aucun diplôme,7,25,Industrie,Ouvrier,Temps complet,35.4,12,1569.0
1025,Femme,31,CAP-BEP,10,15,Services aux entreprises,Ouvrier,Temps complet,36.5,7,2035.0
2471,Femme,63,Bac+5 ou plus,17,40,Enseignement,Profession intermédiaire,Temps complet,36.4,5,2607.0
4378,Femme,37,Aucun diplôme,7,24,Services aux particuliers,Ouvrier,Temps partiel,14.4,4,700.0
4918,Homme,60,Baccalauréat,12,42,Services aux entreprises,Employé,Temps complet,34.0,7,2226.0
4787,Femme,32,Baccalauréat,12,14,Santé - action sociale,Employé,Temps complet,38.1,11,2037.0
450,Homme,22,Aucun diplôme,7,9,Enseignement,Ouvrier,Temps complet,35.9,3,1496.0
854,Homme,33,Baccalauréat,12,15,Services aux entreprises,Employé,Temps complet,35.8,15,1778.0
2633,F,33,Bac+3/4,15,12,Industrie,Profession intermédiaire,Temps complet,39.6,12,3114.0
849,Femme,28,Baccalauréat,12,10,Commerce,Employé,Temps partiel,25.2,4,993.0
2325,Homme,28,CAP-BEP,10,12,Services aux entreprises,Ouvrier,Temps complet,37.0,12,1969.0
3811,Femme,38,Bac+3/4,15,17,Construction,Employé,Temps complet,35.0,13,1602.0
2374,F,33,Bac+2,14,13,Administration publique,Employé,Temps partiel,27.6,10,1606.0
2892,Femme,32,Bac+3/4,15,11,Commerce,Employé,Temps complet,34.0,7,1476.0
3390,H,32,Bac+5 ou plus,17,9,Services aux entreprises,Cadre,Temps complet,34.0,4,3745.0
2187,Femme,27,Baccalauréat,12,9,Services aux entreprises,Employé,Temps complet,34.9,9,2914.0
751,Homme,25,Baccalauréat,12,7,Industrie,Employé,Temps complet,37.5,7,1957.0
4449,Femme,35,Bac+5 ou plus,17,12,Enseignement,Profession intermédiaire,Temps complet,34.0,10,2355.0
3882,F,34,Bac+2,14,14,Construction,Employé,Temps partiel,23.9,3,1305.0
1483,Homme,27,Bac+2,14,7,Santé - action sociale,Employé,Temps complet,36.9,7,2141.0
22,Femme,21,CAP-BEP,10,5,Services aux entreprises,Ouvrier,Temps partiel,23.3,5,881.0
4145,Femme,43,Bac+3/4,15,22,Services aux entreprises,Profession intermédiaire,Temps complet,35.8,11,2826.0
1631,H,28,Aucun diplôme,7,15,Industrie,Ouvrier,Temps complet,34.0,13,1291.0
3279,Femme,53,Bac+3/4,15,32,Services aux entreprises,Employé,Temps complet,38.9,3,2636.0
772,H,52,CAP-BEP,10,36,Construction,Employé,Temps complet,38.7,2,2557.0
1964,H,36,CAP-BEP,10,20,Commerce,Ouvrier,Temps complet,38.3,15,1566.0
4781,Femme,41,Bac+5 ou plus,17,18,Santé - action sociale,Profession intermédiaire,Temps complet,34.0,1,3035.0
2538,Homme,38,Bac+3/4,15,17,Industrie,Employé,Temps complet,35.5,11,1928.0
3678,Femme,38,Aucun diplôme,7,25,Services aux entreprises,Ouvrier,Temps complet,37.9,2,865.0
3063,Femme,26,CAP-BEP,10,10,Services aux particuliers,Ouvrier,Temps partiel,32.8,6,813.0
4790,Femme,32,Aucun diplôme,7,19,Santé - action sociale,Ouvrier,Temps partiel,23.2,5,700.0
4738,Femme,31,Aucun diplôme,7,18,Industrie,Ouvrier,Temps partiel,26.4,7,1055.0
4423,Homme,21,Baccalauréat,12,3,Construction,Employé,Temps complet,34.0,2,2767.0
2754,F,25,Aucun diplôme,7,12,Services aux entreprises,Ouvrier,Temps complet,36.7,12,1131.0
3338,Femme,32,Bac+2,14,12,Commerce,Employé,Temps partiel,18.1,11,700.0
2324,Homme,27,CAP-BEP,10,11,Construction,Ouvrier,Temps complet,40.3,11,1265.0
4394,Femme,24,Baccalauréat,12,6,Services aux particuliers,Employé,Temps complet,34.4,3,1016.0
1117,Femme,28,CAP-BEP,10,12,Administration publique,Ouvrier,Temps partiel,24.7,3,987.0
2623,Femme,36,Bac+3/4,15,15,Industrie,Cadre,Temps complet,40.1,4,3673.0
2159,Femme,48,Bac+2,14,28,Industrie,Employé,Temps complet,42.5,4,2845.0
4265,Femme,27,Bac+5 ou plus,17,4,Santé - action sociale,Profession intermédiaire,Temps partiel,25.0,2,1819.0
3741,Homme,25,Aucun diplôme,7,12,Services aux particuliers,Ouvrier,Temps complet,37.7,10,946.0
2226,Femme,40,Bac+3/4,15,19,Industrie,Cadre,Temps partiel,17.5,12,2133.0
949,Homme,50,Baccalauréat,12,32,Santé - action sociale,Employé,Temps complet,38.1,2,2313.0
3080,Femme,34,Aucun diplôme,7,21,Commerce,Ouvrier,Temps complet,39.7,16,1416.0
1935,Homme,28,Baccalauréat,12,10,Administration publique,Employé,Temps complet,34.0,3,2244.0
1762,Homme,31,CAP-BEP,10,15,Construction,Ouvrier,Temps complet,34.0,12,1237.0
4346,Femme,32,Bac+2,14,12,Industrie,Profession intermédiaire,Temps complet,34.0,12,2940.0
3888,Homme,33,Bac+3/4,15,12,Santé - action sociale,Profession intermédiaire,Temps complet,34.8,10,2653.0
929,Femme,34,CAP-BEP,10,18,Commerce,Ouvrier,Temps partiel,21.6,14,700.0
4415,Homme,28,CAP-BEP,10,12,Industrie,Employé,Temps complet,34.9,11,2398.0
4820,Homme,40,CAP-BEP,10,24,Services aux entreprises,Employé,Temps complet,40.3,3,3824.0
2237,Homme,28,Bac+3/4,15,7,Construction,Cadre,Temps complet,35.7,6,4435.0
3384,Homme,34,Baccalauréat,12,16,Santé - action sociale,Employé,Temps complet,36.3,16,2189.0
3123,F,38,Baccalauréat,12,20,Services aux entreprises,Employé,Temps complet,40.6,11,2410.0
1920,Femme,29,Baccalauréat,12,11,Administration publique,Employé,Temps complet,35.3,7,3938.0
2554,Homme,49,Bac+5 ou plus,17,26,Services aux entreprises,Cadre,Temps complet,37.6,12,4409.0
510,Femme,32,Bac+2,14,12,Services aux entreprises,Employé,Temps partiel,14.3,9,732.0
4783,H,40,Bac+5 ou plus,17,17,Industrie,Cadre,Temps complet,38.7,3,4655.0
2826,Femme,25,CAP-BEP,10,9,Services aux particuliers,Ouvrier,Temps complet,37.8,4,1204.0
4523,Femme,34,Baccalauréat,12,16,Services aux entreprises,Employé,Temps complet,35.5,3,2486.0
127,Femme,51,Bac+5 ou plus,17,28,Enseignement,Employé,Temps partiel,20.1,9,1346.0
3474,H,31,Bac+2,14,11,Santé - action sociale,Employé,Temps complet,36.6,4,2157.0
4634,Femme,25,Baccalauréat,12,7,Services aux particuliers,Employé,Temps complet,39.2,7,2267.0
964,Femme,35,Baccalauréat,12,17,Industrie,Employé,Temps complet,35.8,7,2236.0
771,Homme,22,Aucun diplôme,7,9,Santé - action sociale,Ouvrier,Temps complet,38.4,8,1510.0
2491,F,42,Bac+5 ou plus,17,19,Construction,Profession intermédiaire,Temps complet,36.8,4,
232,Homme,29,Baccalauréat,12,11,Commerce,Employé,Temps complet,35.8,6,2970.0
3842,Homme,20,Aucun diplôme,7,7,Industrie,Ouvrier,Temps complet,36.7,7,1274.0
4336,Homme,21,CAP-BEP,10,5,Enseignement,Employé,Temps complet,36.0,5,2268.0
2913,Femme,26,Bac+2,14,6,Commerce,Employé,Temps complet,34.9,4,1077.0
2465,Femme,36,Baccalauréat,12,18,Services aux entreprises,Employé,Temps partiel,25.0,16,1423.0
1271,Homme,28,Aucun diplôme,7,15,Administration publique,Ouvrier,Temps complet,36.6,6,1072.0
286,H,50,Bac+2,14,30,Santé - action sociale,Profession intermédiaire,Temps complet,37.2,18,2987.0
2466,Homme,32,Aucun diplôme,7,19,Commerce,Ouvrier,Temps complet,38.2,15,1404.0
441,Femme,63,Baccalauréat,12,45,Construction,Employé,Temps complet,39.3,9,3371.0
961,Femme,31,Aucun diplôme,7,18,Commerce,Ouvrier,Temps complet,34.6,5,1036.0
1660,Femme,31,Bac+2,14,11,Construction,Employé,Temps complet,34.0,3,1598.0
547,Femme,40,Bac+5 ou plus,17,17,Santé - action sociale,Cadre,Temps complet,34.0,3,3982.0
2986,F,20,CAP-BEP,10,4,Services aux entreprises,Ouvrier,Temps complet,35.4,4,1389.0
2462,Homme,30,CAP-BEP,10,14,Administration publique,Ouvrier,Temps complet,35.0,8,2169.0
4416,Femme,21,CAP-BEP,10,5,Industrie,Ouvrier,Temps complet,34.0,5,1200.0
2955,H,27,Bac+3/4,15,6,Industrie,Profession intermédiaire,Temps complet,39.2,6,
3026,Homme,34,Baccalauréat,12,16,Services aux entreprises,Employé,Temps complet,41.9,11,1824.0
3716,F,34,Bac+3/4,15,13,Commerce,Employé,Temps partiel,20.1,8,1113.0
1352,Femme,31,CAP-BEP,10,15,Enseignement,Employé,Temps partiel,25.0,9,1913.0
3561,Homme,27,Bac+3/4,15,6,Construction,Cadre,Temps complet,36.9,6,
1122,Homme,33,Aucun diplôme,7,20,Santé - action sociale,Ouvrier,Temps complet,37.3,3,1209.0
4856,Homme,36,Bac+3/4,15,15,Services aux entreprises,Cadre,Temps complet,37.1,13,6650.0
817,Femme,26,Bac+2,14,6,Services aux particuliers,Employé,Temps complet,36.4,5,1011.0
1778,Femme,28,Bac+3/4,15,7,Services aux entreprises,Cadre,Temps complet,34.4,6,5786.0
4585,Homme,45,Bac+2,14,25,Services aux entreprises,Employé,Temps complet,35.4,6,2034.0
4579,Homme,31,Bac+3/4,15,10,Industrie,Employé,Temps complet,34.9,10,1835.0
1591,Homme,37,CAP-BEP,10,21,Santé - action sociale,Employé,Temps complet,38.8,12,2947.0
1361,Homme,19,Aucun diplôme,7,6,Services aux entreprises,Ouvrier,Temps complet,36.0,2,1731.0
552,Femme,30,Bac+5 ou plus,17,7,Enseignement,Cadre,Temps complet,36.6,7,4520.0
1341,Homme,40,Bac+5 ou plus,17,17,Construction,Profession intermédiaire,Temps complet,34.0,17,2515.0
3713,Homme,35,CAP-BEP,10,19,Administration publique,Ouvrier,Temps complet,35.4,9,2094.0
3550,Femme,22,Aucun diplôme,7,9,Construction,Ouvrier,Temps partiel,26.1,9,897.0
2086,Femme,19,CAP-BEP,10,3,Commerce,Ouvrier,Temps complet,38.3,3,1430.0
3312,Femme,45,CAP-BEP,10,29,Construction,Employé,Temps complet,35.3,6,2906.0
998,Femme,39,Bac+2,14,19,Industrie,Employé,Temps partiel,28.7,10,1581.0
2313,H,40,CAP-BEP,10,24,Services aux particuliers,Ouvrier,Temps complet,35.5,9,1993.0
1824,Femme,29,Bac+2,14,9,Santé - action sociale,Employé,Temps complet,34.0,8,1794.0
4313,Femme,36,CAP-BEP,10,20,Commerce,Ouvrier,Temps complet,36.4,2,984.0
302,Femme,39,Bac+3/4,15,18,Santé - action sociale,Employé,Temps complet,39.0,6,2111.0
1408,Homme,47,Bac+5 ou plus,17,24,Services aux particuliers,Profession intermédiaire,Temps complet,37.7,6,2593.0
1798,Homme,49,Baccalauréat,12,31,Administration publique,Employé,Temps complet,35.8,5,2297.0
3329,Homme,31,Baccalauréat,12,13,Administration publique,Employé,Temps complet,38.4,2,2307.0
4814,Homme,42,Bac+5 ou plus,17,19,Administration publique,Cadre,Temps complet,38.5,16,3527.0
2449,Homme,22,CAP-BEP,10,6,Enseignement,Employé,Temps complet,38.0,5,2428.0
4157,Femme,18,CAP-BEP,10,2,Services aux entreprises,Ouvrier,Temps complet,36.6,2,1009.0
1136,Homme,36,Bac+5 ou plus,17,13,Industrie,Profession intermédiaire,Temps complet,34.2,12,3053.0
1395,Femme,35,CAP-BEP,10,19,Administration publique,Ouvrier,Temps complet,34.0,7,1351.0
838,Homme,46,Bac+5 ou plus,17,23,Services aux particuliers,Profession intermédiaire,Temps complet,38.7,7,2782.0
2320,Homme,40,Aucun diplôme,7,27,Construction,Employé,Temps complet,40.9,10,2975.0
3075,Femme,28,Baccalauréat,12,10,Industrie,Employé,Temps complet,35.1,5,1540.0
3257,Femme,31,Bac+3/4,15,10,Administration publique,Employé,Temps complet,38.0,3,2133.0
2043,Femme,33,CAP-BEP,10,17,Construction,Ouvrier,Temps complet,35.9,7,1772.0
4277,Femme,39,Baccalauréat,12,21,Administration publique,Employé,Temps complet,34.1,1,1108.0
3598,Homme,40,Baccalauréat,12,22,Administration publique,Employé,Temps complet,38.8,7,2821.0
2764,Femme,36,CAP-BEP,10,20,Services aux entreprises,Ouvrier,Temps complet,39.4,3,2449.0
4438,Femme,38,Bac+2,14,18,Services aux entreprises,Profession intermédiaire,Temps complet,36.9,5,5049.0
392,Homme,32,Bac+2,14,12,Santé - action sociale,Profession intermédiaire,Temps complet,34.7,5,2715.0
4368,Homme,44,Bac+2,14,24,Services aux entreprises,Profession intermédiaire,Temps complet,36.5,23,3109.0
243,Femme,31,Aucun diplôme,7,18,Administration publique,Ouvrier,Temps complet,34.0,9,1209.0
3153,Femme,32,Bac+2,14,12,Commerce,Employé,Temps complet,34.0,5,
3636,Homme,34,Bac+3/4,15,13,Services aux entreprises,Cadre,Temps complet,35.7,13,
131,Femme,20,CAP-BEP,10,4,Services aux entreprises,Ouvrier,Temps complet,35.8,4,1744.0
3982,Homme,26,Baccalauréat,12,8,Administration publique,Employé,Temps complet,38.6,4,2007.0
2729,Femme,60,Bac+2,14,40,Industrie,Profession intermédiaire,Temps partiel,22.8,8,1801.0
1771,Femme,30,Bac+3/4,15,9,Services aux particuliers,Employé,Temps partiel,16.8,9,700.0
573,F,34,Baccalauréat,12,16,Commerce,Employé,Temps complet,37.6,16,1751.0
1720,Femme,34,Baccalauréat,12,16,Commerce,Employé,Temps complet,34.1,4,2483.0
1736,Homme,22,CAP-BEP,10,6,Industrie,Ouvrier,Temps complet,35.5,6,2128.0
1937,F,34,Baccalauréat,12,16,Santé - action sociale,Employé,Temps partiel,29.8,5,2241.0
3721,Femme,23,CAP-BEP,10,7,Administration publique,Ouvrier,Temps complet,38.5,4,2149.0
3719,Homme,42,Bac+5 ou plus,17,19,Enseignement,Cadre,Temps complet,38.5,10,5859.0
3820,Femme,37,Aucun diplôme,7,24,Construction,Ouvrier,Temps complet,36.4,6,915.0
3806,Femme,34,CAP-BEP,10,18,Santé - action sociale,Ouvrier,Temps complet,36.6,4,1537.0
3238,Homme,36,Bac+3/4,15,15,Administration publique,Employé,Temps complet,38.0,15,2028.0
3556,Homme,29,CAP-BEP,10,13,Services aux entreprises,Employé,Temps complet,37.9,11,2388.0
3133,Homme,27,CAP-BEP,10,11,Services aux particuliers,Ouvrier,Temps complet,35.8,6,982.0
3178,Femme,23,Baccalauréat,12,5,Commerce,Employé,Temps complet,37.6,5,951.0
711,Homme,37,CAP-BEP,10,21,Services aux entreprises,Ouvrier,Temps complet,37.2,12,2048.0
871,F,26,Bac+5 ou plus,17,3,Commerce,Cadre,Temps partiel,21.4,3,2071.0
4513,Femme,53,Baccalauréat,12,35,Administration publique,Employé,Temps partiel,26.4,11,1517.0
2720,Femme,25,Bac+5 ou plus,17,2,Services aux entreprises,Employé,Temps complet,36.1,2,1808.0
4256,Femme,28,Aucun diplôme,7,15,Industrie,Ouvrier,Temps complet,40.8,8,2197.0
2318,F,38,Bac+2,14,18,Construction,Employé,Temps complet,34.4,12,1407.0
3613,Homme,24,Bac+2,14,4,Services aux particuliers,Employé,Temps complet,37.4,4,1049.0
4072,Homme,21,CAP-BEP,10,5,Enseignement,Ouvrier,Temps complet,37.5,5,1212.0
2103,Femme,50,Bac+2,14,30,Santé - action sociale,Employé,Temps complet,38.6,2,1700.0
2739,Femme,23,Aucun diplôme,7,10,Industrie,Ouvrier,Temps complet,36.5,6,1333.0
4537,Femme,40,Bac+5 ou plus,17,17,Enseignement,Profession intermédiaire,Temps complet,35.4,16,2532.0
4314,Femme,28,CAP-BEP,10,12,Commerce,Ouvrier,Temps complet,36.7,10,1668.0
3712,Femme,47,CAP-BEP,10,31,Santé - action sociale,Ouvrier,Temps partiel,15.3,14,700.0
3362,Femme,29,Bac+3/4,15,8,Commerce,Profession intermédiaire,Temps complet,38.4,7,2674.0
4636,Femme,39,CAP-BEP,10,23,Services aux entreprises,Employé,Temps complet,34.0,5,2829.0
968,Homme,36,Baccalauréat,12,18,Services aux entreprises,Employé,Temps complet,40.1,11,2859.0
139,Femme,48,Bac+2,14,28,Services aux particuliers,Employé,Temps partiel,25.0,2,1105.0
4164,H,25,Bac+2,14,5,Commerce,Profession intermédiaire,Temps complet,34.0,2,2921.0
3654,Femme,51,Bac+5 ou plus,17,28,Services aux particuliers,Profession intermédiaire,Temps complet,34.0,18,2416.0
3010,Femme,41,Bac+2,14,21,Industrie,Profession intermédiaire,Temps partiel,20.2,6,2306.0
3013,Homme,26,Baccalauréat,12,8,Construction,Employé,Temps complet,34.0,8,3468.0
1646,Homme,26,CAP-BEP,10,10,Commerce,Ouvrier,Temps complet,34.0,3,1470.0
4459,Homme,27,Bac+3/4,15,6,Enseignement,Cadre,Temps complet,38.6,2,4454.0
2798,Femme,31,Bac+2,14,11,Industrie,Employé,Temps complet,41.7,11,1479.0
837,Homme,43,Bac+5 ou plus,17,20,Services aux particuliers,Cadre,Temps complet,36.2,11,3883.0
3418,Femme,40,Baccalauréat,12,22,Construction,Employé,Temps complet,35.7,11,3343.0
4952,Homme,27,CAP-BEP,10,11,Commerce,Ouvrier,Temps complet,39.3,11,2140.0
716,Femme,25,Baccalauréat,12,7,Services aux entreprises,Employé,Temps complet,34.0,7,
3978,Femme,28,CAP-BEP,10,12,Industrie,Ouvrier,Temps complet,39.0,2,1589.0
4344,Femme,30,Bac+5 ou plus,17,7,Services aux particuliers,Cadre,Temps complet,34.0,2,3131.0
1531,Femme,27,Bac+3/4,15,6,Services aux entreprises,Profession intermédiaire,Temps complet,37.3,6,2885.0
4830,Homme,28,CAP-BEP,10,12,Enseignement,Ouvrier,Temps complet,37.9,2,1913.0
2402,Femme,41,Aucun diplôme,7,28,Santé - action sociale,Ouvrier,Temps complet,39.1,3,2438.0
1385,Femme,26,Baccalauréat,12,8,Commerce,Employé,Temps complet,37.8,5,1764.0
1485,Homme,26,CAP-BEP,10,10,Construction,Ouvrier,Temps complet,37.2,10,1196.0
4615,F,30,Bac+2,14,10,Administration publique,Employé,Temps complet,38.5,10,1691.0
3679,Femme,36,Baccalauréat,12,18,Commerce,Employé,Temps complet,36.8,14,2609.0
29,Homme,30,CAP-BEP,10,14,Services aux particuliers,Ouvrier,Temps partiel,14.8,6,700.0
69,Homme,41,Bac+2,14,21,Services aux particuliers,Profession intermédiaire,Temps partiel,17.9,4,1463.0
2118,Femme,32,Bac+2,14,12,Industrie,Employé,Temps complet,34.0,6,2029.0
2057,Femme,27,Bac+3/4,15,6,Santé - action sociale,Employé,Temps partiel,20.6,6,764.0
2903,Homme,44,Bac+5 ou plus,17,21,Santé - action sociale,Cadre,Temps complet,39.2,21,5135.0
2641,Homme,54,Bac+2,14,34,Administration publique,Profession intermédiaire,Temps complet,36.5,4,2735.0
3891,Femme,30,Baccalauréat,12,12,Services aux entreprises,Employé,Temps complet,37.6,0,4863.0
637,Femme,66,Bac+3/4,15,45,Commerce,Profession intermédiaire,Temps partiel,28.2,6,1994.0
770,Femme,36,Baccalauréat,12,18,Administration publique,Employé,Temps complet,37.1,11,2147.0
2637,Femme,23,Baccalauréat,12,5,Construction,Employé,Temps complet,37.6,5,
4433,Femme,27,CAP-BEP,10,11,Services aux entreprises,Ouvrier,Temps complet,35.3,5,1681.0
1986,Homme,24,CAP-BEP,10,8,Santé - action sociale,Ouvrier,Temps complet,34.0,4,
2442,Femme,26,Bac+3/4,15,5,Services aux entreprises,Employé,Temps partiel,24.2,5,1284.0
2467,Femme,31,Bac+3/4,15,10,Services aux particuliers,Employé,Temps partiel,22.4,10,1156.0
1079,Femme,28,Bac+5 ou plus,17,5,Administration publique,Employé,Temps partiel,23.0,4,1252.0
3401,Femme,35,CAP-BEP,10,19,Administration publique,Ouvrier,Temps complet,38.3,15,1392.0
142,Homme,53,Bac+3/4,15,32,Industrie,Profession intermédiaire,Temps complet,34.0,3,2946.0
4443,Femme,53,Bac+3/4,15,32,Administration publique,Cadre,Temps partiel,22.2,5,3105.0
3961,Homme,54,Baccalauréat,12,36,Services aux entreprises,Employé,Temps complet,41.9,25,2884.0
658,Femme,39,Bac+5 ou plus,17,16,Santé - action sociale,Cadre,Temps complet,34.0,7,4075.0
1893,Homme,36,Bac+5 ou plus,17,13,Santé - action sociale,Employé,Temps complet,35.4,2,2422.0
3689,Homme,34,CAP-BEP,10,18,Commerce,Ouvrier,Temps partiel,17.5,12,1020.0
2925,Femme,29,Bac+3/4,15,8,Services aux entreprises,Employé,Temps partiel,21.4,7,1128.0
3562,Homme,48,CAP-BEP,10,32,Administration publique,Ouvrier,Temps complet,39.0,2,2296.0
1855,Femme,43,Baccalauréat,12,25,Industrie,Employé,Temps complet,38.8,2,1346.0
4874,Femme,24,CAP-BEP,10,8,Santé - action sociale,Ouvrier,Temps complet,38.4,8,1465.0
407,Femme,29,Baccalauréat,12,11,Industrie,Employé,Temps partiel,19.6,9,1355.0
3510,Homme,54,Baccalauréat,12,36,Services aux entreprises,Employé,Temps complet,36.2,7,2915.0
2694,Homme,45,CAP-BEP,10,29,Santé - action sociale,Ouvrier,Temps partiel,25.1,4,1239.0
370,Homme,30,Bac+2,14,10,Construction,Employé,Temps complet,34.2,7,1657.0
3431,Homme,34,Bac+2,14,14,Commerce,Profession intermédiaire,Temps complet,34.8,7,
804,Homme,30,Aucun diplôme,7,17,Services aux particuliers,Ouvrier,Temps complet,34.6,17,700.0
2298,F,39,Baccalauréat,12,21,Services aux particuliers,Employé,Temps partiel,23.9,18,980.0
2040,Homme,26,Bac+2,14,6,Services aux entreprises,Profession intermédiaire,Temps complet,43.6,5,3362.0
4948,Femme,27,Aucun diplôme,7,14,Administration publique,Ouvrier,Temps complet,34.0,5,
3832,Homme,25,CAP-BEP,10,9,Services aux entreprises,Ouvrier,Temps complet,34.0,9,
3456,Femme,23,CAP-BEP,10,7,Industrie,Ouvrier,Temps complet,34.7,7,
3020,Femme,39,Baccalauréat,12,21,Enseignement,Employé,Temps complet,41.8,7,2016.0
4680,Femme,35,Aucun diplôme,7,22,Commerce,Ouvrier,Temps complet,37.4,7,1421.0
4973,Femme,57,Bac+2,14,37,Industrie,Employé,Temps complet,35.6,2,1952.0
1410,Homme,29,CAP-BEP,10,13,Commerce,Employé,Temps partiel,24.9,3,2098.0
3889,Homme,34,Baccalauréat,12,16,Services aux entreprises,Employé,Temps complet,34.5,7,1612.0
607,Homme,26,CAP-BEP,10,10,Construction,Ouvrier,Temps complet,34.0,5,1741.0
3761,Homme,39,Aucun diplôme,7,26,Services aux entreprises,Ouvrier,Temps complet,38.1,10,2298.0
109,Homme,41,Bac+5 ou plus,17,18,Commerce,Cadre,Temps complet,39.0,4,4042.0
2026,Homme,26,CAP-BEP,10,10,Industrie,Ouvrier,Temps complet,39.7,10,1589.0
4977,Homme,30,Bac+3/4,15,9,Enseignement,Profession intermédiaire,Temps complet,35.8,6,2575.0
1055,Femme,37,Baccalauréat,12,19,Services aux particuliers,Employé,Temps complet,36.4,13,1824.0
1469,Femme,32,CAP-BEP,10,16,Services aux particuliers,Ouvrier,Temps partiel,18.7,7,732.0
1998,Femme,24,Aucun diplôme,7,11,Santé - action sociale,Ouvrier,Temps partiel,20.6,8,1012.0
1354,Femme,33,CAP-BEP,10,17,Construction,Employé,Temps complet,34.0,15,2364.0
3723,Homme,40,Baccalauréat,12,22,Services aux entreprises,Employé,Temps complet,34.0,7,1746.0
1086,Homme,50,Bac+5 ou plus,17,27,Services aux particuliers,Profession intermédiaire,Temps complet,34.4,4,2913.0
2098,Homme,28,Aucun diplôme,7,15,Industrie,Employé,Temps complet,36.5,8,
1647,Femme,20,CAP-BEP,10,4,Services aux particuliers,Ouvrier,Temps partiel,20.3,4,836.0
2765,Femme,25,CAP-BEP,10,9,Services aux particuliers,Ouvrier,Temps partiel,15.8,1,700.0
582,Homme,25,Aucun diplôme,7,12,Administration publique,Ouvrier,Temps complet,34.0,12,1771.0
3150,F,50,Bac+2,14,30,Services aux particuliers,Employé,Temps partiel,23.8,7,1475.0
3422,Femme,17,Aucun diplôme,7,4,Services aux particuliers,Ouvrier,Temps partiel,18.4,4,700.0
1632,Femme,31,Bac+5 ou plus,17,8,Commerce,Employé,Temps complet,36.0,8,2227.0
3415,Femme,39,Bac+2,14,19,Services aux particuliers,Profession intermédiaire,Temps partiel,25.6,2,1785.0
1393,Homme,34,Bac+5 ou plus,17,11,Santé - action sociale,Employé,Temps partiel,25.1,5,1598.0
3584,F,16,Aucun diplôme,7,2,Commerce,Ouvrier,Temps partiel,17.9,2,700.0
333,Homme,41,Bac+5 ou plus,17,18,Industrie,Cadre,Temps complet,34.9,1,3874.0
779,H,30,Baccalauréat,12,12,Services aux entreprises,Employé,Temps complet,38.9,12,3014.0
1530,Homme,32,Baccalauréat,12,14,Administration publique,Employé,Temps complet,34.9,14,2465.0
2271,Femme,35,Baccalauréat,12,17,Commerce,Employé,Temps complet,34.0,10,2558.0
1353,Femme,27,CAP-BEP,10,11,Construction,Ouvrier,Temps complet,36.5,3,1984.0
3171,Homme,34,Bac+5 ou plus,17,11,Services aux entreprises,Cadre,Temps complet,36.5,10,
2141,H,46,CAP-BEP,10,30,Santé - action sociale,Ouvrier,Temps partiel,28.8,6,1130.0
554,Homme,23,Aucun diplôme,7,10,Santé - action sociale,Ouvrier,Temps partiel,18.8,6,700.0
4407,Homme,40,Baccalauréat,12,22,Construction,Employé,Temps complet,35.0,6,2441.0
746,Homme,32,Bac+2,14,12,Administration publique,Employé,Temps complet,35.5,9,2164.0
4650,Homme,43,Baccalauréat,12,25,Services aux particuliers,Employé,Temps complet,35.1,4,2231.0
2232,Femme,28,CAP-BEP,10,12,Santé - action sociale,Ouvrier,Temps complet,34.0,1,953.0
27,Femme,50,Bac+2,14,30,Services aux entreprises,Employé,Temps complet,35.0,7,1910.0
16,Homme,19,Aucun diplôme,7,6,Services aux entreprises,Ouvrier,Temps complet,38.5,2,1120.0
2075,H,26,Bac+5 ou plus,17,3,Santé - action sociale,Employé,Temps complet,36.2,3,2018.0
3389,Femme,27,CAP-BEP,10,11,Services aux entreprises,Ouvrier,Temps complet,34.0,6,1561.0
4058,Homme,35,Bac+2,14,15,Administration publique,Profession intermédiaire,Temps complet,35.2,4,3185.0
2543,Femme,57,Aucun diplôme,7,44,Enseignement,Ouvrier,Temps complet,37.8,18,1292.0
1993,Femme,27,Bac+2,14,7,Services aux particuliers,Employé,Temps complet,37.3,6,
1252,Femme,19,CAP-BEP,10,3,Commerce,Ouvrier,Temps complet,34.7,3,1050.0
2585,Homme,32,Bac+5 ou plus,17,9,Construction,Profession intermédiaire,Temps complet,34.9,3,2603.0
3333,Femme,34,Bac+3/4,15,13,Commerce,Cadre,Temps complet,41.1,5,3987.0
2472,Homme,22,Aucun diplôme,7,9,Services aux entreprises,Ouvrier,Temps complet,34.3,9,1890.0
2382,Homme,33,Bac+3/4,15,12,Services aux entreprises,Employé,Temps complet,36.1,7,2139.0
4607,Homme,34,Bac+3/4,15,13,Services aux particuliers,Cadre,Temps complet,39.4,13,5158.0
4339,Femme,33,CAP-BEP,10,17,Administration publique,Ouvrier,Temps complet,37.8,3,1056.0
1123,Homme,40,Bac+3/4,15,19,Services aux entreprises,Profession intermédiaire,Temps complet,37.6,9,2744.0
2378,Femme,43,Baccalauréat,12,25,Santé - action sociale,Employé,Temps complet,34.0,11,2182.0
3919,Femme,34,Bac+3/4,15,13,Industrie,Cadre,Temps complet,39.4,6,4975.0
4061,Femme,30,Baccalauréat,12,12,Industrie,Employé,Temps complet,40.9,5,2318.0
1705,Femme,28,Bac+2,14,8,Enseignement,Employé,Temps partiel,21.5,8,1055.0
846,Homme,25,Baccalauréat,12,7,Santé - action sociale,Employé,Temps partiel,25.9,7,818.0
2478,Femme,19,Aucun diplôme,7,6,Commerce,Ouvrier,Temps complet,37.0,6,700.0
1443,Femme,30,CAP-BEP,10,14,Services aux entreprises,Ouvrier,Temps complet,34.0,4,1359.0
2064,Homme,33,Bac+3/4,15,12,Commerce,Profession intermédiaire,Temps complet,37.5,9,3184.0
278,Homme,38,Bac+3/4,15,17,Commerce,Profession intermédiaire,Temps complet,40.8,5,3260.0
1219,Femme,23,Baccalauréat,12,5,Administration publique,Employé,Temps partiel,21.4,5,700.0
2230,Homme,34,Bac+5 ou plus,17,11,Santé - action sociale,Profession intermédiaire,Temps complet,37.6,9,3277.0
2591,Homme,58,Bac+3/4,15,37,Administration publique,Profession intermédiaire,Temps complet,40.1,3,2840.0
544,Femme,25,Bac+2,14,5,Services aux entreprises,Employé,Temps complet,37.1,5,2529.0
3177,Homme,38,Bac+2,14,18,Administration publique,Employé,Temps complet,37.7,3,1493.0
4754,Homme,29,CAP-BEP,10,13,Services aux particuliers,Ouvrier,Temps complet,39.1,12,
4493,Femme,34,CAP-BEP,10,18,Commerce,Ouvrier,Temps complet,34.9,3,2008.0
3700,Homme,31,Bac+5 ou plus,17,8,Commerce,Employé,Temps complet,38.4,8,1932.0
1817,Homme,35,Bac+2,14,15,Commerce,Profession intermédiaire,Temps complet,35.0,6,3428.0
2509,Homme,38,Bac+5 ou plus,17,15,Industrie,Cadre,Temps complet,34.0,5,4067.0
2808,Homme,36,Bac+2,14,16,Construction,Employé,Temps complet,34.9,8,18768.0
2548,F,26,Bac+5 ou plus,17,3,Services aux particuliers,Employé,Temps complet,37.2,3,1476.0
3898,Homme,38,Bac+2,14,18,Services aux entreprises,Profession intermédiaire,Temps complet,34.5,18,3777.0
3287,Homme,25,Bac+2,14,5,Santé - action sociale,Employé,Temps complet,34.6,5,1567.0
4522,Homme,54,Bac+2,14,34,Commerce,Profession intermédiaire,Temps complet,34.0,5,2983.0
2869,Homme,37,CAP-BEP,10,21,Services aux entreprises,Employé,Temps partiel,23.8,17,
2072,Femme,18,Aucun diplôme,7,5,Santé - action sociale,Ouvrier,Temps complet,38.7,3,1283.0
1181,Homme,33,Bac+2,14,13,Construction,Employé,Temps complet,36.0,12,2229.0
3175,Homme,31,CAP-BEP,10,15,Commerce,Ouvrier,Temps complet,36.6,7,1957.0
4571,Femme,26,Baccalauréat,12,8,Commerce,Employé,Temps partiel,22.0,5,700.0
3289,Homme,26,Aucun diplôme,7,13,Santé - action sociale,Ouvrier,Temps complet,41.2,4,1646.0
3306,Femme,30,CAP-BEP,10,14,Services aux entreprises,Ouvrier,Temps complet,36.1,10,
2193,Homme,26,CAP-BEP,10,10,Services aux particuliers,Ouvrier,Temps complet,34.0,4,1367.0
3438,Homme,27,CAP-BEP,10,11,Services aux particuliers,Ouvrier,Temps complet,38.9,4,2029.0
954,H,21,CAP-BEP,10,5,Commerce,Employé,Temps complet,37.5,5,3201.0
2782,Femme,31,Baccalauréat,12,13,Enseignement,Employé,Temps complet,36.9,3,2263.0
1390,Homme,41,Bac+3/4,15,20,Administration publique,Cadre,Temps complet,38.5,15,5223.0
4414,Homme,31,CAP-BEP,10,15,Commerce,Ouvrier,Temps complet,35.1,4,1645.0
614,Homme,43,Bac+2,14,23,Santé - action sociale,Employé,Temps complet,36.3,12,1992.0
2262,Homme,44,Bac+5 ou plus,17,21,Santé - action sociale,Profession intermédiaire,Temps complet,34.5,6,2371.0
1099,Femme,28,Baccalauréat,12,10,Services aux entreprises,Employé,Temps complet,34.1,10,1723.0
776,Homme,28,CAP-BEP,10,12,Industrie,Ouvrier,Temps complet,36.7,12,1809.0
4068,Femme,21,CAP-BEP,10,5,Industrie,Ouvrier,Temps complet,34.0,2,972.0
1967,Femme,31,CAP-BEP,10,15,Construction,Ouvrier,Temps partiel,23.5,4,1426.0
3763,Femme,26,Baccalauréat,12,8,Santé - action sociale,Employé,Temps complet,35.0,8,3231.0
3618,Femme,36,CAP-BEP,10,20,Services aux entreprises,Ouvrier,Temps partiel,28.0,8,1169.0
3365,Femme,23,Aucun diplôme,7,10,Santé - action sociale,Ouvrier,Temps complet,35.5,10,1195.0
4301,Femme,37,CAP-BEP,10,21,Construction,Ouvrier,Temps complet,43.8,6,2654.0
4107,Homme,39,Bac+3/4,15,18,Services aux entreprises,Profession intermédiaire,Temps complet,34.1,18,2516.0
385,Homme,25,Aucun diplôme,7,12,Services aux entreprises,Ouvrier,Temps complet,38.1,8,1484.0
3988,Homme,18,CAP-BEP,10,2,Commerce,Ouvrier,Temps complet,35.2,2,2123.0
3958,Femme,32,Bac+5 ou plus,17,9,Construction,Employé,Temps complet,36.8,3,846.0
1433,Homme,25,CAP-BEP,10,9,Administration publique,Ouvrier,Temps complet,35.9,3,2053.0
2941,Homme,46,Bac+3/4,15,25,Administration publique,Cadre,Temps partiel,8.1,1,850.0
3590,Femme,18,Aucun diplôme,7,5,Services aux entreprises,Ouvrier,Temps complet,35.3,5,2186.0
295,Homme,23,Aucun diplôme,7,10,Administration publique,Ouvrier,Temps partiel,26.6,10,881.0
1335,Femme,36,CAP-BEP,10,20,Enseignement,Ouvrier,Temps complet,37.6,12,2290.0
2024,Homme,23,Baccalauréat,12,5,Administration publique,Employé,Temps complet,39.8,5,1860.0
3915,Femme,40,Bac+5 ou plus,17,17,Services aux entreprises,Cadre,Temps complet,36.2,16,3436.0
2286,Femme,29,Bac+5 ou plus,17,6,Services aux entreprises,Profession intermédiaire,Temps partiel,20.1,1,
2586,Homme,23,Aucun diplôme,7,10,Administration publique,Ouvrier,Temps complet,37.1,9,
593,Femme,42,Baccalauréat,12,24,Services aux particuliers,Employé,Temps complet,35.5,17,1636.0
1866,Femme,36,Bac+5 ou plus,17,13,Santé - action sociale,Cadre,Temps complet,38.5,11,7434.0
1897,Homme,32,Bac+2,14,12,Administration publique,Profession intermédiaire,Temps complet,37.1,9,2834.0
1724,Femme,28,Bac+3/4,15,7,Services aux entreprises,Cadre,Temps complet,40.7,7,4615.0
3157,Homme,25,Aucun diplôme,7,12,Enseignement,Ouvrier,Temps complet,36.7,1,1713.0
761,Femme,28,Bac+3/4,15,7,Santé - action sociale,Employé,Temps complet,38.3,5,1891.0
1850,H,27,Bac+5 ou plus,17,4,Enseignement,Cadre,Temps complet,37.3,2,3435.0
3079,Femme,37,Bac+2,14,17,Santé - action sociale,Employé,Temps complet,36.5,6,2005.0
1889,Femme,36,Aucun diplôme,7,23,Industrie,Ouvrier,Temps complet,36.4,1,1739.0
1287,Homme,25,Baccalauréat,12,7,Commerce,Employé,Temps complet,37.3,7,2528.0
725,Femme,35,Bac+3/4,15,14,Commerce,Employé,Temps complet,36.6,4,1494.0
112,H,31,Bac+3/4,15,10,Industrie,Employé,Temps complet,37.9,7,2237.0
3349,Femme,23,CAP-BEP,10,7,Administration publique,Ouvrier,Temps complet,37.2,4,1715.0
2708,Femme,40,Bac+3/4,15,19,Administration publique,Profession intermédiaire,Temps partiel,28.1,15,2025.0
3294,Homme,33,Bac+2,14,13,Santé - action sociale,Employé,Temps complet,34.0,1,
3233,Femme,57,Bac+3/4,15,36,Services aux particuliers,Employé,Temps complet,34.2,7,1832.0
167,Femme,21,CAP-BEP,10,5,Services aux entreprises,Ouvrier,Temps complet,35.6,5,1026.0
4860,Femme,45,Bac+5 ou plus,17,22,Enseignement,Cadre,Temps complet,34.7,20,3738.0
1669,Homme,21,Aucun diplôme,7,8,Services aux entreprises,Ouvrier,Temps complet,38.5,5,1364.0
2114,Femme,24,CAP-BEP,10,8,Services aux entreprises,Ouvrier,Temps complet,36.9,8,1608.0
46,Homme,31,CAP-BEP,10,15,Services aux entreprises,Employé,Temps complet,35.6,13,2370.0
1659,H,29,Aucun diplôme,7,16,Construction,Ouvrier,Temps complet,35.5,7,1065.0
4310,Femme,50,Bac+3/4,15,29,Services aux entreprises,Cadre,Temps partiel,16.9,5,3034.0
1702,Femme,40,Bac+5 ou plus,17,17,Services aux particuliers,Profession intermédiaire,Temps complet,37.5,7,2990.0
4767,Femme,26,Bac+2,14,6,Santé - action sociale,Employé,Temps partiel,21.7,6,982.0
2101,Femme,31,Bac+2,14,11,Construction,Employé,Temps complet,35.7,8,1604.0
3528,Homme,33,CAP-BEP,10,17,Services aux particuliers,Ouvrier,Temps complet,34.0,2,1480.0
1462,Homme,28,Bac+5 ou plus,17,5,Administration publique,Profession intermédiaire,Temps complet,34.0,5,2641.0
785,Femme,27,Aucun diplôme,7,14,Construction,Ouvrier,Temps complet,35.6,3,1313.0
19,Femme,21,CAP-BEP,10,5,Industrie,Ouvrier,Temps complet,38.0,5,891.0
2505,Homme,44,Bac+5 ou plus,17,21,Industrie,Employé,Temps partiel,25.6,12,1513.0
2192,Homme,28,Baccalauréat,12,10,Services aux particuliers,Employé,Temps partiel,18.2,10,1197.0
4586,Homme,19,CAP-BEP,10,3,Administration publique,Ouvrier,Temps complet,36.2,3,1797.0
1499,Femme,31,CAP-BEP,10,15,Santé - action sociale,Ouvrier,Temps complet,39.6,11,1744.0
770,Femme,36,Baccalauréat,12,18,Administration publique,Employé,Temps complet,37.1,11,2147.0
2580,Femme,34,Aucun diplôme,7,21,Services aux particuliers,Ouvrier,Temps complet,38.1,4,1614.0
2865,H,24,Aucun diplôme,7,11,Commerce,Ouvrier,Temps complet,40.7,4,
4717,Femme,19,Aucun diplôme,7,6,Commerce,Ouvrier,Temps complet,34.2,6,1329.0
3647,Femme,24,Baccalauréat,12,6,Services aux entreprises,Employé,Temps complet,35.1,6,1764.0
72,Homme,25,Baccalauréat,12,7,Services aux entreprises,Employé,Temps complet,36.7,3,4095.0
839,Femme,42,Bac+5 ou plus,17,19,Services aux particuliers,Employé,Temps complet,38.5,10,1768.0
2353,Homme,49,Bac+5 ou plus,17,26,Santé - action sociale,Cadre,Temps complet,38.0,4,3510.0
2172,Homme,39,Bac+3/4,15,18,Santé - action sociale,Profession intermédiaire,Temps complet,36.2,7,
3367,Femme,24,CAP-BEP,10,8,Santé - action sociale,Ouvrier,Temps complet,36.6,3,1690.0
1337,Homme,34,Bac+2,14,14,Santé - action sociale,Profession intermédiaire,Temps complet,39.8,3,3284.0
4897,Femme,26,Baccalauréat,12,8,Santé - action sociale,Employé,Temps partiel,19.7,8,822.0
4341,Femme,22,Aucun diplôme,7,9,Enseignement,Ouvrier,Temps complet,37.9,5,1563.0
1605,F,33,Bac+3/4,15,12,Santé - action sociale,Employé,Temps complet,38.3,4,2490.0
485,Homme,23,Baccalauréat,12,5,Industrie,Employé,Temps complet,36.7,5,3488.0
590,Homme,25,Bac+2,14,5,Administration publique,Employé,Temps complet,34.4,5,2083.0
878,Homme,27,Baccalauréat,12,9,Enseignement,Employé,Temps complet,36.1,2,1716.0
3751,Homme,28,CAP-BEP,10,12,Santé - action sociale,Ouvrier,Temps complet,37.6,12,1650.0
2011,Femme,24,Bac+2,14,4,Enseignement,Employé,Temps partiel,24.3,4,1374.0
2455,Homme,37,Baccalauréat,12,19,Services aux entreprises,Employé,Temps complet,34.8,17,1872.0
3138,Femme,32,Baccalauréat,12,14,Construction,Employé,Temps complet,39.3,9,1918.0
4359,Homme,20,CAP-BEP,10,4,Commerce,Ouvrier,Temps complet,37.2,4,2260.0
1233,Femme,36,CAP-BEP,10,20,Commerce,Ouvrier,Temps complet,37.2,3,1710.0
3055,Femme,47,CAP-BEP,10,31,Santé - action sociale,Ouvrier,Temps complet,34.8,4,1730.0
191,Homme,23,CAP-BEP,10,7,Santé - action sociale,Ouvrier,Temps complet,38.7,6,2056.0
2224,Femme,22,CAP-BEP,10,6,Santé - action sociale,Ouvrier,Temps partiel,32.9,6,1015.0
3199,Homme,45,CAP-BEP,10,29,Services aux entreprises,Ouvrier,Temps complet,36.2,7,1969.0
2253,Homme,27,CAP-BEP,10,11,Enseignement,Ouvrier,Temps complet,36.3,11,1294.0
2963,Homme,29,Aucun diplôme,7,16,Administration publique,Ouvrier,Temps complet,36.1,2,2146.0
3630,Homme,23,Baccalauréat,12,5,Commerce,Employé,Temps complet,39.2,5,1415.0
2217,Homme,40,Bac+2,14,20,Services aux particuliers,Employé,Temps complet,35.6,14,2047.0
213,Homme,24,Aucun diplôme,7,11,Services aux entreprises,Ouvrier,Temps complet,36.9,5,1658.0
3854,Femme,30,Bac+2,14,10,Commerce,Employé,Temps complet,35.8,10,1292.0
1355,Femme,44,Bac+5 ou plus,17,21,Administration publique,Profession intermédiaire,Temps partiel,18.3,10,
4913,Homme,42,Bac+3/4,15,21,Industrie,Profession intermédiaire,Temps partiel,28.1,9,2377.0
4847,Femme,41,Bac+3/4,15,20,Services aux particuliers,Employé,Temps complet,36.4,7,1595.0
4226,Homme,22,CAP-BEP,10,6,Services aux entreprises,Employé,Temps complet,36.7,4,3118.0
1166,Femme,22,Baccalauréat,12,4,Commerce,Employé,Temps complet,38.5,4,2005.0
4517,Homme,28,Baccalauréat,12,10,Enseignement,Employé,Temps complet,34.0,10,1995.0
4542,Homme,25,CAP-BEP,10,9,Industrie,Ouvrier,Temps complet,34.0,9,1560.0
79,Femme,35,Bac+2,14,15,Industrie,Employé,Temps complet,36.4,10,2295.0
4454,Homme,66,Bac+5 ou plus,17,44,Administration publique,Profession intermédiaire,Temps complet,35.2,1,2797.0
3280,Femme,31,Bac+5 ou plus,17,8,Services aux entreprises,Cadre,Temps complet,39.1,7,4897.0
913,Homme,32,Bac+2,14,12,Enseignement,Profession intermédiaire,Temps complet,35.4,12,3596.0
952,Homme,23,Baccalauréat,12,5,Services aux entreprises,Employé,Temps complet,35.6,3,2393.0
3068,Homme,27,Baccalauréat,12,9,Construction,Employé,Temps complet,38.4,9,1712.0
1788,Femme,33,Baccalauréat,12,15,Services aux particuliers,Employé,Temps partiel,11.9,15,700.0
1546,Femme,31,CAP-BEP,10,15,Services aux particuliers,Ouvrier,Temps partiel,20.3,8,997.0
2642,H,37,Bac+2,14,17,Santé - action sociale,Employé,Temps complet,40.5,7,2403.0
4524,Femme,29,Aucun diplôme,7,16,Services aux entreprises,Ouvrier,Temps complet,36.6,14,2026.0
381,Femme,42,Baccalauréat,12,24,Services aux entreprises,Employé,Temps partiel,19.4,7,1187.0
3145,Homme,23,Bac+2,14,3,Santé - action sociale,Employé,Temps complet,35.9,3,2057.0
2276,Femme,42,Bac+5 ou plus,17,19,Santé - action sociale,Employé,Temps complet,36.2,4,
3134,Femme,38,Baccalauréat,12,20,Santé - action sociale,Employé,Temps complet,36.5,4,1683.0
1879,Homme,40,CAP-BEP,10,24,Services aux entreprises,Ouvrier,Temps complet,37.2,13,2137.0
4931,Homme,32,Baccalauréat,12,14,Services aux particuliers,Employé,Temps complet,40.0,6,1608.0
2212,Homme,35,Bac+2,14,15,Commerce,Profession intermédiaire,Temps complet,36.9,4,3035.0
1223,Femme,32,Bac+3/4,15,11,Santé - action sociale,Employé,Temps complet,35.4,4,
3652,Homme,31,Baccalauréat,12,13,Industrie,Employé,Temps complet,35.9,9,2321.0
690,Homme,42,Bac+5 ou plus,17,19,Enseignement,Profession intermédiaire,Temps partiel,18.2,3,1615.0
3427,Homme,24,Aucun diplôme,7,11,Santé - action sociale,Ouvrier,Temps complet,36.7,11,1324.0
92,Homme,32,Bac+2,14,12,Administration publique,Profession intermédiaire,Temps complet,36.7,4,2839.0
4689,Homme,32,Aucun diplôme,7,19,Commerce,Ouvrier,Temps complet,37.4,4,1781.0
4804,H,33,CAP-BEP,10,17,Santé - action sociale,Ouvrier,Temps complet,34.5,7,1870.0
596,Femme,35,CAP-BEP,10,19,Enseignement,Employé,Temps partiel,28.1,11,2394.0
4703,Femme,26,Baccalauréat,12,8,Administration publique,Employé,Temps partiel,23.0,8,721.0
1722,Femme,26,CAP-BEP,10,10,Services aux entreprises,Ouvrier,Temps partiel,20.4,5,814.0
2144,Homme,27,Bac+3/4,15,6,Santé - action sociale,Employé,Temps partiel,22.3,2,1428.0
2288,Femme,28,CAP-BEP,10,12,Services aux entreprises,Ouvrier,Temps complet,39.2,10,1662.0
175,Homme,41,Bac+5 ou plus,17,18,Administration publique,Profession intermédiaire,Temps complet,36.1,4,2989.0
4644,Homme,39,Bac+2,14,19,Commerce,Employé,Temps complet,34.0,2,890.0
214,H,22,Aucun diplôme,7,9,Santé - action sociale,Ouvrier,Temps partiel,19.6,4,1162.0
4092,Femme,33,Bac+5 ou plus,17,10,Construction,Employé,Temps complet,34.0,5,1872.0
3519,Homme,30,Aucun diplôme,7,17,Services aux entreprises,Ouvrier,Temps complet,36.1,6,1856.0
4875,Femme,41,Bac+5 ou plus,17,18,Services aux particuliers,Profession intermédiaire,Temps partiel,24.0,5,1762.0
2309,Femme,35,Bac+5 ou plus,17,12,Santé - action sociale,Employé,Temps complet,34.0,8,2168.0
2920,Femme,45,Baccalauréat,12,27,Commerce,Employé,Temps complet,37.0,7,2093.0
2149,H,24,Baccalauréat,12,6,Enseignement,Employé,Temps complet,40.0,3,1949.0
3144,Homme,40,CAP-BEP,10,24,Construction,Ouvrier,Temps partiel,22.7,5,1200.0
4152,F,24,Baccalauréat,12,6,Services aux entreprises,Employé,Temps complet,36.3,1,1675.0
861,Femme,29,Baccalauréat,12,11,Enseignement,Employé,Temps complet,37.1,7,1780.0
2752,Homme,26,CAP-BEP,10,10,Commerce,Ouvrier,Temps complet,34.2,10,1710.0
852,Femme,36,Bac+3/4,15,15,Commerce,Employé,Temps complet,35.0,5,1350.0
2128,Femme,41,Aucun diplôme,7,28,Services aux entreprises,Ouvrier,Temps complet,36.7,6,1190.0
3707,Femme,26,Aucun diplôme,7,13,Santé - action sociale,Ouvrier,Temps complet,41.0,1,1571.0
1004,Femme,24,Aucun diplôme,7,11,Construction,Ouvrier,Temps partiel,25.4,2,997.0
3826,Homme,27,Baccalauréat,12,9,Commerce,Employé,Temps complet,34.4,7,2142.0
920,Homme,24,Bac+3/4,15,3,Industrie,Employé,Temps complet,34.0,3,1494.0
1892,Femme,27,Baccalauréat,12,9,Construction,Employé,Temps complet,34.8,3,1652.0
2148,Homme,24,Baccalauréat,12,6,Industrie,Employé,Temps complet,35.9,5,
4150,Homme,48,Bac+2,14,28,Services aux entreprises,Profession intermédiaire,Temps complet,34.4,6,3578.0
2755,Femme,33,Baccalauréat,12,15,Santé - action sociale,Employé,Temps complet,37.7,2,1311.0
4723,Homme,26,Bac+2,14,6,Administration publique,Profession intermédiaire,Temps complet,34.3,6,3672.0
4742,Homme,43,Baccalauréat,12,25,Construction,Employé,Temps complet,36.7,5,2123.0
281,Homme,35,Baccalauréat,12,17,Services aux particuliers,Employé,Temps complet,37.4,17,1818.0
156,Femme,28,Aucun diplôme,7,15,Enseignement,Ouvrier,Temps complet,35.0,7,1730.0
318,Femme,30,Baccalauréat,12,12,Administration publique,Employé,Temps partiel,24.7,4,1012.0
3790,Homme,37,Baccalauréat,12,19,Services aux particuliers,Employé,Temps complet,38.6,6,3186.0
4053,Femme,36,Bac+2,14,16,Services aux entreprises,Employé,Temps complet,35.1,6,1652.0
4189,Homme,24,Aucun diplôme,7,11,Industrie,Ouvrier,Temps complet,34.0,11,1944.0
4412,Femme,32,Bac+2,14,12,Commerce,Employé,Temps complet,35.8,7,1707.0
4813,Homme,34,CAP-BEP,10,18,Services aux entreprises,Ouvrier,Temps complet,34.2,1,2075.0
4628,Homme,29,Bac+5 ou plus,17,6,Industrie,Cadre,Temps complet,36.1,4,3539.0
3554,Femme,34,Bac+3/4,15,13,Industrie,Employé,Temps complet,37.0,1,1851.0
1150,Femme,22,Aucun diplôme,7,9,Santé - action sociale,Ouvrier,Temps complet,38.8,9,1124.0
2880,Femme,65,Bac+2,14,45,Services aux entreprises,Employé,Temps partiel,24.4,16,1647.0
1011,Homme,29,Aucun diplôme,7,16,Santé - action sociale,Employé,Temps complet,35.4,4,3481.0
2785,Homme,52,Bac+2,14,32,Services aux particuliers,Employé,Temps complet,40.9,7,1930.0
4146,Femme,46,Bac+2,14,26,Enseignement,Employé,Temps complet,36.2,2,1818.0
884,Homme,32,CAP-BEP,10,16,Services aux particuliers,Ouvrier,Temps complet,36.4,8,1207.0
1586,Homme,37,Bac+2,14,17,Santé - action sociale,Employé,Temps complet,36.4,1,2420.0
3516,Homme,38,Baccalauréat,12,20,Santé - action sociale,Employé,Temps complet,36.0,13,2028.0
2571,Femme,24,Bac+3/4,15,3,Services aux entreprises,Employé,Temps partiel,17.1,3,
911,Femme,19,CAP-BEP,10,3,Santé - action sociale,Ouvrier,Temps complet,35.3,3,1397.0
3256,F,27,Aucun diplôme,7,14,Industrie,Ouvrier,Temps complet,37.4,10,1431.0
4041,Homme,38,Baccalauréat,12,20,Services aux particuliers,Employé,Temps complet,34.0,18,1683.0
4991,Femme,25,Baccalauréat,12,7,Enseignement,Employé,Temps complet,34.0,5,1498.0
4200,Homme,44,Baccalauréat,12,26,Industrie,Employé,Temps complet,34.4,3,2148.0
3492,Homme,33,Aucun diplôme,7,20,Administration publique,Ouvrier,Temps complet,34.0,20,2005.0
1316,Homme,41,Bac+2,14,21,Services aux particuliers,Profession intermédiaire,Temps complet,38.0,1,2649.0
1381,Femme,36,CAP-BEP,10,20,Santé - action sociale,Ouvrier,Temps partiel,26.6,10,1244.0
2658,Femme,44,Baccalauréat,12,26,Administration publique,Employé,Temps complet,34.0,16,1394.0
4688,Homme,41,Bac+2,14,21,Santé - action sociale,Employé,Temps complet,34.0,5,2007.0
908,Homme,45,CAP-BEP,10,29,Services aux entreprises,Employé,Temps complet,38.5,4,3418.0
825,Homme,20,Aucun diplôme,7,7,Commerce,Ouvrier,Temps complet,38.6,3,1630.0
2724,Homme,32,Bac+2,14,12,Administration publique,Employé,Temps complet,34.0,11,2073.0
4538,Homme,31,Aucun diplôme,7,18,Construction,Ouvrier,Temps complet,38.8,11,1595.0
2991,Homme,38,CAP-BEP,10,22,Administration publique,Ouvrier,Temps complet,38.3,10,1593.0
558,Femme,32,Aucun diplôme,7,19,Services aux particuliers,Ouvrier,Temps partiel,13.6,10,700.0
865,Femme,37,Bac+3/4,15,16,Administration publique,Employé,Temps complet,39.5,0,1426.0
4838,F,41,Baccalauréat,12,23,Services aux entreprises,Employé,Temps complet,36.6,6,2525.0
1345,Femme,21,CAP-BEP,10,5,Commerce,Ouvrier,Temps complet,34.0,5,1183.0
2463,Femme,36,Bac+2,14,16,Administration publique,Profession intermédiaire,Temps partiel,21.1,5,1860.0
3195,Homme,46,Bac+2,14,26,Services aux entreprises,Employé,Temps partiel,21.9,9,1461.0
3357,Femme,35,CAP-BEP,10,19,Administration publique,Ouvrier,Temps complet,36.0,0,1699.0
1144,Femme,38,Baccalauréat,12,20,Commerce,Employé,Temps complet,38.3,8,1576.0
1976,Homme,33,Bac+2,14,13,Services aux particuliers,Profession intermédiaire,Temps complet,35.6,1,3023.0
1564,Femme,35,Bac+2,14,15,Industrie,Employé,Temps complet,37.3,4,2290.0
2443,Homme,48,Bac+3/4,15,27,Administration publique,Cadre,Temps complet,37.4,5,4268.0
1599,H,56,Bac+5 ou plus,17,33,Santé - action sociale,Cadre,Temps complet,36.9,10,4893.0
723,H,23,CAP-BEP,10,7,Santé - action sociale,Ouvrier,Temps complet,36.5,7,
1024,Homme,26,Aucun diplôme,7,13,Industrie,Ouvrier,Temps complet,36.3,13,2204.0
3269,Homme,28,Bac+3/4,15,7,Industrie,Employé,Temps complet,36.9,7,1967.0
3435,Homme,27,Bac+2,14,7,Industrie,Profession intermédiaire,Temps complet,38.9,7,2668.0
2377,Homme,35,CAP-BEP,10,19,Administration publique,Employé,Temps complet,35.8,7,4400.0
2964,Homme,30,Aucun diplôme,7,17,Construction,Ouvrier,Temps complet,38.9,7,
4964,Homme,31,Bac+3/4,15,10,Administration publique,Employé,Temps complet,38.9,6,2052.0
2305,Femme,30,Bac+3/4,15,9,Industrie,Employé,Temps complet,34.9,3,
886,H,37,Baccalauréat,12,19,Services aux entreprises,Employé,Temps complet,36.8,8,2270.0
4006,Homme,27,Aucun diplôme,7,14,Administration publique,Ouvrier,Temps complet,37.2,14,1785.0
257,Femme,28,Bac+3/4,15,7,Administration publique,Profession intermédiaire,Temps complet,37.1,7,3371.0
3904,Femme,43,Bac+5 ou plus,17,20,Enseignement,Employé,Temps complet,37.0,1,2459.0
2499,Femme,28,CAP-BEP,10,12,Santé - action sociale,Ouvrier,Temps complet,36.8,12,2157.0
935,Homme,31,CAP-BEP,10,15,Industrie,Ouvrier,Temps complet,40.2,10,2126.0
2686,Femme,29,Baccalauréat,12,11,Administration publique,Employé,Temps complet,37.7,11,1447.0
3052,Femme,29,Bac+3/4,15,8,Santé - action sociale,Employé,Temps complet,34.0,8,1697.0
427,Homme,25,CAP-BEP,10,9,Santé - action sociale,Employé,Temps complet,37.2,9,4340.0
1423,Homme,31,Bac+3/4,15,10,Services aux particuliers,Profession intermédiaire,Temps complet,36.1,1,2620.0
458,Femme,25,CAP-BEP,10,9,Construction,Ouvrier,Temps complet,37.3,5,1207.0
904,Homme,27,Bac+2,14,7,Commerce,Profession intermédiaire,Temps complet,36.2,7,2632.0
3835,Femme,36,Bac+5 ou plus,17,13,Industrie,Profession intermédiaire,Temps partiel,23.8,13,
4998,Femme,31,Bac+3/4,15,10,Services aux entreprises,Cadre,Temps complet,34.8,4,3272.0
1535,Femme,24,Aucun diplôme,7,11,Services aux particuliers,Ouvrier,Temps complet,35.9,2,1580.0
2249,Homme,45,Bac+5 ou plus,17,22,Services aux entreprises,Profession intermédiaire,Temps partiel,21.1,6,
3804,Homme,28,Baccalauréat,12,10,Industrie,Employé,Temps complet,37.1,6,3267.0
1768,Homme,33,Bac+3/4,15,12,Enseignement,Employé,Temps complet,37.1,6,2131.0
4196,Homme,19,Aucun diplôme,7,6,Services aux entreprises,Ouvrier,Temps complet,42.8,6,1084.0
2654,Homme,22,CAP-BEP,10,6,Services aux entreprises,Employé,Temps complet,35.1,5,2678.0
2117,Femme,36,CAP-BEP,10,20,Services aux entreprises,Ouvrier,Temps complet,34.1,9,1641.0
4842,Homme,28,Bac+3/4,15,7,Administration publique,Cadre,Temps complet,39.1,2,3829.0
1162,Homme,47,Bac+5 ou plus,17,24,Commerce,Cadre,Temps complet,35.1,12,3212.0
171,Femme,28,Aucun diplôme,7,15,Services aux entreprises,Ouvrier,Temps complet,35.6,9,1485.0
3643,Homme,37,Bac+3/4,15,16,Services aux entreprises,Employé,Temps complet,40.2,8,2475.0
2807,Femme,30,Bac+2,14,10,Services aux entreprises,Employé,Temps complet,36.0,10,1663.0
2719,Homme,24,CAP-BEP,10,8,Enseignement,Ouvrier,Temps complet,38.4,8,
2113,F,44,Baccalauréat,12,26,Administration publique,Employé,Temps partiel,22.7,1,1029.0
319,Femme,23,Baccalauréat,12,5,Commerce,Employé,Temps complet,38.1,5,1726.0
1057,Homme,41,Aucun diplôme,7,28,Services aux entreprises,Ouvrier,Temps complet,35.0,4,1930.0
4034,Homme,37,CAP-BEP,10,21,Administration publique,Employé,Temps complet,34.0,21,2277.0
2056,Homme,27,Baccalauréat,12,9,Administration publique,Employé,Temps complet,36.4,9,1672.0
351,Femme,33,CAP-BEP,10,17,Industrie,Ouvrier,Temps complet,40.8,12,1250.0
3218,Homme,43,Bac+2,14,23,Administration publique,Employé,Temps complet,41.1,11,2511.0
2743,Homme,37,Bac+3/4,15,16,Santé - action sociale,Profession intermédiaire,Temps complet,34.7,13,3147.0
2984,Homme,35,Aucun diplôme,7,22,Services aux particuliers,Ouvrier,Temps partiel,17.0,9,815.0
3292,Femme,30,CAP-BEP,10,14,Administration publique,Employé,Temps complet,34.0,0,2192.0
4403,Homme,41,Bac+3/4,15,20,Industrie,Cadre,Temps partiel,23.7,16,2824.0
4263,Femme,29,CAP-BEP,10,13,Santé - action sociale,Employé,Temps complet,39.3,13,2663.0
549,Femme,33,Bac+5 ou plus,17,10,Enseignement,Profession intermédiaire,Temps complet,37.3,8,3290.0
2559,Femme,30,CAP-BEP,10,14,Services aux entreprises,Ouvrier,Temps partiel,24.9,6,961.0
3473,Femme,18,Aucun diplôme,7,5,Services aux particuliers,Ouvrier,Temps partiel,21.9,5,700.0
4819,Homme,35,Bac+2,14,15,Santé - action sociale,Employé,Temps complet,37.6,11,2068.0
2326,Homme,42,Baccalauréat,12,24,Services aux entreprises,Employé,Temps complet,34.0,10,4045.0
3140,Femme,24,CAP-BEP,10,8,Santé - action sociale,Ouvrier,Temps partiel,27.8,2,882.0
4836,Femme,31,Baccalauréat,12,13,Santé - action sociale,Employé,Temps partiel,32.6,3,1729.0
2259,Femme,38,Bac+5 ou plus,17,15,Commerce,Profession intermédiaire,Temps complet,34.0,14,2874.0
3011,Homme,43,Bac+2,14,23,Commerce,Employé,Temps complet,38.4,3,2317.0
2682,Femme,20,CAP-BEP,10,4,Construction,Ouvrier,Temps partiel,25.1,4,1024.0
885,Homme,22,Aucun diplôme,7,9,Industrie,Employé,Temps complet,37.2,5,2398.0
4859,Femme,54,Bac+5 ou plus,17,31,Commerce,Employé,Temps complet,34.0,17,1796.0
3799,Femme,37,Bac+3/4,15,16,Administration publique,Profession intermédiaire,Temps complet,38.1,7,2884.0
3737,Homme,31,CAP-BEP,10,15,Commerce,Ouvrier,Temps complet,37.4,7,1377.0
4821,Femme,20,Baccalauréat,12,2,Santé - action sociale,Employé,Temps complet,37.3,2,1465.0
2919,H,27,Bac+5 ou plus,17,4,Commerce,Profession intermédiaire,Temps complet,36.9,4,2706.0
3623,Femme,30,Bac+3/4,15,9,Santé - action sociale,Profession intermédiaire,Temps complet,35.5,2,2600.0
3853,Homme,39,CAP-BEP,10,23,Construction,Ouvrier,Temps complet,36.7,23,2235.0
1248,Homme,29,CAP-BEP,10,13,Industrie,Ouvrier,Temps complet,36.7,6,2080.0
201,Femme,24,Bac+3/4,15,3,Administration publique,Employé,Temps partiel,20.0,2,1234.0
227,Homme,51,Baccalauréat,12,33,Services aux entreprises,Employé,Temps partiel,26.3,2,2870.0
2935,Femme,40,Baccalauréat,12,22,Services aux entreprises,Employé,Temps partiel,20.7,13,1605.0
599,Homme,44,Bac+3/4,15,23,Services aux entreprises,Profession intermédiaire,Temps complet,38.4,10,3192.0
2564,Femme,34,Bac+3/4,15,13,Construction,Profession intermédiaire,Temps complet,39.8,13,2934.0
3275,Homme,33,Bac+3/4,15,12,Administration publique,Employé,Temps complet,34.0,11,1897.0
2060,Homme,33,Baccalauréat,12,15,Services aux particuliers,Employé,Temps partiel,31.4,2,2682.0
2278,Femme,28,Baccalauréat,12,10,Services aux entreprises,Employé,Temps partiel,19.1,3,
4001,Femme,32,Bac+3/4,15,11,Santé - action sociale,Employé,Temps complet,34.0,4,1958.0
3288,Femme,24,CAP-BEP,10,8,Santé - action sociale,Ouvrier,Temps partiel,29.9,2,1306.0
3124,Femme,26,Bac+2,14,6,Commerce,Profession intermédiaire,Temps complet,35.2,6,2473.0
1070,Homme,30,CAP-BEP,10,14,Services aux entreprises,Ouvrier,Temps complet,39.2,3,1547.0
2163,Homme,26,CAP-BEP,10,10,Industrie,Employé,Temps complet,34.0,10,2319.0
1129,Femme,21,Aucun diplôme,7,8,Construction,Ouvrier,Temps partiel,32.8,8,1294.0
96,Femme,32,Bac+5 ou plus,17,9,Services aux particuliers,Profession intermédiaire,Temps partiel,26.8,2,2352.0
832,Homme,41,Bac+5 ou plus,17,18,Administration publique,Cadre,Temps complet,34.2,6,4416.0
4266,Homme,23,Aucun diplôme,7,10,Industrie,Ouvrier,Temps complet,38.4,6,2344.0
3490,Femme,48,CAP-BEP,10,32,Commerce,Ouvrier,Temps complet,35.1,5,1882.0
3981,Homme,25,Bac+2,14,5,Services aux entreprises,Profession intermédiaire,Temps complet,35.5,5,3396.0
3824,Homme,45,Aucun diplôme,7,32,Industrie,Ouvrier,Temps complet,38.8,1,1291.0
3684,Femme,34,CAP-BEP,10,18,Santé - action sociale,Ouvrier,Temps complet,34.0,18,1757.0
4248,Femme,31,CAP-BEP,10,15,Administration publique,Ouvrier,Temps partiel,18.7,6,700.0
3880,Femme,34,Bac+5 ou plus,17,11,Santé - action sociale,Profession intermédiaire,Temps complet,36.5,11,2518.0
4029,Homme,36,Bac+3/4,15,15,Construction,Employé,Temps complet,36.0,2,1679.0
1551,Homme,42,Bac+5 ou plus,17,19,Santé - action sociale,Cadre,Temps complet,35.6,4,5847.0
2211,Homme,36,Baccalauréat,12,18,Santé - action sociale,Employé,Temps complet,40.1,18,2278.0
4298,Homme,37,Bac+2,14,17,Construction,Profession intermédiaire,Temps complet,34.0,3,3082.0
2007,Homme,32,Bac+3/4,15,11,Commerce,Employé,Temps complet,35.3,6,2061.0
1763,Homme,18,Aucun diplôme,7,5,Administration publique,Ouvrier,Temps complet,34.2,2,1526.0
2718,Homme,37,CAP-BEP,10,21,Enseignement,Ouvrier,Temps partiel,28.3,16,1508.0
622,Femme,24,Bac+3/4,15,3,Administration publique,Employé,Temps complet,34.9,3,
4350,Homme,33,Baccalauréat,12,15,Services aux entreprises,Employé,Temps complet,38.4,14,4304.0
408,Femme,25,CAP-BEP,10,9,Industrie,Ouvrier,Temps complet,37.3,9,1765.0
2551,Homme,30,Bac+5 ou plus,17,7,Industrie,Employé,Temps partiel,19.1,5,978.0
1061,Homme,30,Aucun diplôme,7,17,Santé - action sociale,Employé,Temps complet,34.0,8,2416.0
416,Femme,33,Baccalauréat,12,15,Services aux entreprises,Employé,Temps complet,36.5,4,1542.0
4839,Femme,25,Bac+5 ou plus,17,2,Services aux particuliers,Employé,Temps partiel,20.4,2,1349.0
3270,Homme,46,Bac+2,14,26,Enseignement,Employé,Temps complet,38.7,9,2314.0
1442,Homme,23,Aucun diplôme,7,10,Commerce,Ouvrier,Temps complet,39.9,5,1342.0
180,Femme,36,Bac+3/4,15,15,Santé - action sociale,Profession intermédiaire,Temps complet,36.8,8,3036.0
445,F,37,Bac+5 ou plus,17,14,Industrie,Profession intermédiaire,Temps partiel,15.9,4,1275.0
1445,Femme,19,Aucun diplôme,7,6,Services aux particuliers,Ouvrier,Temps complet,34.0,6,1196.0
566,Femme,28,CAP-BEP,10,12,Santé - action sociale,Ouvrier,Temps complet,36.4,4,1090.0
1492,Homme,20,CAP-BEP,10,4,Industrie,Ouvrier,Temps complet,36.8,4,1744.0
2649,Femme,34,CAP-BEP,10,18,Commerce,Ouvrier,Temps complet,38.4,8,1985.0
113,Femme,31,Baccalauréat,12,13,Industrie,Employé,Temps partiel,21.6,13,
1110,Homme,35,Baccalauréat,12,17,Industrie,Employé,Temps complet,35.2,14,1743.0
4439,Femme,32,Bac+3/4,15,11,Administration publique,Profession intermédiaire,Temps complet,35.4,3,3105.0
98,Homme,30,Baccalauréat,12,12,Santé - action sociale,Employé,Temps complet,34.6,12,2095.0
1969,Homme,26,Baccalauréat,12,8,Administration publique,Employé,Temps complet,38.0,8,3296.0
4059,Homme,20,CAP-BEP,10,4,Services aux particuliers,Ouvrier,Temps complet,37.3,4,1565.0
4903,Homme,34,Bac+3/4,15,13,Services aux entreprises,Cadre,Temps complet,38.0,3,3835.0
4686,F,25,Baccalauréat,12,7,Services aux entreprises,Employé,Temps complet,36.9,7,2007.0
4507,Femme,24,CAP-BEP,10,8,Services aux entreprises,Employé,Temps complet,37.8,5,
348,Femme,28,Bac+3/4,15,7,Santé - action sociale,Employé,Temps complet,34.4,7,1648.0
3593,Homme,35,Baccalauréat,12,17,Services aux entreprises,Employé,Temps partiel,27.5,11,2423.0
4892,Femme,32,Bac+3/4,15,11,Enseignement,Employé,Temps partiel,21.9,11,1400.0
4039,Femme,39,Bac+2,14,19,Services aux particuliers,Employé,Temps partiel,22.5,8,822.0
3702,Homme,33,CAP-BEP,10,17,Enseignement,Ouvrier,Temps complet,37.6,13,1726.0
4167,F,25,CAP-BEP,10,9,Services aux entreprises,Ouvrier,Temps partiel,29.0,3,1023.0
6,Femme,44,Aucun diplôme,7,31,Administration publique,Ouvrier,Temps complet,36.3,17,1963.0
4609,Homme,31,Bac+2,14,11,Administration publique,Profession intermédiaire,Temps complet,35.0,6,2420.0
3911,Homme,39,CAP-BEP,10,23,Services aux entreprises,Ouvrier,Temps complet,37.9,3,1857.0
766,F,40,Bac+2,14,20,Services aux particuliers,Employé,Temps complet,34.8,11,1646.0
4911,Femme,19,CAP-BEP,10,3,Administration publique,Ouvrier,Temps complet,40.6,3,1545.0
4389,Homme,42,CAP-BEP,10,26,Industrie,Ouvrier,Temps complet,42.4,2,
613,Femme,27,CAP-BEP,10,11,Industrie,Ouvrier,Temps partiel,17.0,1,700.0
4617,Homme,57,Bac+3/4,15,36,Santé - action sociale,Profession intermédiaire,Temps complet,38.9,2,2963.0
4326,Femme,31,Bac+5 ou plus,17,8,Construction,Profession intermédiaire,Temps complet,38.4,1,2788.0
4188,Femme,37,Baccalauréat,12,19,Industrie,Employé,Temps complet,34.9,14,1678.0
609,Homme,35,Bac+3/4,15,14,Services aux particuliers,Employé,Temps complet,34.0,11,1898.0
4844,Femme,27,CAP-BEP,10,11,Administration publique,Employé,Temps complet,34.6,5,2402.0
2960,Femme,33,Bac+2,14,13,Services aux entreprises,Employé,Temps complet,37.1,13,1926.0
3629,Femme,35,CAP-BEP,10,19,Santé - action sociale,Ouvrier,Temps complet,38.9,7,1923.0
3051,Femme,17,CAP-BEP,10,1,Services aux entreprises,Ouvrier,Temps partiel,21.3,1,1269.0
3941,Homme,28,Bac+2,14,8,Industrie,Employé,Temps complet,34.7,8,1770.0
1441,H,34,Baccalauréat,12,16,Enseignement,Employé,Temps complet,37.6,9,1537.0
970,Femme,59,Bac+3/4,15,38,Services aux entreprises,Profession intermédiaire,Temps complet,34.0,10,2571.0
242,Femme,33,Bac+2,14,13,Santé - action sociale,Employé,Temps complet,36.6,13,2252.0
4239,Homme,24,CAP-BEP,10,8,Construction,Ouvrier,Temps complet,35.6,5,935.0
2854,Homme,26,Bac+2,14,6,Services aux entreprises,Employé,Temps complet,34.0,6,2166.0
461,Femme,27,Bac+5 ou plus,17,4,Services aux entreprises,Employé,Temps partiel,17.5,4,1113.0
1300,Femme,17,Aucun diplôme,7,4,Commerce,Ouvrier,Temps partiel,19.4,4,
2162,Femme,34,Bac+2,14,14,Services aux particuliers,Employé,Temps complet,34.3,10,1365.0
1243,Femme,25,CAP-BEP,10,9,Services aux entreprises,Ouvrier,Temps partiel,29.6,5,891.0
2836,Homme,28,Baccalauréat,12,10,Commerce,Employé,Temps complet,37.6,7,
3281,Homme,42,Baccalauréat,12,24,Services aux particuliers,Employé,Temps complet,39.1,4,3028.0
4565,Homme,24,CAP-BEP,10,8,Services aux entreprises,Ouvrier,Temps partiel,18.8,8,700.0
4405,Homme,29,Bac+2,14,9,Santé - action sociale,Employé,Temps complet,34.0,3,2112.0
3549,Femme,20,CAP-BEP,10,4,Administration publique,Ouvrier,Temps complet,36.2,4,1241.0
4249,Femme,40,Baccalauréat,12,22,Enseignement,Employé,Temps complet,35.6,15,1807.0
2154,Femme,31,Aucun diplôme,7,18,Administration publique,Ouvrier,Temps complet,37.8,11,1286.0
3839,Homme,21,Baccalauréat,12,3,Commerce,Employé,Temps complet,38.7,3,2849.0
1169,Femme,23,Baccalauréat,12,5,Construction,Employé,Temps complet,36.1,5,1617.0
2246,Femme,20,Aucun diplôme,7,7,Services aux particuliers,Ouvrier,Temps complet,37.9,3,993.0
3332,Femme,33,Bac+5 ou plus,17,10,Services aux entreprises,Profession intermédiaire,Temps complet,35.6,5,2622.0
2855,Femme,16,Aucun diplôme,7,3,Administration publique,Ouvrier,Temps complet,34.0,2,955.0
1195,Homme,32,CAP-BEP,10,16,Services aux entreprises,Employé,Temps partiel,21.6,3,
4651,Homme,38,Baccalauréat,12,20,Commerce,Employé,Temps complet,34.4,5,2116.0
1019,Homme,20,Baccalauréat,12,2,Construction,Employé,Temps complet,34.0,1,1379.0
922,Homme,33,Baccalauréat,12,15,Santé - action sociale,Employé,Temps complet,39.4,2,3947.0
4445,F,44,Bac+3/4,15,23,Construction,Employé,Temps partiel,22.3,13,
1712,Femme,35,Bac+2,14,15,Enseignement,Employé,Temps complet,34.0,13,1854.0
3951,Homme,26,Aucun diplôme,7,13,Industrie,Ouvrier,Temps complet,37.3,8,
1182,Homme,32,Baccalauréat,12,14,Administration publique,Employé,Temps complet,34.4,14,1586.0
3452,Femme,56,Baccalauréat,12,38,Industrie,Employé,Temps complet,36.5,6,968.0
3353,Homme,32,Bac+3/4,15,11,Commerce,Cadre,Temps complet,42.6,1,
3552,Homme,41,Bac+3/4,15,20,Services aux entreprises,Employé,Temps complet,37.4,8,
3191,Femme,40,Bac+2,14,20,Services aux entreprises,Employé,Temps complet,36.7,19,1888.0
1835,Femme,34,Bac+3/4,15,13,Commerce,Employé,Temps complet,35.2,13,2246.0
977,H,28,CAP-BEP,10,12,Santé - action sociale,Employé,Temps complet,39.0,6,2728.0
1446,Femme,43,Baccalauréat,12,25,Services aux particuliers,Employé,Temps complet,39.7,1,2800.0
2367,Femme,40,Bac+5 ou plus,17,17,Services aux particuliers,Employé,Temps complet,38.1,15,2095.0
1038,Homme,35,Baccalauréat,12,17,Services aux particuliers,Employé,Temps complet,35.7,5,2818.0
688,H,35,Bac+5 ou plus,17,12,Enseignement,Employé,Temps complet,39.9,7,2543.0
194,Homme,32,CAP-BEP,10,16,Industrie,Ouvrier,Temps complet,38.3,9,1671.0
2567,Femme,29,Bac+3/4,15,8,Services aux entreprises,Employé,Temps complet,34.0,7,2253.0
2338,Homme,35,Bac+5 ou plus,17,12,Santé - action sociale,Employé,Temps complet,34.0,12,2291.0
463,Femme,35,Bac+2,14,15,Industrie,Profession intermédiaire,Temps complet,37.5,4,3753.0
901,Homme,38,CAP-BEP,10,22,Services aux particuliers,Employé,Temps complet,37.8,10,2408.0
2921,Homme,26,Baccalauréat,12,8,Santé - action sociale,Employé,Temps complet,36.7,5,3497.0
731,H,29,Bac+2,14,9,Industrie,Profession intermédiaire,Temps complet,35.5,5,2830.0
3111,Femme,34,Aucun diplôme,7,21,Services aux particuliers,Ouvrier,Temps partiel,19.0,12,
4458,Femme,36,Baccalauréat,12,18,Administration publique,Employé,Temps partiel,24.7,14,880.0
4529,Homme,51,Baccalauréat,12,33,Services aux entreprises,Employé,Temps complet,35.4,7,2716.0
475,Homme,20,Aucun diplôme,7,7,Services aux entreprises,Ouvrier,Temps complet,34.0,5,1827.0
2468,Homme,43,CAP-BEP,10,27,Enseignement,Employé,Temps complet,37.5,8,2630.0
2371,Homme,26,Bac+2,14,6,Santé - action sociale,Profession intermédiaire,Temps complet,36.9,4,4576.0
1657,Homme,28,CAP-BEP,10,12,Services aux particuliers,Ouvrier,Temps complet,41.5,6,2016.0
1506,Homme,29,Baccalauréat,12,11,Construction,Employé,Temps complet,35.8,2,2236.0
1364,Homme,32,Bac+2,14,12,Administration publique,Employé,Temps complet,34.0,2,1673.0
1828,Homme,34,CAP-BEP,10,18,Santé - action sociale,Ouvrier,Temps complet,36.6,7,1727.0
2127,Homme,49,Bac+5 ou plus,17,26,Santé - action sociale,Cadre,Temps partiel,18.9,3,1775.0
1721,Femme,23,CAP-BEP,10,7,Services aux entreprises,Ouvrier,Temps complet,39.5,7,2363.0
1032,Homme,49,Bac+5 ou plus,17,26,Commerce,Cadre,Temps complet,37.2,6,4439.0
1559,Femme,20,Aucun diplôme,7,7,Services aux entreprises,Ouvrier,Temps complet,35.6,7,
4075,Femme,23,Aucun diplôme,7,10,Services aux entreprises,Ouvrier,Temps complet,34.0,10,1090.0
1907,H,25,CAP-BEP,10,9,Industrie,Ouvrier,Temps complet,38.6,6,1872.0
3740,Homme,37,Bac+2,14,17,Santé - action sociale,Profession intermédiaire,Temps complet,37.3,10,2661.0
821,Femme,30,Bac+3/4,15,9,Commerce,Profession intermédiaire,Temps complet,37.8,9,2716.0
3657,Homme,25,CAP-BEP,10,9,Administration publique,Ouvrier,Temps complet,37.1,8,1663.0
4077,Homme,31,Bac+2,14,11,Santé - action sociale,Profession intermédiaire,Temps complet,37.5,11,3047.0
3896,Homme,16,Aucun diplôme,7,2,Services aux entreprises,Ouvrier,Temps complet,39.2,2,1072.0
1002,Homme,21,Aucun diplôme,7,8,Administration publique,Ouvrier,Temps complet,34.0,6,1379.0
691,Homme,45,Baccalauréat,12,27,Enseignement,Employé,Temps complet,34.6,6,2015.0
3507,Femme,36,Bac+5 ou plus,17,13,Construction,Employé,Temps complet,36.9,6,2472.0
2245,Homme,23,CAP-BEP,10,7,Commerce,Ouvrier,Temps complet,39.8,1,2376.0
3815,Femme,29,Baccalauréat,12,11,Construction,Employé,Temps complet,37.0,1,3639.0
3239,F,25,CAP-BEP,10,9,Services aux entreprises,Ouvrier,Temps complet,36.5,2,990.0
519,Femme,40,Baccalauréat,12,22,Enseignement,Employé,Temps complet,34.0,9,2894.0
4481,Homme,32,Baccalauréat,12,14,Construction,Employé,Temps partiel,28.3,14,2093.0
2500,Homme,29,Bac+2,14,9,Santé - action sociale,Employé,Temps complet,39.6,1,2276.0
1074,Femme,22,Bac+2,14,2,Industrie,Employé,Temps complet,38.9,2,1867.0
3885,Femme,26,CAP-BEP,10,10,Industrie,Ouvrier,Temps complet,36.9,4,1226.0
1047,Femme,28,CAP-BEP,10,12,Services aux entreprises,Ouvrier,Temps complet,37.6,3,1301.0
3871,Homme,26,CAP-BEP,10,10,Industrie,Ouvrier,Temps partiel,21.4,5,1246.0
2993,Femme,27,Bac+2,14,7,Santé - action sociale,Employé,Temps partiel,23.6,7,1600.0
300,Homme,22,Aucun diplôme,7,9,Santé - action sociale,Ouvrier,Temps complet,39.2,9,1582.0
2445,Femme,36,Bac+3/4,15,15,Commerce,Employé,Temps complet,37.9,2,1826.0
4926,Femme,49,Bac+3/4,15,28,Services aux entreprises,Cadre,Temps complet,38.4,28,3868.0
3241,Homme,45,Bac+2,14,25,Industrie,Profession intermédiaire,Temps complet,34.0,2,
2829,Femme,44,Bac+2,14,24,Services aux entreprises,Profession intermédiaire,Temps complet,37.9,3,4344.0
2745,Homme,40,Baccalauréat,12,22,Industrie,Employé,Temps complet,36.0,11,1758.0
3571,Femme,40,Bac+5 ou plus,17,17,Commerce,Profession intermédiaire,Temps complet,38.2,7,3066.0
3878,Homme,44,Baccalauréat,12,26,Services aux particuliers,Employé,Temps complet,35.7,18,2622.0
3477,Homme,25,CAP-BEP,10,9,Services aux entreprises,Employé,Temps complet,36.5,6,2755.0
4027,Femme,35,Baccalauréat,12,17,Santé - action sociale,Employé,Temps complet,36.3,5,1817.0
3705,Femme,45,Bac+3/4,15,24,Enseignement,Employé,Temps complet,35.0,5,1961.0
14,Homme,38,Bac+5 ou plus,17,15,Services aux particuliers,Employé,Temps complet,39.3,1,2569.0
2434,Homme,21,Aucun diplôme,7,8,Commerce,Ouvrier,Temps complet,36.6,7,1580.0
1013,Femme,16,Aucun diplôme,7,3,Santé - action sociale,Ouvrier,Temps complet,39.7,3,886.0
2015,Femme,32,Baccalauréat,12,14,Services aux particuliers,Employé,Temps partiel,19.8,4,
397,Homme,19,Aucun diplôme,7,6,Commerce,Ouvrier,Temps partiel,23.9,6,808.0
990,Homme,27,Baccalauréat,12,9,Santé - action sociale,Employé,Temps complet,34.7,9,1881.0
3962,Femme,37,Bac+5 ou plus,17,14,Services aux entreprises,Cadre,Temps complet,35.6,3,4351.0
2888,Femme,54,Baccalauréat,12,36,Commerce,Employé,Temps complet,40.7,7,1709.0
625,Homme,25,Baccalauréat,12,7,Administration publique,Employé,Temps complet,38.7,2,2830.0
3696,Femme,58,CAP-BEP,10,42,Administration publique,Ouvrier,Temps partiel,16.9,2,931.0
1491,Homme,34,CAP-BEP,10,18,Santé - action sociale,Ouvrier,Temps complet,39.8,14,1663.0
665,Homme,27,CAP-BEP,10,11,Services aux particuliers,Ouvrier,Temps complet,37.9,3,987.0
4845,Homme,27,Aucun diplôme,7,14,Administration publique,Ouvrier,Temps complet,43.2,11,1788.0
1403,Homme,33,Bac+3/4,15,12,Administration publique,Employé,Temps complet,36.8,12,2298.0
2267,Homme,35,Bac+2,14,15,Administration publique,Employé,Temps partiel,10.5,5,700.0
4736,Homme,29,Bac+2,14,9,Services aux particuliers,Employé,Temps complet,34.2,9,1544.0
581,Femme,28,Aucun diplôme,7,15,Services aux particuliers,Ouvrier,Temps complet,38.5,13,1148.0
2821,Femme,44,Aucun diplôme,7,31,Commerce,Ouvrier,Temps complet,34.4,3,1327.0
760,Femme,32,Bac+2,14,12,Industrie,Employé,Temps complet,37.1,2,2115.0
3164,Homme,33,Baccalauréat,12,15,Industrie,Employé,Temps complet,38.3,10,2566.0
2620,Homme,26,Baccalauréat,12,8,Services aux entreprises,Employé,Temps complet,37.8,8,1654.0
2063,Femme,38,Bac+5 ou plus,17,15,Santé - action sociale,Employé,Temps partiel,19.0,7,1105.0
2120,Femme,34,CAP-BEP,10,18,Industrie,Ouvrier,Temps complet,35.8,6,1257.0
2078,Femme,39,Baccalauréat,12,21,Industrie,Employé,Temps complet,37.3,8,1358.0
212,Homme,46,Bac+5 ou plus,17,23,Services aux particuliers,Cadre,Temps complet,36.1,4,3383.0
974,Homme,45,Bac+5 ou plus,17,22,Administration publique,Profession intermédiaire,Temps complet,37.8,20,2992.0
42,Femme,52,Baccalauréat,12,34,Santé - action sociale,Employé,Temps complet,34.4,9,1796.0
1368,Femme,32,Bac+2,14,12,Commerce,Employé,Temps partiel,30.8,6,1538.0
3139,Femme,29,CAP-BEP,10,13,Services aux entreprises,Ouvrier,Temps partiel,14.9,6,861.0
2049,Homme,31,Aucun diplôme,7,18,Enseignement,Ouvrier,Temps complet,34.8,10,1859.0
2536,Homme,36,Bac+3/4,15,15,Administration publique,Profession intermédiaire,Temps complet,35.8,14,2647.0
1268,Femme,39,Baccalauréat,12,21,Services aux entreprises,Employé,Temps complet,41.2,7,3384.0
3859,Femme,48,Bac+2,14,28,Administration publique,Profession intermédiaire,Temps complet,37.6,4,3196.0
258,Femme,38,Bac+3/4,15,17,Administration publique,Profession intermédiaire,Temps complet,34.3,5,2459.0
4995,Femme,29,Bac+2,14,9,Enseignement,Employé,Temps partiel,20.8,3,1265.0
2182,Femme,37,Baccalauréat,12,19,Services aux entreprises,Employé,Temps complet,34.3,5,2267.0
982,Femme,27,Bac+2,14,7,Commerce,Employé,Temps complet,34.5,7,1589.0
2071,Homme,27,Bac+2,14,7,Construction,Employé,Temps partiel,21.1,7,1267.0
2998,Femme,43,Baccalauréat,12,25,Construction,Employé,Temps complet,37.9,7,1341.0
612,Femme,22,CAP-BEP,10,6,Commerce,Ouvrier,Temps complet,36.0,6,1690.0
1612,Femme,37,Aucun diplôme,7,24,Services aux entreprises,Ouvrier,Temps partiel,23.1,17,1247.0
1645,Femme,33,Bac+3/4,15,12,Industrie,Profession intermédiaire,Temps complet,37.5,1,2842.0
2521,Femme,30,Bac+3/4,15,9,Enseignement,Profession intermédiaire,Temps complet,34.7,9,2799.0
1457,Femme,29,Bac+2,14,9,Commerce,Employé,Temps complet,36.3,5,
4572,Homme,33,Bac+5 ou plus,17,10,Administration publique,Employé,Temps complet,35.2,1,
4710,Homme,25,Bac+3/4,15,4,Industrie,Employé,Temps complet,37.0,1,1838.0
2950,Homme,22,Bac+3/4,15,1,Services aux particuliers,Employé,Temps complet,41.1,1,2406.0
4477,Homme,25,Bac+5 ou plus,17,2,Services aux particuliers,Employé,Temps partiel,22.1,2,1471.0
2704,Homme,42,Bac+2,14,22,Commerce,Profession intermédiaire,Temps complet,37.9,5,2840.0
4286,Femme,27,Baccalauréat,12,9,Commerce,Employé,Temps complet,35.2,6,2012.0
1869,H,44,Aucun diplôme,7,31,Services aux particuliers,Ouvrier,Temps complet,38.2,9,2044.0
2126,Homme,37,Aucun diplôme,7,24,Commerce,Ouvrier,Temps complet,34.0,3,1113.0
1480,Homme,44,CAP-BEP,10,28,Services aux entreprises,Ouvrier,Temps complet,37.7,13,2162.0
3002,F,29,Aucun diplôme,7,16,Administration publique,Employé,Temps partiel,28.7,12,2050.0
1175,Homme,40,Bac+2,14,20,Administration publique,Employé,Temps complet,36.1,5,2320.0
177,Femme,28,Aucun diplôme,7,15,Administration publique,Ouvrier,Temps complet,36.5,6,1543.0
1484,Femme,26,CAP-BEP,10,10,Industrie,Ouvrier,Temps complet,36.1,4,1856.0
3314,Femme,34,Bac+5 ou plus,17,11,Services aux entreprises,Employé,Temps partiel,18.4,4,1253.0
2709,Femme,36,Bac+3/4,15,15,Industrie,Employé,Temps partiel,20.0,5,1325.0
4430,Femme,37,Baccalauréat,12,19,Construction,Employé,Temps complet,38.5,8,2409.0
219,Femme,30,Aucun diplôme,7,17,Industrie,Ouvrier,Temps complet,37.0,4,1101.0
3755,Homme,25,Baccalauréat,12,7,Santé - action sociale,Employé,Temps complet,36.0,2,2390.0
1313,Homme,48,Bac+5 ou plus,17,25,Administration publique,Cadre,Temps complet,34.3,12,
158,Homme,33,Baccalauréat,12,15,Administration publique,Employé,Temps complet,34.3,5,1965.0
2823,Homme,25,Bac+2,14,5,Administration publique,Employé,Temps complet,37.0,5,1759.0
1961,Femme,58,Aucun diplôme,7,45,Construction,Ouvrier,Temps complet,38.1,11,1693.0
2556,Homme,21,CAP-BEP,10,5,Commerce,Ouvrier,Temps complet,35.0,5,1042.0
3573,Femme,43,Bac+2,14,23,Services aux entreprises,Profession intermédiaire,Temps complet,37.4,7,3811.0
1597,Femme,46,Bac+3/4,15,25,Administration publique,Profession intermédiaire,Temps complet,34.0,4,2710.0
430,Homme,35,Bac+5 ou plus,17,12,Services aux particuliers,Profession intermédiaire,Temps complet,35.3,4,3171.0
3726,Femme,199,Bac+5 ou plus,17,9,Services aux entreprises,Profession intermédiaire,Temps partiel,26.2,9,1851.0
1111,Femme,37,Bac+3/4,15,16,Services aux entreprises,Profession intermédiaire,Temps complet,36.5,7,
4621,Femme,27,CAP-BEP,10,11,Santé - action sociale,Employé,Temps complet,35.5,11,2242.0
512,Homme,32,Bac+3/4,15,11,Services aux entreprises,Cadre,Temps complet,37.4,8,3872.0
1377,Homme,42,Bac+2,14,22,Construction,Profession intermédiaire,Temps complet,37.6,14,2654.0
2818,Femme,30,Bac+3/4,15,9,Santé - action sociale,Employé,Temps complet,39.3,5,2364.0
4885,Femme,31,Baccalauréat,12,13,Santé - action sociale,Employé,Temps complet,38.7,9,2288.0
4338,Femme,36,Bac+2,14,16,Enseignement,Employé,Temps complet,38.7,4,2606.0
4855,Homme,32,Baccalauréat,12,14,Services aux entreprises,Employé,Temps complet,36.5,9,
1990,Femme,28,Bac+2,14,8,Services aux entreprises,Employé,Temps complet,35.9,5,2191.0
3901,Homme,51,Bac+2,14,31,Administration publique,Profession intermédiaire,Temps complet,35.6,10,2695.0
4974,H,41,Bac+3/4,15,20,Commerce,Profession intermédiaire,Temps complet,36.0,6,2954.0
2418,Homme,25,Aucun diplôme,7,12,Services aux entreprises,Ouvrier,Temps complet,37.5,12,1180.0
2477,Femme,25,CAP-BEP,10,9,Services aux entreprises,Ouvrier,Temps complet,37.6,3,2053.0
460,Homme,36,Bac+5 ou plus,17,13,Industrie,Profession intermédiaire,Temps complet,36.6,12,3092.0
701,Femme,23,Baccalauréat,12,5,Administration publique,Employé,Temps complet,37.9,5,2047.0
1036,Homme,23,Baccalauréat,12,5,Commerce,Employé,Temps complet,34.8,5,1573.0
456,Femme,28,Aucun diplôme,7,15,Commerce,Ouvrier,Temps partiel,23.2,7,721.0
3330,Homme,29,Aucun diplôme,7,16,Santé - action sociale,Ouvrier,Temps complet,35.8,7,1317.0
3512,Homme,43,Baccalauréat,12,25,Services aux entreprises,Employé,Temps complet,35.6,21,2431.0
2969,Femme,41,Bac+3/4,15,20,Administration publique,Profession intermédiaire,Temps complet,35.6,2,2703.0
2458,Femme,38,Bac+3/4,15,17,Commerce,Employé,Temps complet,35.7,9,2260.0
1634,Femme,31,Bac+3/4,15,10,Santé - action sociale,Employé,Temps partiel,14.1,3,828.0
338,Femme,44,CAP-BEP,10,28,Services aux entreprises,Ouvrier,Temps partiel,28.6,8,826.0
378,Femme,39,Bac+3/4,15,18,Enseignement,Cadre,Temps complet,36.1,5,4400.0
4989,Homme,27,CAP-BEP,10,11,Santé - action sociale,Employé,Temps complet,38.3,9,2615.0
2406,Homme,37,Baccalauréat,12,19,Industrie,Employé,Temps complet,36.9,14,1946.0
155,Femme,37,Bac+2,14,17,Commerce,Employé,Temps partiel,19.1,5,1166.0
1373,Femme,36,Bac+2,14,16,Santé - action sociale,Employé,Temps complet,38.2,4,2351.0
792,Homme,35,Baccalauréat,12,17,Administration publique,Employé,Temps complet,37.7,14,
4135,Homme,29,Baccalauréat,12,11,Administration publique,Employé,Temps complet,35.5,5,1333.0
2725,Homme,30,Bac+2,14,10,Services aux entreprises,Profession intermédiaire,Temps complet,35.6,10,3347.0
3176,Homme,35,Bac+5 ou plus,17,12,Construction,Profession intermédiaire,Temps complet,35.5,11,2978.0
589,Homme,30,Baccalauréat,12,12,Santé - action sociale,Employé,Temps complet,36.8,7,1331.0
3035,Femme,30,Bac+3/4,15,9,Construction,Cadre,Temps complet,37.3,2,3500.0
3644,Femme,35,Bac+3/4,15,14,Industrie,Cadre,Temps complet,34.9,10,4218.0
2171,Homme,30,Baccalauréat,12,12,Services aux entreprises,Employé,Temps complet,35.1,4,1218.0
2492,Homme,29,Bac+2,14,9,Administration publique,Employé,Temps complet,38.3,8,2600.0
2180,Femme,34,CAP-BEP,10,18,Services aux particuliers,Ouvrier,Temps complet,37.8,7,1051.0
4468,F,25,Aucun diplôme,7,12,Santé - action sociale,Ouvrier,Temps partiel,28.5,8,1226.0
563,F,35,Bac+3/4,15,14,Construction,Profession intermédiaire,Temps complet,37.7,0,2903.0
110,Homme,37,Bac+3/4,15,16,Enseignement,Employé,Temps complet,34.9,4,1254.0
3736,Homme,30,Bac+5 ou plus,17,7,Services aux particuliers,Employé,Temps complet,34.0,1,1944.0
4741,H,39,Bac+2,14,19,Commerce,Profession intermédiaire,Temps complet,34.5,15,3402.0
406,H,38,Bac+3/4,15,17,Enseignement,Profession intermédiaire,Temps complet,34.0,5,2865.0
1247,Homme,22,Baccalauréat,12,4,Commerce,Employé,Temps complet,34.4,4,2105.0
860,Femme,24,CAP-BEP,10,8,Services aux entreprises,Ouvrier,Temps complet,37.2,3,1874.0
3819,H,33,Bac+3/4,15,12,Enseignement,Employé,Temps complet,38.9,12,2295.0
2194,Femme,34,Baccalauréat,12,16,Services aux particuliers,Employé,Temps partiel,23.2,12,767.0
739,Femme,20,Aucun diplôme,7,7,Services aux particuliers,Ouvrier,Temps complet,40.2,7,
1744,Femme,48,Bac+3/4,15,27,Commerce,Employé,Temps complet,37.9,10,2213.0
4238,Femme,51,Aucun diplôme,7,38,Services aux particuliers,Ouvrier,Temps complet,36.9,7,1149.0
1832,Homme,26,CAP-BEP,10,10,Industrie,Employé,Temps partiel,25.8,10,1697.0
2139,Femme,37,Bac+2,14,17,Commerce,Profession intermédiaire,Temps complet,40.0,2,3737.0
1317,Femme,23,Baccalauréat,12,5,Services aux entreprises,Employé,Temps complet,36.4,5,1746.0
4485,Homme,28,Aucun diplôme,7,15,Enseignement,Ouvrier,Temps complet,35.9,13,1890.0
3108,F,28,Bac+2,14,8,Commerce,Employé,Temps complet,37.0,1,1490.0
1821,Homme,60,CAP-BEP,10,44,Administration publique,Ouvrier,Temps complet,35.2,8,1088.0
4419,Homme,24,CAP-BEP,10,8,Services aux entreprises,Employé,Temps complet,37.1,6,2571.0
806,Homme,45,Bac+5 ou plus,17,22,Administration publique,Cadre,Temps complet,38.0,1,6584.0
1560,Homme,33,Bac+2,14,13,Administration publique,Profession intermédiaire,Temps complet,36.4,13,2730.0
3980,H,36,Bac+2,14,16,Services aux entreprises,Employé,Temps complet,38.9,3,2474.0
3565,Femme,33,Aucun diplôme,7,20,Commerce,Ouvrier,Temps complet,37.8,7,1334.0
2133,Homme,32,CAP-BEP,10,16,Services aux entreprises,Ouvrier,Temps complet,37.0,7,1475.0
3627,Femme,36,Baccalauréat,12,18,Commerce,Employé,Temps complet,38.0,3,3243.0
197,Homme,35,Baccalauréat,12,17,Commerce,Employé,Temps complet,38.7,9,2302.0
4896,Femme,39,Baccalauréat,12,21,Services aux entreprises,Employé,Temps complet,37.2,3,1311.0
4110,Femme,30,Aucun diplôme,7,17,Commerce,Ouvrier,Temps complet,40.3,2,1589.0
3450,Femme,63,Bac+2,14,43,Enseignement,Employé,Temps complet,37.2,1,1341.0
4306,Homme,58,Baccalauréat,12,40,Industrie,Employé,Temps complet,36.7,14,3181.0
3037,Femme,28,Aucun diplôme,7,15,Services aux entreprises,Ouvrier,Temps complet,39.1,4,1312.0
1328,Homme,29,Bac+3/4,15,8,Construction,Employé,Temps complet,36.9,8,
4975,Homme,43,Bac+5 ou plus,17,20,Administration publique,Cadre,Temps partiel,28.6,8,3060.0
4040,Femme,40,Bac+5 ou plus,17,17,Commerce,Cadre,Temps complet,36.9,17,3456.0
2281,Homme,44,Baccalauréat,12,26,Services aux particuliers,Employé,Temps partiel,22.9,6,700.0
2274,F,28,Bac+2,14,8,Services aux particuliers,Employé,Temps partiel,24.7,8,1200.0
2930,Homme,33,Bac+3/4,15,12,Administration publique,Cadre,Temps complet,37.7,8,4031.0
1407,Femme,45,Aucun diplôme,7,32,Services aux particuliers,Ouvrier,Temps partiel,25.1,0,1128.0
2677,Femme,26,Aucun diplôme,7,13,Enseignement,Ouvrier,Temps partiel,26.0,7,808.0
2738,Homme,29,CAP-BEP,10,13,Enseignement,Employé,Temps complet,39.9,12,3493.0
1459,Femme,22,CAP-BEP,10,6,Santé - action sociale,Employé,Temps complet,40.1,1,
4495,H,38,Bac+2,14,18,Administration publique,Profession intermédiaire,Temps complet,38.7,7,3819.0
1007,Homme,30,Bac+5 ou plus,17,7,Administration publique,Profession intermédiaire,Temps complet,35.1,7,3106.0
4675,Homme,30,CAP-BEP,10,14,Industrie,Ouvrier,Temps complet,37.1,11,
2501,Homme,29,Baccalauréat,12,11,Services aux entreprises,Employé,Temps complet,34.4,6,2920.0
1974,H,26,Aucun diplôme,7,13,Administration publique,Ouvrier,Temps complet,37.6,5,2050.0
4800,F,31,CAP-BEP,10,15,Enseignement,Ouvrier,Temps partiel,22.9,6,1339.0
245,Homme,17,Aucun diplôme,7,4,Services aux entreprises,Ouvrier,Temps partiel,23.0,4,1146.0
3818,Femme,31,Baccalauréat,12,13,Commerce,Employé,Temps partiel,23.6,13,769.0
1197,Homme,26,Aucun diplôme,7,13,Services aux particuliers,Ouvrier,Temps complet,39.4,13,2091.0
1723,Femme,35,Baccalauréat,12,17,Administration publique,Employé,Temps complet,38.6,10,
57,Femme,26,CAP-BEP,10,10,Industrie,Ouvrier,Temps complet,34.0,2,1379.0
604,H,36,Bac+5 ou plus,17,13,Enseignement,Cadre,Temps complet,36.3,4,4709.0
2832,F,22,Baccalauréat,12,4,Services aux entreprises,Employé,Temps partiel,22.8,2,
3121,Femme,25,Baccalauréat,12,7,Santé - action sociale,Employé,Temps partiel,30.7,7,1506.0
293,Femme,25,Aucun diplôme,7,12,Services aux entreprises,Ouvrier,Temps partiel,16.3,8,700.0
296,Femme,46,Bac+3/4,15,25,Construction,Employé,Temps complet,35.3,5,2217.0
3395,Femme,50,Bac+3/4,15,29,Services aux particuliers,Profession intermédiaire,Temps complet,37.2,3,
1808,Femme,25,Baccalauréat,12,7,Commerce,Employé,Temps complet,35.9,4,1391.0
835,Homme,20,CAP-BEP,10,4,Commerce,Ouvrier,Temps complet,36.8,4,904.0
2147,Femme,26,CAP-BEP,10,10,Services aux entreprises,Ouvrier,Temps complet,34.0,3,1037.0
4240,Homme,34,Aucun diplôme,7,21,Santé - action sociale,Ouvrier,Temps complet,35.9,10,1216.0
882,Homme,43,CAP-BEP,10,27,Services aux particuliers,Employé,Temps partiel,32.7,2,
330,Homme,36,Baccalauréat,12,18,Construction,Employé,Temps complet,34.0,18,1515.0
4563,Homme,37,CAP-BEP,10,21,Services aux particuliers,Ouvrier,Temps complet,37.4,4,1649.0
2732,Femme,25,Baccalauréat,12,7,Santé - action sociale,Employé,Temps complet,40.1,3,1576.0
892,Homme,30,CAP-BEP,10,14,Industrie,Ouvrier,Temps complet,38.6,7,1736.0
936,H,32,Baccalauréat,12,14,Santé - action sociale,Employé,Temps complet,38.8,10,2337.0
249,Femme,35,Bac+2,14,15,Santé - action sociale,Profession intermédiaire,Temps complet,37.6,7,2695.0
4618,Femme,33,Baccalauréat,12,15,Services aux entreprises,Employé,Temps complet,38.8,2,2107.0
995,F,24,Bac+2,14,4,Commerce,Employé,Temps partiel,23.9,4,1399.0
2332,Homme,54,Bac+3/4,15,33,Administration publique,Cadre,Temps partiel,21.3,6,2361.0
4030,Femme,27,CAP-BEP,10,11,Services aux particuliers,Ouvrier,Temps complet,34.9,10,700.0
2589,Femme,35,Baccalauréat,12,17,Enseignement,Employé,Temps complet,36.5,14,1537.0
2800,Homme,21,Aucun diplôme,7,8,Commerce,Ouvrier,Temps complet,38.5,8,1013.0
3892,Homme,35,Bac+5 ou plus,17,12,Santé - action sociale,Cadre,Temps complet,36.8,6,3512.0
1501,H,30,Baccalauréat,12,12,Santé - action sociale,Employé,Temps complet,35.2,12,2454.0
157,Homme,30,Aucun diplôme,7,17,Administration publique,Ouvrier,Temps complet,37.5,17,1668.0
1164,Homme,22,Aucun diplôme,7,9,Services aux particuliers,Ouvrier,Temps complet,37.8,9,1927.0
